Tools,URL,Paper,Approach,Selected,C1,C2,C3,C4,(86) Ethereum Smart Contract Analysis Tools: A Systematic Review,(42) Empirical Review of Smart Contract and DeFi Security: Vulnerability Detection and Automated Repair,"(35) Empirical Review of Automated Analysis Tools on 47,587 Ethereum Smart Contracts","(26) A systematic literature review of blockchain and smart contract development: Techniques, tools, and open challenges",(25) Verification of smart contracts: A survey,(27) A Survey of Tools for Analyzing Ethereum Smart Contracts,(3) Evaluation of Contemporary Smart Contract Analysis Tools,(5) Turn the Rudder: A Beacon of Reentrancy Detection for Smart Contracts on Ethereum,(12) An Analysis of Important Factors Affecting the Success of Blockchain Smart Contract Security Vulnerability Scanning Tools,(27) Empirical Evaluation of Smart Contract Testing: What Is the Best Choice?,(27) Detection of Vulnerabilities of Blockchain Smart Contracts,(140) Review of Automated Vulnerability Analysis of Smart Contracts on Ethereum,,(14) Towards Safer Smart Contracts: A Survey of Languages and Verification Methods.,(3) Testing Ethereum Smart Contracts: A Comparison of Symbolic Analysis and Fuzz Testing Tools.,(4) Technical Usability Assessment of Security Analysis Tools for Ethereum Based Smart Contracts.,(6) Survey of Formal Verification Methods for Smart Contracts on Blockchain.,(9) Static Analysis Tools Applied to Smart Contracts.,(29) Smart Contract Vulnerability Detection Technique: A Survey.,(5) Smart Contract and DeFi Security: Insights from Tool Evaluations and Practitioner Surveys.,(11) Security Analysis Methods on Ethereum Smart Contract Vulnerabilities: A Survey.,(9) On the Verification of Smart Contracts: A Systematic Review.,(1) On the Efficacy of Smart Contract Analysis Tools.,(6) Investigating Security Vulnerabilities and Tools of Blockchain Smart Contract: A Review.,(6) How effective are smart contract analysis tools? evaluating smart contract static analysis tools using bug injection.,(14) Foundations and Tools for the Static Analysis of Ethereum Smart Contracts.,(9) Formal Methods for the Verification of Smart Contracts: A Review.,(11) Evaluation of Tools for Analyzing Smart Contracts in Distributed Ledger Technologies.,(9) Evaluation of Smart Contract Vulnerability Analysis Tools: A Domain-Specific Perspective.,(4) Empirical vulnerability analysis of automated smart contracts security testing on blockchains.,(9) Detecting Vulnerabilities in Smart Contract within Blockchain: A Review and Comparative Analysis of Key Approaches.,(56) Detecting functional and security-related issues in smart contracts: A systematic literature review.,(3) Comparing smart contract vulnerability detection tools.,(3) An Empirical Evaluation of the Effectiveness of Smart Contract Verification Tools.,(2) An Empirical Study of Impact of Solidity Compiler Updates on Vulnerabilities in Ethereum Smart Contracts.,(21) A User-Centric Evaluation of Smart Contract Analysis Tools in Decentralised Finance (DeFi).,"(36) A survey on smart contract vulnerabilities: Data sources, detection and repair.",(5) A Survey on Formal Verification for Solidity Smart Contracts.,(9) A Survey on Security Verification of Blockchain Smart Contracts.,(13) A Survey on Automatic Discover Approach by Using Static Analysis for Smart Contract Vulnerability.,(67) A Survey of Smart Contract Formal Specification and Verification.,(12) A survey of security vulnerabilities in ethereum smart contracts.,(10) A Comparative Evaluation of Automated Analysis Tools for Solidity Smart Contracts.,"(21) A Survey of Verification, Validation and Testing Solutions for Smart Contracts."
Conkas,https://github.com/nveloso/conkas,N,Symbolic Execution,4,1,1,1,1,64,,,,,,,,,,,9,3,,,,,,,,,,,,,,,,6,,,,,,,,,,,,,,8,
Ethainter,https://doi.org/10.5281/zenodo.3760402,Ethainter: A smart contract security analyzer for composite vulnerabilities,Constraint Solving,4,1,1,1,1,4,,,,,,,,,,,30,17,,,,,,,,,,,,,,1,,,,,,,,,17,,,,,17,,,
eThor,https://secpriv.wien/ethor/,EThor: Practical and provably sound static analysis of Ethereum smart contracts,Constraint Solving,4,1,1,1,1,45,,,,,,,,,,,37,22,,,,,,,,,,,,,,,,,,,,,,,,,,,,52,,,
TMP,https://github.com/Messi-Q/GNNSCVulDetector,Smart contract vulnerability detection using graph neural network,Deep Learning,4,1,1,1,1,,32,,,,,,,,,25,57,31,,,,,,26,,,,,,,,,,,,,,,,,,,,,11,,,9,
HoneyBadger,https://github.com/christoftorres/HoneyBadger,The art of the scam: Demystifying honeypots in Ethereum smart contracts,Symbolic Execution,4,1,1,1,1,49,11,11,,,,,,,8,,59,33,,,,,7,,,,,,,,,,,1,,,,,,,,,,,,57,,,
SaferSC,https://github.com/wesleyjtann/Safe-SmartContracts,Towards safer smart contracts: A sequence learning approach to detecting security threats,Deep Learning,4,1,1,1,1,,23,,,,,,,,,22,67,41,,,,,,23,,,,,,,,,,,,,,,,,,,,,,,,,
MadMax,https://github.com/nevillegrech/MadMax,MadMax: Surviving out-of-gas conditions in Ethereum smart contracts,Intermediate Representation,4,1,1,1,1,51,,13,4,23,,,,9,10,16,68,42,,,,,,19,,,,,,,,,,,,9,6,,,,,,,,,27,,,
Mythril,https://github.com/Consensys/mythril,A framework for bug hunting on the ethereum blockchain,Static Analysis+Symbolic Execution,4,1,1,1,1,52,17,16,,18,10,1,2,1,13,7,78,46,2,2,1,,4,7,2,,,1,6,4,6,,1,7,2,,,,3,2,7,4,,,8,46,1,3,3
Osiris,https://github.com/christoftorres/Osiris,Osiris: Hunting for Integer Bugs in Ethereum Smart Contracts,Symbolic Execution+Taint Analysis,4,1,1,1,1,54,19,18,,19,11,,,,14,20,84,49,,,,,6,8,,,,,,,,,,2,,,32,2,,,,2,5,,,24,,,6
Oyente,https://github.com/enzymefinance/oyente,Making smart contracts smarter,Symbolic Execution,4,1,1,1,1,55,18,19,15,13,12,,1,2,15,4,85,50,3,,3,6,5,6,3,1,,,,1,1,,5,5,1,1,30,1,,,3,1,4,,,39,3,4,1
RA,https://github.com/wanidon/RA,RA: Hunting for reentrancy attacks in Ethereum smart contracts via static analysis,Symbolic Execution,4,1,1,1,1,57,,,5,,,,,,,,89,52,,,,,,,,,,,,,,,,,,,,,,,,,,,,,,,
Securify,https://github.com/eth-sri/securify,Securify: Practical security analysis of smart contracts,Symbolic Execution,4,1,1,1,1,59,24,26,18,22,16,3,3,5,19,6,99,57,1,,,,1,11,,6,,,5,2,5,,6,,3,5,2,,,,,13,,,,58,9,1,5
Slither,https://github.com/crytic/slither,Slither: A static analysis framework for smart contracts,Intermediate Representation,4,1,1,1,1,18,30,27,17,16,,2,,7,22,14,105,61,,,2,,3,17,4,,,,2,6,,,2,8,,,47,3,2,,10,22,,,7,23,,7,12
Smart Contract  Analyzer,https://github.com/sjmini/icse2020-Solidity,Gap between theory and practice: An empirical study of security patches in solidity.,,4,1,1,1,1,,,,,,,,,,,,106,62,,,,,,,,,,,,,,,,,,,,,,,,,,,,,,,
SmartCheck,https://github.com/smartdec/smartcheck,SmartCheck: Static analysis of Ethereum smart contracts,Intermediate Representation,4,1,1,1,1,21,28,28,3,15,17,,,8,23,18,110,65,,,,,9,21,,,,,,3,8,,7,4,4,4,31,,,1,4,24,,,6,,7,,4
Solhint,https://github.com/protofire/solhint,N,Code Instrumentation,4,1,1,1,1,30,,30,,,,,,,,,121,71,,,,,,,5,,,,,,,,,3,,,,,,,,,,,,,,,
SolidityCheck,https://github.com/xf97/SolidityCheck,SolidityCheck : Quickly detecting smart contract problems through regular expressions,Static Analysis,4,1,1,1,1,32,,,,,,,,,24,,127,76,,,,,,,,,,,,,,,,,,,,,,,,,,,,,,,
teEther,https://github.com/nescio007/teether,teEther: Gnawing at Ethereum to automatically exploit smart contracts,Symbolic Execution,4,1,1,1,1,61,31,32,16,,26,,,,,8,132,80,,,,,,12,,,,,,,,,,,,7,27,,,,,,,,,33,,,
Vandal,https://github.com/usyd-blockchain/vandal,Vandal: A scalable security analysis framework for smart contracts,Intermediate Representation,4,1,1,1,1,62,33,33,,20,20,,,10,,15,134,81,,,,,,18,,4,,,,,,,,,,8,,,,,,,,,,18,10,,17
VeriSmart,https://github.com/kupl/VeriSmart-public,VERISMART: A highly precise safety verifier for Ethereum smart contracts,Static Analysis,4,1,1,1,1,34,34,,,,,,,,25,,135,82,,,,,,,,,,,,,,,,,,,,,,,,,,,,55,,2,
ConCert,https://github.com/AU-COBRA/ConCert/tree/artefact,Concert: A smart contract certification framework in coq,,3,0,1,1,1,,,,,,,,,,,,8,2,,,,,,,,,,,,,,,,,,,,,,,,,,,,7,,,
ContractFuzzer,https://github.com/gongbell/ContractFuzzer,ContractFuzzer: Fuzzing smart contracts for vulnerability detection,Fuzzing,3,1,0,1,1,74,3,,19,24,,,,11,3,10,11,5,,,,,,14,,,,,,,,,,,,6,49,,,,,14,,,,,4,,
VULTRON,https://github.com/ntu-SRSLab/vultron,VULTRON: Catching vulnerable smart contracts once and for all,Fuzzing,3,1,0,1,1,73,4,,,,,,,,,,18,8,,,,,,,,,,,,,,,,,,,15,,,,,,,,,,,,
DappGuard,https://github.com/cookt/857final,DappGuard: Active Monitoring and Defense for Solidity Smart Contracts,,3,1,0,1,1,,,,,,,,,,,,20,9,,,,,,,,,,,,,13,,,,,,,,,,,,,,,,,,
DefectChecker,https://github.com/Jiachi-Chen/DefectChecker/,DEFECTCHECKER: Automated smart contract defect detection by analyzing evm bytecode,,3,1,1,0,1,38,7,,,,,,,,5,,22,10,,,,,,,,,,,,,,,,,,,,,,,,,,,,,,,
E-EVM,https://github.com/microsoft/eEVM,Visual emulation for Ethereum's virtual machine,Symbolic Execution,3,0,1,1,1,39,,2,,,2,,,,,,24,11,,,,,,,,,,,,,,,,,,,,,,,,,,,,,,,
EASYFLOW,https://github.com/Jianbo-Gao/EasyFlow,EASYFLOW: Keep Ethereum away from overflow,Taint Analysis,3,1,0,1,1,84,,,,,,,,,,21,25,12,,,,,,,,,,,,,,,,,,,4,,,,,,,,,,,,
Echidna,https://github.com/crytic/echidna,"Echidna: Effective, usable, and fast fuzzing for smart contracts",Fuzzing,3,0,1,1,1,2,,3,,,,,,12,,,27,14,,1,,,,,,,,,3,,,,3,,,,,,,,12,15,,,,,,,
Erays,https://github.com/teamnsrg/erays,Erays: Reverse engineering Ethereum's opaque smart contracts,Code Transformation,3,0,1,1,1,40,,4,,,3,,,,,,29,16,,,,,,,,,,,,,,,,,,,,,,,,,,,,,,,
EthBMC,https://github.com/RUB-SysSec/EthBMC,ETHBMC: A bounded model checker for smart contracts,Symbolic Execution,3,1,0,1,1,76,,,,,,,,,,,31,18,,,,,,,,,,,,,,,,,,,,,,,,,,,,25,,,
EtherTrust,https://www.netidee.at/ethertrust,EtherTrust: Sound static analysis of Ethereum bytecode,Theorem proving,3,1,1,1,0,43,,7,,3,5,,,,6,,35,20,,,,,,,,,,,,,,,,,,,,,,,,,,5,,,,,
EthIR,https://github.com/costa-group/EthIR,EthIR: A framework for high-level analysis of Ethereum bytecode,Intermediate Representation,3,0,1,1,1,44,9,8,,21,4,,,,,17,36,21,,,,,,20,,5,,,,,,,,,,,,,,,,,,,,,5,,
ETHRACER,https://github.com/ashgeek/Ethracer,Exploiting the laws of order in smart contracts.,,3,1,0,1,1,,,,,,,,,,,,39,23,,,,,,,,,,,,,,,,,,,20,,,,,,,,,,,,
Gigahorse,https://github.com/nevillegrech/gigahorse-toolchain,"Gigahorse: Thorough, declarative decompilation of smart contracts.",,3,0,1,1,1,,,,,,,,,,,,56,30,,,,,,,,,,,,,,,,,,,,,,,,,,,,,,,
Hydra,https://github.com/IC3Hydra/Hydra,"Enter the hydra: Towards principled bug bounties and exploit-resistant smart contracts.
The hydra framework for principled, automated bug bounties.",,3,1,0,1,1,,,,,,,,,,,,60,34,,,,,,,,,,,,,,,,,,,,,,,,,,,,,,,
ILF,https://github.com/eth-sri/ilf,Learning to fuzz from symbolic execution with application to smart contracts,DL+Fuzzing,3,1,0,1,1,,12,,,,,,,,9,12,61,35,,,,,,16,,,,,,,,,,,,,16,,,,,,,,,,,,
KEVM,https://github.com/runtimeverification/evm-semantics,KEVM: A complete formal semantics of the Ethereum virtual machine,Formal Verification,3,0,1,1,1,50,,12,2,,7,,,,,,64,38,7,,,,,2,,,,,,,,,,,,,19,,,,,,,,,,,,
MAIAN,https://github.com/ivicanikolicsg/MAIAN,"Finding the greedy, prodigal, and suicidal contracts at scale",Symbolic Execution,3,1,0,1,1,79,15,14,12,14,8,,,3,11,5,69,43,6,,,,,10,,7,,,,,3,,,,,3,26,,,,,9,,,,48,6,,9
Manticore,https://github.com/trailofbits/manticore,Manticore: A user-friendly symbolic execution framework for binaries and smart contracts,Symbolic Execution,3,1,0,1,1,80,16,15,,,9,,,4,12,,70,44,,3,4,,,,,,,,4,5,7,,4,,,,3,,,,13,10,,,,45,,,8
Octopus,https://github.com/FuzzingLabs/octopus,N,Symbolic Execution,3,0,1,1,1,53,,17,,,,,,,,,83,48,,,,,,,,,,,,,,,8,,,,,,,,9,,,,,,,,
Rattle,https://github.com/crytic/rattle,N,Code Transformation,3,0,1,1,1,58,,21,,,14,,,,,,90,53,,,,,,,,,,,,,,,,,,,,,,,,,,,,,,,
Remix-IDE,https://remix.ethereum.org/,N,Code Transformation,3,1,1,1,0,13,,23,,,15,,,,,,94,54,,,,,8,,,,,,,,,,,,,,,,,,6,,,,,,,,
sFuzz,https://github.com/duytai/sFuzz,sFuzz: An efficient adaptive fuzzer for solidity smart contracts,Fuzzing,3,1,0,1,1,82,27,,,,,,,,20,,103,59,,,,,,,,,,,,,,,,,,,,,,,14,19,,,,,,6,
SIF,https://github.com/chao-peng/SIF,SIF: A framework for solidity contract instrumentation and analysis,Code Instrumentation,3,0,1,1,1,17,,,14,,,,,,,,104,60,,,,,,,,,,,,,,,,,,,51,,,,,,,,,,,,
SmartAnvil,https://github.com/smartanvil,N,Code Transformation,3,0,1,1,1,19,,,,,,,,,,,108,63,,,,,,,,,,,,,,,,,,,,,,,,,,,,,,,
SmartEmbed,https://github.com/beyondacm/SmartEmbed,SmartEmbed: A tool for clone and bug detection in smart contracts through structural code embedding,Code Transformation,3,1,1,1,0,22,,,13,,,,,,,,111,66,,,,,,,,,,,,,,,,,,,,,,,,26,,,9,,,,
SODA,https://github.com/pandabox-dev/SODA,SODA: A generic online detection framework for smart contracts,Code Instrumentation,3,1,0,1,1,83,,,,,,,,,,,116,68,,,,,,,,,,,,,,,,,,,,,,,,,,,,19,,,20
SOLC-VERIFY,https://github.com/SRI-CSL/solidity/blob/0.7/SOLC-VERIFY-README.md,solc-verify: A modular verifier for solidity smart contracts.,Constraint Solving,3,0,1,1,1,27,,,,,,,,,,,119,69,,,,,,,,,,,,,,,,,,,,,,,,,,,,30,,,
Solgraph,https://github.com/raineorshine/solgraph,N,Code Instrumentation,3,0,1,1,1,28,,29,,,18,,,,,,120,70,,,,,,,,,,,,,9,,,,,,,,,,,,,,,,,,10
SoliAudit,https://github.com/jianwei76/SoliAudit,SoliAudit: Smart contract vulnerability assessment based on machine learning and fuzz testing,ML+Fuzzing,3,1,0,1,1,86,,,,,,,,,,,122,72,,,,,,,,,,,,,,,,,,,23,,,,,25,,,,,,,
SolMet,https://github.com/chicxurug/SolMet-Solidity-parser,Towards analyzing the complexity landscape of solidity based Ethereum smart contracts,Code Transformation,3,0,1,1,1,33,,31,7,,19,,,,,,128,77,,,,,,,,,,,,,,,,,,,,,,,,,,,,,,,
BLSTM-ATT,https://github.com/Messi-Q/ReChecker,Towards automated reentrancy detection for smart contracts based on sequential models,Deep Learning,3,1,0,1,1,,20,,,,,,,,,23,139,84,,,,,,24,,,,,,,,,,,,,,,,,,,,,,,,,
ContractWard,,ContractWard: Automated vulnerability detection models for Ethereum smart contracts,Deep Learning,3,1,1,0,1,1,5,,,,,,,,4,26,17,,,,,,,27,,,,,,,,,,,,,,,,,,,,,10,,,,
SASC,,Security assurance for smart contract,Static Analysis+Symbolic Execution,3,1,1,0,1,14,,24,,,24,,,,17,,96,,,,,,,,,,,,,,2,,,,,,,,,,,23,,,,65,,,
sCompile,,sCompile: Critical path identification and analysis for smart contracts,Symbolic Execution,3,1,1,0,1,15,,25,,,25,,,,18,,97,,,,,,,,,,,,,,,,,,,,44,,,,,,,,,,,,
Zeus,,ZEUS: Analyzing safety of smart contracts,Model checking,3,1,1,0,1,37,38,35,25,9,27,,,,27,2,140,,4,,,,,4,,2,5,,,,4,,9,,,2,25,,,,,12,3,,,31,2,,19
AME,https://github.com/Messi-Q/AMEVulDetector,Smart Contract Vulnerability Detection: From Pure Neural Network to Interpretable Graph Feature and Expert Pattern Fusion,Deep Learning,3,1,1,0,1,,,,,,,,,,,27,,,,,,,,29,,,,,,,,,,,,,,,,,,,,,,,,,
ConFuzzius,https://github.com/christoftorres/ConFuzzius,Confuzzius: A data dependency-aware hybrid fuzzer for smart contracts,Fuzzing,3,1,0,1,1,,2,,,,,,,,2,13,,,,,,,,,1,,,,,,,,,9,,,,,,,,16,,,5,,,5,
DR-GCN,https://github.com/Messi-Q/GraphDeeSmartContract,Smart contract vulnerability detection using graph neural network,Deep Learning,3,1,0,1,1,,,,,,,,,,,24,,,,,,,,25,,,,,,,,,,,,,,,,,,,,,,,,,
ESCORT,,ESCORT: Ethereum smart contracts vulnerability detection using deep neural network and transfer learning,Deep Learning,3,1,1,0,1,41,,,,,,,,,,,,,,,,,,,,,,,,,,,,,,,,,,,,31,,,,,,,
Eth2Vec,https://github.com/fseclab-osaka/eth2vec,Eth2Vec: Learning contract-wide code representations for vulnerability detection on Ethereum smart contracts,ML,3,1,1,1,0,3,,,,,,,,,,,,,,,,,,,,,,,,,,,,,,,,,,,,28,,,,,,10,
EthVer,,"EthVer: Formal verification of randomized Ethereum smart
contracts",Formal Verification,3,1,1,0,1,5,,,,,,,,,,,,,,,,,,,,,,,,,,,,,,,,,,,,,,,,,,,
EVMFuzzer,https://github.com/renardbebe/EVMFuzzer,EVMFuzzer: Detect EVM vulnerabilities via fuzz testing,Fuzzing,3,1,0,1,1,78,,,,,,,,,,,,,,,,,,,,,,,,,,,,,,,,,,,,21,,,,,,,
FSPVM,,A hybrid formal verification system in Coq for ensuring the reliability and security of Ethereum-based service smart contracts,Theorem proving,3,1,1,0,1,7,,,,4,,,,,,,,,,,,,,,,,,,,,,,,,,,,,,,,,,,,63,,,
Gas Gauge,,Gas gauge: A security analysis tool for smart contract out-of-gas vulnerabilities,Fuzzing,3,1,1,0,1,8,,,,,,,,,,,,,,,,,,,,,,,,,,,,,,,,,,,,,,,,,,,
IR-Fuzz,https://github.com/Messi-Q/IR-Fuzz,Rethinking smart contract fuzzing: Fuzzing with invocation ordering and important branch revisiting,Fuzzing,3,1,0,1,1,,13,,,,,,,,,,,,,,,,,,,,,,,,,,,,,,,,,,,,,,4,,,,
ItyFuzz,https://github.com/fuzzland/ityfuzz,tyfuzz: Snapshot-based fuzzer for smart contract,Fuzzing,3,1,0,1,1,,14,,,,,,,,,,,,,,,,,,,,,,,,,,,,,,,,,,,,,,,,,,
Pakala,https://github.com/palkeo/pakala,N,Symbolic Execution,3,1,0,1,1,12,,,,,,,,,,,,,,,,,,,,,,,,,,,,,,,,,,,,,,,,,,,
Porosity,https://github.com/msuiche/porosity,Porosity: A decompiler for blockchain-based smart contracts bytecode,Dis-assembler,3,0,1,1,1,56,,20,,,13,,,,,,,,,,,,,,,,,,,,,,,,,,,,,,,,,,,,,,
ProMutator,https://github.com/csienslab/ProMutator,Promutator: Detecting vulnerable price oracles in defi by mutated transactions,,3,1,0,1,1,,42,,,,,,,,,,,,,,,,,,,,,,,,,,,,,,,,,,,,,,,,,,
RLF,https://github.com/Demonhero0/rlf,Effectively generating vulnerable transaction sequences in smart contracts with reinforcement learning-guided fuzzing,DL+Fuzzing,3,1,0,1,1,,22,,,,,,,,,,,,,,,,,,,,,,,,,,,,,,,,,,,,,,,,,,
S-gram/Ether,,S-gram: Towards semanticaware security auditing for Ethereum smart contracts,Deep Learning+Static Analysis,3,1,1,0,1,42,25,5,,,21,,,,21,,,,,,,,,,,,,,,,,,,,,,,,,,,,,,,,,,
Sailfish,https://github.com/ucsb-seclab/sailfish,SAILFISH: Vetting Smart Contract State-Inconsistency Bugs in Seconds,,3,1,0,1,1,,,,,,,,4,,,,,,,,,,,,,,,,,,,,,,,,,,,,,,,,,,,,
securify2.0,https://github.com/eth-sri/securify2/tree/master,N,Intermediate Representation,3,1,0,1,1,,,,,,,,,6,,,,,,,,,2,,,,,,,,,,,,,,,,1,,5,,,,,,,,
SESCon,,SESCon: Secure Ethereum smart contracts by vulnerable patterns' detection,Code Transformation,3,1,1,0,1,16,,,,,,,,,,,,,,,,,,,,,,,,,,,,,,,,,,,,,,,,,,,
Smartian,https://github.com/SoftSec-KAIST/Smartian,Smartian: Enhancing smart contract fuzzing with static and dynamic data-flow analyses,Fuzzing,3,1,0,1,1,,29,,,,,,5,,,,,,,,,,,,,,,,,,,,,,,,,,,,,,,,,,,,
SolGuard,,SolGuard: Preventing external call issues in smart contract-based multiagent robotic systems,Code Transformation,3,1,1,0,1,29,,,,,,,,,,,,,,,,,,,,,,,,,,,,,,,,,,,,,,,,,,,
VeriSol,https://github.com/microsoft/verisol,Formal specification and verification of smart contracts for azure blockchain,Model checking,3,0,1,1,1,35,35,34,,8,,,,,,,,,,,,,,,,,1,,,,,,,,,,34,,,,,,,,,61,,,
VeriSolid,https://github.com/VeriSolid/smart-contracts,VeriSolid: Correct-by-design smart contracts for Ethereum,Model checking,3,1,1,1,0,36,,,,10,,,,,,,,,,,,,,,,,,,,,,8,,,,,,,,,,,2,,,43,,,15
xfuzz,https://github.com/ToolmanInside/xfuzz_tool,xfuzz: Machine learning guided cross-contract fuzzing,ML+Fuzzing,3,1,0,1,1,,37,,,,,,,,,,,,,,,,,,,,,,,,,,,,,,,,,,,,,,,,,,
Semgrep,https://github.com/Decurity/semgrep-smart-contracts,N,,3,1,0,1,1,,,,,,,,,,,,,,,,,,,,,,,,,,,,,,,,,,,,,,,,,,,,
GPS,https://github.com/Messi-Q/GPSCVulDetector,Combining graph neural networks with expert knowledge for smart contract vulnerability detection,,3,1,0,1,1,,,,,,,,,,,,,,,,,,,28,,,,,,,,,,,,,,,,,,,,,13,,,,
Artemis,,Artemis: An improved smart contract verification tool for vulnerability detection,,3,1,1,0,1,,,,,,,,,,,,,,,,,,,,,,,,,,,,,,,,,,,,,7,,,,,,,
Contract Analyzer (Dr. Y¡¯s Ethereum),https://github.com/pirapira/dry-analyzer,N,,2,0,1,1,0,,,,,,,,,,,,10,4,,,,,,,,,,,,,,,,,,,,,,,,,,,,,,,
ContractLarva,https://github.com/gordonpace/contractLarva,Monitoring smart contracts: ContractLarva and open challenges beyond,Runtime Verification,2,0,0,1,1,68,,1,1,12,1,,,,,,14,6,,,,,,,,,6,,,,,,,,,,28,,,,,,,,,11,,,
Echidna-Parade,https://github.com/crytic/echidna-parade,Echidna-parade: A tool for diverse multicore smart contract fuzzing.,,2,0,0,1,1,,,,,,,,,,,,28,15,,,,,,,,,,,,,,,,,,,,,,,,,,,,,,,
Ethersplay,https://github.com/crytic/ethersplay,N,Dis-assembler,2,0,1,1,,,,6,,,,,,,,,34,19,,,,,,,,,,,,,,,,,,,,,,,,,,,,,,,
F* Framework,https://secpriv.tuwien.ac.at/tools/ethsemantics,A semantic framework for the security analysis of Ethereum smart contracts,Formal Verification,2,0,1,1,,,,,,,,,,,,1,43,25,14,,,,,1,,9,2,,,,,,,,,,,,,,18,,,2,,28,,,
FAIRCON,https://github.com/ntu-SRSLab/FairCon,Towards automated verification of smart contract fairness.,,2,0,1,1,,,,,,,,,,,,,45,26,,,,,,,,,,,,,,,,,,,,,,,16,,,,,,,,
FSMC,https://github.com/d-suvorov/fsmc/,Smart contract design meets state machine synthesis: Case studies,,2,0,1,1,,,,,,,,,,,,,47,27,,,,,,,,,,,,,,,,,,,,,,,,,,,,,,,
FSolidM,https://github.com/anmavrid/smart-contracts,Tool Demonstration: FSolidM for designing secure Ethereum smart contracts,Formal Verification,2,0,1,1,0,67,,9,,,6,,,,,,48,28,,,,,,,,,,,,,,,,,,,,,,,,,1,,,,,,14
GASOL,https://doi.org/10.6084/m9.figshare.11876697.v1,GASOL: Gas analysis and optimization for Ethereum smart contracts,Code Instrumentation,2,0,1,0,1,65,,,,,,,,,,,51,29,,,,,,,,,,,,,,,,,,,,,,,,,,,,,,,
HARVEY / BRAN,https://github.com/Practical-Formal-Methods/bran,Harvey: A Greybox Fuzzer for Smart Contracts,Fuzzing,2,1,0,0,1,70,10,,,,,,,,7,,58,32,,,,,,,,,,,,,,,,,,,,,,,,17,,,3,,,,
Isabelle / HOL- based  framework,https://github.com/pirapira/eth-isabelle,"Defining the Ethereum Virtual Machine for Interactive Theorem Provers
Towards verifying ethereum smart contract bytecode in isabelle/hol",,2,0,1,1,,,,,,1,,,,,,,62,36,"09,10",,,2,,3,,10,8,,,,10,,,,,,18,,,,,,,4,,5,,,
JAVADITY,https://github.com/rebiscov/Javadity,Verification of smart contract business logic.,,2,0,1,1,,,,,,,,,,,,,63,37,,,,,,,,,,,,,,,,,,,,,,,,,,,,67,,,
KEVM Verifier,https://github.com/runtimeverification/verified-smart-contracts,"A Formal Verification Tool for Ethereum VM Bytecode
A language-independent approach to smart contract verification",,2,0,1,1,,,,,,,,,,,,,65,39,8,,,,,,,,,,,,,,,,,,21,,,,,,,,,49,,,
KSolidity,https://github.com/kframework/solidity-semantics,Semantic understanding of smart contracts: Executable operational semantics of solidity.,,2,0,1,1,,,,,,,,,,,,,66,40,,,,,,,,,,,,,,,,,,,,,,,,,,,,,,,
MuSC,https://github.com/belikout/MuSC-Tool-Demo-repo,MuSC: A tool for mutation testing of Ethereum smart contract,Mutation Testing,2,0,0,1,1,10,,,,,,,,,,,77,45,,,,,,,,,,,,,,,,,,,13,,,,,,,,,,,,
NeuCheck,https://github.com/Northeastern-University-Blockchain/NeuCheck,Neucheck: A more practical ethereum smart contract security analysis tool.,,2,1,1,0,0,11,,,,,,,,,,,81,47,,,,,,,,,,,,,,,,,,,,,,,,,,,,,,,
PASO,https://github.com/aphd/paso,PASO: A web-based parser for solidity language analysis,,2,0,1,1,,,,,8,,,,,,,,86,51,,,,,,,,,,,,,,,,,,,,,,,,,,,,,,,
SAFEVM,,SAFEVM: A safety verifier for Ethereum smart contracts,Symbolic Execution,2,0,1,1,0,66,,,,,,,,,,,95,55,,,,,,,,,,,,,,,,,,,40,,,,,,,,,3,,,
SCREPAIR,https://SCRepair-APR.github.io/,Smart contract repair.,,2,0,1,1,,,,,,,,,,,,,98,56,,,,,,,,,,,,,,,,,,,,,,,,,,,,,,,
SERVOIS,https://github.com/kbansal/servois,Automatic generation of precise and useful commutativity conditions.,,2,0,1,1,,,,,,,,,,,,,102,58,,,,,,,,,,,,,,,,,,,,,,,,,,,,,,,
SmartBugs,https://github.com/smartbugs/smartbugs,SmartBugs: A framework to analyze solidity smart contracts,,2,0,0,1,1,20,,,,,,,,,,,109,64,,,,,,,,,,,,,,,,,,,,,,,,,,,,,,,
SmartInspect,https://github.com/RMODINRIA-Blockchain/SmartShackle,SmartInspect: Solidity smart contract inspector,Code Transformation,2,0,1,0,1,24,,,23,,,,,,,,112,67,,,,,,,,,,,1,,,,,,,,,,,,,,,,,,,,
Solicitous,https://github.com/usi-verification-and-security/solc,Accurate smart contract verification through direct modelling.,,2,0,1,1,,,,,,,,,,,,,123,73,,,,,,,,,,,,,,,,,,,,,,,,,,,,,,,
SolidiFI,https://github.com/DependableSystemsLab/SolidiFI,How effective are smart contract analysis tools? evaluating smart contract static analysis tools using bug injection.,,2,0,1,1,,,,,,,,,,,,,124,74,,,,,,,,,,,,,,,,,,,,,,,,,,,,,,,
SolidiKeY,https://www.key-project.org/isola2020-smart/,Functional verification of smart contracts via strong data integrity.,,2,0,1,1,,,,,,,,,,,,,126,75,,,,,,,,,,,,,,,,,,,,,,,,,,,,,,,
Solythesis,https://github.com/Leeleo3x/solythesis-artifact,Securing smart contract with runtime validation.,,2,0,1,1,,,,,,,,,,,,,129,78,,,,,,,,,,,,,,,,,,,,,,,,,,,,35,,,
Syrup,https://github.com/mariaschett/syrup-backend,Synthesis of Super-Optimized Smart Contracts using Max-SMT,,2,0,1,1,,,,,,,,,,,,,131,79,,,,,,,,,,,,,,,,,,,,,,,,,,,,,,,
CESC,,Finding concurrency exploits on smart contracts,,2,1,1,0,,,,,,,,,,,,,5,,,,,,,,,,,,,,,,,,,,,,,,,,,,,,,,
Clairvoyance,,Clairvoyance: Cross-contract static analysis for detecting practical reentrancy vulnerabilities in smart contracts,Static Analysis,2,1,1,0,,,,,,,,,,,1,,6,,,,,,,,,,,,,,,,,,,,,,,,,,,,,,,,
Comparable vector encoding and matching,,Hunting vulnerable smart contracts via graph embedding based bytecode matching,,2,1,1,0,,,,,,,,,,,,,7,,,,,,,,,,,,,,,,,,,,,,,,,,,,,,,,
ContractGuard  (GuardStrike),https://guard-strike.oss-cn-shanghai.aliyuncs.com/contract-guard/ContractGuard-WhitePaper-V1.0.pdf,N,,2,1,1,0,,,,,,,,,,,,,12,,,,,,,,,,,,,,,,,,,,,,,,,,,,,,,,
Ether* (S-GRAM),,S-gram: Towards semantic-aware security auditing for ethereum smart contracts,,2,1,1,0,,,,,,,,,,,,,32,,,,,,,,,,,,,,,,,,,,1,,,,,33,,,,,,,
Etherolic,,Etherolic: A practical security analyzer for smart contracts,Fuzzing+Taint Analysis,2,1,0,0,1,77,,,,,,,,,,,33,,,,,,,,,,,,,,,,,,,,22,,,,,,,,,,,,
ETHPLOIT,,Ethploit: From fuzzing to efficient exploit generation against smart contracts.,Fuzzing,2,1,0,0,1,46,,,,,,,,,,,38,,,,,,,,,,,,,,,,,,,,8,,,,,,,,,,12,,
F*  Verification,,Formal verification of smart contracts: Short paper,,2,1,1,0,,,,,,,,,,,,,44,,,,,1,,,,,,,,,11,,,,,,43,,,,,,,1,,15,,,
GasChecker,,GasChecker: Scalable analysis for discovering gas-inefficient smart contracts,Symbolic Execution,2,0,1,0,1,47,,,11,,,,,,,,50,,,,,,,,,,,,,,,,,,,,,,,,,,,,,,,,
Gasper,,Under-optimized smart contracts devour your money,Symbolic Execution,2,0,1,0,1,48,,10,10,17,22,,,,,,52,,,,,,,9,,3,,,,,,,,,,,,,,,19,3,,,,,,,
GASTAP,https://github.com/gasgauge/gasgauge.github.io,Running on fumes: Preventing out-of-gas vulnerabilities in ethereum smart contracts using static resource analysis.,Symbolic Execution,2,0,1,1,0,9,,,,,,,,,,,54,,,,,,,,,,,,,,,,,,,,,,,,,,,,,,,,
MPro,,Mpro: Combining static and symbolic analysis for scalable testing of smart contract.,,2,1,1,0,,,,,,,,,,,,,75,,,,,,,,,,,,,,,,,,,,56,,,,,,,,,,,,
MSgram analysis,,Smart contracts vulnerability auditing with multi-semantics.,,2,1,1,0,,,,,,,,,,,,,76,,,,,,,,,,,,,,,,,,,,,,,,,,,,,,,,
NPCHECKER,,Detecting nondeterministic payment bugs in ethereum smart contracts.,,2,1,1,0,,,,,,,,,,,,,82,,,,,,,,,,,,,,,,,,,,54,,,,,,,,,60,,,
ReGuard,,ReGuard: Finding reentrancy bugs in smart contracts,Fuzzing,2,1,0,0,1,85,21,22,21,25,23,,,,16,11,92,,,,,,,15,,,,,,,,,,,,,7,,,,,18,,,,37,8,,11
Seraph,,Seraph: Enabling cross-platform security analysis for evm and wasm smart contracts.,,2,1,1,0,,,,,,,,,,,,,100,,,,,,,,,,,,,,,,,,,,,,,,,,,,,,,,
Sereum,,Sereum: Protecting existing smart contracts against re-entrancy attacks,Symbolic Execution,2,1,0,0,1,81,25,,,,,,,,,9,101,,,,,,,13,,,,,,,,,,,,,,,,,,,,,,,,,7
SMARTSCOPY / SOLAR,,"Precise attack synthesis for smart contracts.
Summary-based symbolic evaluation for smart contracts.",,2,1,1,0,,,,,,,,,,,,,113,,,,,,,,,,,,,,,,,,,,,,,,,,,,,,,,
SolAnalser,https://github.com/EricR/solanalyzer,Solanalyser: A framework for analysing and testing smart contracts.,Code Instrumentation,2,1,0,0,1,26,,,,,,,,,,,117,,,,,,,,,,,,,,,,,,,,29,,,,,,,,,,,,
Solidifier,https://github.com/blockhousetech/research/tree/master,Solidifier: Bounded model checking solidity using lazy contract deployment and precise memory modelling,Formal Verification,2,0,1,0,1,31,,,,,,,,,,,125,,,,,,,,,,,,,,,,,,,,,,,,,,,,,8,,,
Transaction-based analysis with LSTM network,,Transaction-based classification and detection approach for ethereum smart contract.,,2,1,1,0,,,,,,,,,,,,,133,,,,,,,,,,,,,,,,,,,,,,,,,,,,,,,,
VerX,https://verx.ch/,VerX: Safety verification of smart contracts,Symbolic Execution,2,0,1,1,0,63,36,,9,,,,,,26,,137,,,,,,,,,,,,,,,,,,,,,,,,,,,,,,,,
CodeNet,,Codenet: Code-targeted convolutional neural network architecture for smart contract vulnerability detection,Deep Leaning,2,1,1,0,,,1,,,,,,,,,,,,,,,,,,,,,,,,,,,,,,,,,,,30,,,,,,,
DeeSCVHunter,,Deescvhunter: A deep learning-based framework for smart contract vulnerability detection,Deep Leaning,2,1,1,0,,,6,,,,,,,,,,,,,,,,,,,,,,,,,,,,,,,,,,,34,,,,,,,
DeFiRanger,,Defiranger: Detecting price manipulation attacks on defi applications,,2,1,1,0,,,40,,,,,,,,,,,,,,,,,,,,,,,,,,,,,,,,,,,,,,,,,,
DL-MDF,,Smart contract vulnerability detection based on deep learning and multimodal decision fusion,Deep Learning,2,1,1,0,,,8,,,,,,,,,,,,,,,,,,,,,,,,,,,,,,,,,,,,,,,,,,
Ethlint,https://github.com/duaraghav8/Ethlint,N,Code Instrumentation,2,0,0,1,1,69,,,,,,,,,,,,,,,,,,,,,,,,,,,,,,,,,,,,,,,,,,,
FEther,,FEther: An extensible definitional interpreter for smart-contract verifications in Coq,Symbolic Execution,2,0,1,0,1,6,,,,,,,,,,,,,,,,,,,,,,,,,,,,,,,,,,,,,,,,,,,
SmartScan,,SmartScan: An approach to detect denial of service vulnerability in ethereum smart contracts,Code Transformation,2,1,1,0,0,25,,,,,,,,,,,,,,,,,,,,,,,,,,,,,,,,,,,,,,,,,,,
Solitor,https://github.com/LarsStegeman/EthereumRuntimeMonitoring,Solitor: Runtime verification of smart contracts,Code Instrumentation,2,0,0,1,1,72,,,,,,,,,,,,,,,,,,,,,,,,,,,,,,,,,,,,,,,,,,,
VaaS,https://vaas.beosin.com/#/home,N,Formal Verification,2,1,0,0,1,,,,,,,,,,,3,,,,,,,,,,,,,,,,,,,,,,,,,,,,,,,,,
,,Formal verification of blockchain smart contract based on colored petri net models,,2,1,1,0,,,,,,,,,,,,,,,,,,,,,,,,,,,,6,,,,,,,,,,,,,,38,,,
,,Formal verification of smart contracts from the perspective of concurrency,,2,1,1,0,,,,,,,,,,,,,,,,,,,,,,,,,,,,9,,,,,,,,,,,,,,51,,,
,https://github.com/L-PLUM/ExperimentData,static analysis of integer overflow of smart contracts in ethereum,,2,1,1,0,,,,,,,,,,,,,,,,,,,,,,,,,,,,,,,,,5,,,,,,,,,,,,
,,Machine learning model for smart contracts security analysis.,,2,1,1,0,,,,,,,,,,,,,,,,,,,,,,,,,,,,,,,,,11,,,,,,,,,,,,
,,An efficient vulnerability detection model for Ethereum smart contracts.,,2,1,1,0,,,,,,,,,,,,,,,,,,,,,,,,,,,,,,,,,52,,,,,,,,,,,,
,,Smart contract defect detection based on parallel symbolic execution,,2,1,1,0,,,,,,,,,,,,,,,,,,,,,,,,,,,,,,,,,53,,,,,,,,,,,,
,,A software analysis based vulnerability detection system for smart contracts,,2,1,1,0,,,,,,,,,,,,,,,,,,,,,,,,,,,,,,,,,55,,,,,,,,,,,,
ReDetect,,ReDetect: Reentrancy vulnerability detection in smart contracts with high accuracy,,2,1,1,0,,,,,,,,,,,,,,,,,,,,,,,,,,,,,,,,,,,,,,6,,,,,,,
DEPOSafe,,Deposafe: Demystifying the fake deposit vulnerability in ethereum smart contracts,,2,1,1,0,,,,,,,,,,,,,,,,,,,,,,,,,,,,,,,,,,,,,,8,,,,,,,
EOSFuzzer,https://github.com/gongbell/EOSFuzzer,EOSFuzzer: Fuzzing EOSIO smart contracts for vulnerability detection,,2,1,0,1,,,,,,,,,,,,,,,,,,,,,,,,,,,,,,,,,,,,,,20,,,,,,,
VSCL,,VSCL: Automating vulnerability detection in smart contracts with deep learning,,2,1,1,0,,,,,,,,,,,,,,,,,,,,,,,,,,,,,,,,,,,,,,29,,,,,,,
ASGVulDetector,https://github.com/Reanon/SmartCodeASG,Toward vulnerability detection for ethereum smart contracts using graph-matching network,,2,1,1,0,,,,,,,,,,,,,,,,,,,,,,,,,,,,,,,,,,,,,,35,,,,,,,
Vulpedia,,Vulpedia: Detecting vulnerable ethereum smart contracts via abstracted vulnerability signatures,,2,1,1,0,,,,,,,,,,,,,,,,,,,,,,,,,,,,,,,,,,,,,,36,,,,,,,
EtherGIS,,EtherGIS: A Vulnerability Detection Framework for Ethereum Smart Contracts Based on Graph Learning Features,,2,1,1,0,,,,,,,,,,,,,,,,,,,,,,,,,,,,,,,,,,,,,,,,,12,,,,
,,Securing smart contracts in blockchain,,2,1,1,0,,,,,,,,,,,,,,,,,,,,,,,,,,,,,,,,,,,,,,,,,,32,,,
,,A Formal Verification Framework for Security Issues of Blockchain Smart Contracts,,2,1,1,0,,,,,,,,,,,,,,,,,,,,,,,,,,,,,,,,,,,,,,,,,,56,,,
AEGIS,https://github.com/christoftorres/Aegis,Aegis: Smart shielding of smart contracts,,1,0,0,1,,,,,,,,,,,,,3,1,,,,,,,,,,,,,,,,,,,,,,,,,,,,,,,
ContractMut,https://doi.org/10.5281/zenodo.3726690,Mutation testing of smart contracts at scale,,1,0,0,1,,,,,,,,,,,,,15,7,,,,,,,,,,,,,,,,,,,,,,,,,,,,,,,
ECF Checker,https://github.com/shellygr/ECFChecker,Online detection of effectively callback free objects with applications to smart contracts.,,1,0,0,1,,,,,,,,,,,,,26,13,5,,,,,,,,,,,,12,,,,,,35,,,,,,,,,29,,,
EVM Memory Modeling,https://doi.org/10.5281/zenodo.4059797,Precise static modeling of ethereum 'memory' .,,1,0,1,0,,,,,,,,,,,,,41,24,,,,,,,,,,,,,,,,,,,,,,,,,,,,,,,
Vertigo,https://github.com/JoranHonig/vertigo,Practical Mutation Testing for Smart Contracts,,1,0,0,1,,,,,,,,,,,,,136,83,,,,,,,,,,,,,,,,,,,24,,,,15,,,,,,,,
ABBE,,Detect abnormal behaviours in ethereum smart contracts using attack vectors,,1,0,1,0,,,,,,,,,,,,,1,,,,,,,,,,,,,,,,,,,,10,,,,,,,,,,,,
ADF-GA,,Adf-ga: Data flow criterion based test case generation for ethereum smart contracts,,1,0,1,0,,,,,,,,,,,,,2,,,,,,,,,,,,,,,,,,,,,,,,,,,,,,,,
Annotary,,Annotary: A concolic execution system for developing secure smart contracts,,1,1,0,0,,,,,,,,,,,,,4,,,,,,,,,,,,,,,2,,,,,,,,,,,,,,62,,,
ContractGuard (IDS),,Contractguard: Defend ethereum smart contracts with embedded intrusion detection,,1,1,0,0,,75,,,,,,,,,,19,13,,,,,,,22,,,,,,,,,,,,,,,,,,,,,,,,,
Convolutional neural network,,Hunting the ethereum smart contract: Color-inspired inspection of potential attacks,,1,0,1,0,,,,,,,,,,,,,19,,,,,,,,,,,,,,,,,,,,,,,,,,,,,,,,
Deductive  verification with Why3,,Deductive proof of industrial smart contracts using why3,,1,0,1,0,,,,,,,,,,,,,21,,,,,,,,,,,,,,,,,,,,,,,,,,,,,47,,,21
Deviant,,Deviant: a mutation testing tool for solidity smart contracts,,1,0,1,0,,,,,,,,,,,,,23,,,,,,,,,,,,,,,,,,,,12,,,,,,,,,,,,
EthScope,,Time-travel investigation: Towards building a scalable attack detection framework on ethereum,,1,1,0,0,,,,,,,,,,,,,40,,,,,,,,,,,,,,,,,,,,,,,,,,,,,,,,
FSFC,,Fsfc: An input filter-based secure framework for smart contract.,,1,1,0,0,,,,,,,,,,,,,46,,,,,,,,,,,,,,,,,,,,14,,,,,,,,,,,,
GasReducer,,Towards saving money in using smart contracts.,,1,0,1,0,,,,,,,,,,,,,53,,,,,,,,,,,,,,,,,,,,,,,,,,,,,,,,
Gazfuzzer,,Gasfuzzer: Fuzzing ethereum smart contract binaries to expose gas-oriented exception security vulnerabilities.,,1,1,0,0,,,,,,,,,,,,,55,,,,,,,,,,,,,,,,,,,,,,,,,,,,,,,,
ModCon,,ModCon: A model-based testing platform for smart contracts,model-based testing,1,1,0,0,0,71,,,,,,,,,,,71,,,,,,,,,,,,,,,,,,,,,,,,,,,,,,,,
Model  checking (NuSMV),,Model checking of smart contracts.,,1,0,1,0,,,,,,6,,,,,,,72,,,,,3,,,,,3,,,,,,,,,,,,,,,,,,,66,,,
Model checking (PROMELA and SPIN),,Model checking smart contracts for ethereum.,,1,0,1,0,,,,,,,,,,,,,73,,,,,,,,,,,,,,,,,,,,,,,,,,,,,2,,,
MOPS,,A critical-path-coverage-based vulnerability detection method for smart contracts.,,1,1,0,0,,,,,,,,,,,,,74,,,,,,,,,,,,,,,,,,,,48,,,,,11,,,,,,,
Mythril extension for ¡¯gasless send¡®,,Evaluating spread of ¡®gasless send¡¯ in ethereum smart contracts.,,1,1,0,0,,,,,,,,,,,,,79,,,,,,,,,,,,,,,,,,,,,,,,,,,,,50,,,
MythX,https://mythx.io/,N,,1,1,0,0,,,,,,,,,,,,,80,,,,,,,,,,,,,,,,11,,,,,,,,8,,,,,,,,2
Payoff analyzer,,Quantitative analysis of smart contracts.,,1,0,1,0,,,,,6,,,,,,,,87,,,,,,,,,,,,,,,3,,,,,,,,,,,,,,,,,
Petri Nets based  secure smart contract generation,,Secure smart contract generation based on petri nets.,,1,0,1,0,,,,,,,,,,,,,88,,,,,,,,,,,,,,,7,,,,,33,,,,,,,,,,,,
Reentrancy detection,,Reentrancy vulnerability identification in ethereum smart contracts.,,1,1,0,0,,,,,,,,,,,,,91,,,,,,,,,,,,,,,,,,,,,,,,,,,,,,,,
SMARTSHIELD,,Smartshield: Automatic smart contract protection made easy.,Code Transformation,1,0,0,0,1,60,,,,,,,,,,,114,,,,,,,,,,,,,,,,,,,,39,,,,,,,,,,11,,
SMT-based verification,,Smt-based verification of solidity smart contracts.,,1,0,1,0,,,,,,,,,,,,,115,,,,,,,,,,,,,,,,,,,,,,,,,,,,,,,,
STAN,,Stan: Towards describing bytecodes of smart contract.,,1,0,1,0,,,,,,,,,,,,,130,,,,,,,,,,,,,,,,,,,,,,,,,,,,,,,,
Visualgas,,Gas cost analysis for ethereum smart contracts. Master¡¯s thesis,,1,0,1,0,,,,,,,,,,,,,138,,,,,,,,,,,,,,,,,,,,,,,,,,,,,,,,
BlockEye,,Blockeye: Hunting for defi attacks on blockchain,Symbolic Reasoning,1,1,0,0,,,39,,,,,,,,,,,,,,,,,,,,,,,,,,,,,,,,,,,,,,,,,,
DeFi-Score,https://github.com/ConsenSys/defi-score,Defi score: An open framework for evaluating defi protocols,,1,0,,1,,,,,,,,,,,,,,,,,,,,,,,,,,,,,,,,,,,,,,,,,,,,,
EVMFuzz,,EVMFuzz: Differential fuzz testing of Ethereum virtual machine,Fuzzing,1,0,1,0,,,,,20,,,,,,,,,,,,,,,,,,,,,,,,,,,,,,,,,,,,,,,,
Flashot,,Flashot: a snapshot of flash loan attack on defi ecosystem,,1,1,0,0,,,41,,,,,,,,,,,,,,,,,,,,,,,,,,,,,,,,,,,,,,,,,,
Kaya,https://github.com/Ghands/Kaya,Kaya: A testing framework for blockchain-based decentralized applications,,1,0,,1,,,,,22,,,,,,,,,,,,,,,,,,,,,,,,,,,,,,,,,,,,,,,,
Smart-Graph,,Smart-graph: Graphical representations for smart contract on the Ethereum blockchain,,1,0,1,0,0,23,,,,,,,,,,,,,,,,,,,,,,,,,,,,,,,,,,,,,,,,,,,
Dynamit,,Dynamic vulnerability detection on smart contracts using machine learning,,1,1,0,,,,,,,,,,,,,,,,,,,,,,,,,,,,,,,,,,,,,,,27,,,,,,,
Peculiar,https://github.com/wuhongjun15/Peculiar,Peculiar: Smart contract vulnerability detection based on crucial data flow graph and pre-training techniques,,1,0,,1,,,,,,,,,,,,,,,,,,,,,,,,,,,,,,,,,,,,,,32,,,,,,,
ReDefender,,ReDefender: A Tool for Detecting Reentrancy Vulnerabilities in Smart Contracts Effectively,,1,1,0,,,,,,,,,,,,,,,,,,,,,,,,,,,,,,,,,,,,,,,,,,,,,,
ContractVis,,Truffle tests for free ¨C replaying ethereum smart contracts for transparency,,0,0,0,0,,,,,,,,,,,,,16,,,,,,,,,,,,,,,,10,,,,,,,,,,,,,,,,
EVM*,,Evm*: From offline detection to online reinforcement for ethereum virtual machine.,,0,0,0,0,,,,,,,,,,,,,42,,,,,,,,,,,,,,,,,,,,38,,,,,,,,,40,,,
FSPVM-E / FEther,,"Formal process virtual machine for smart contracts verification.
Optimization of executable formal interpreters developed in higher-order logic theorem proving systems.
A general formal memory framework for smart contracts verification based on higher-order logic theorem proving.
Fether: An extensible definitional interpreter for smart-contract verifications in coq.",,0,0,0,0,,,,,,,,,,,,,49,,,,,,,,,11,9,,,,,,,,,,,,,,,,,3,,,,,13
RegularMutator,,Regularmutator: A mutation testing tool for solidity smart contracts.,,0,0,0,0,,,,,,,,,,,,,93,,,,,,,,,,,,,,,,,,,,,,,,,,,,,,,,
Smart contract modeling and behavior verification,,Formal verification of smart contracts based on users and blockchain behaviors models.,Theorem proving,0,0,0,0,,,,,,7,,,,,,,107,,13,,,4,,,,,4,,,,,4,,,,,,,,,,,,9,,1,,,
SOLAR,,Detecting standard violation errors in smart contracts.,,0,0,0,0,,,,,,,,,,,,,118,,,,,,,,,,,,,,,,,,,,,,,,,,,,,,,,
Blockbench,https://github.com/ooibc88/blockbench,BLOCKBENCH: A framework for analyzing private blockchains,,0,0,,0,,,,,26,,,,,,,,,,,,,,,,,,,,,,,,,,,,,,,,,,,,,,,,
FSolidityM,,Designing secure Ethereum smart contracts: A finite state machine based approach,,0,0,,0,,,,,24,,,,,,,,,,,,,,,,,,,,,,14,,,,,,,,,,,,,,,,,,
,,Formal modeling and verification of smart contracts,Model checking,0,0,,,,,,,,11,,,,,,,,,,,,,,,,,,,,,,,,,,,37,,,,,,,8,,12,,,
,https://www.codeproject.com/Articles/1280003/Formal-Verification-of-Smart-Contracts-with-the-K,Formal Verification of Smart Contracts with the K -Framework,Theorem proving,0,0,,,,,,,,2,,,,,,,,,,,,,,,,,7,,,,,,,,,,,,,,,,,,,,,,
Scilla,,Scilla: a Smart Contract Intermediate Level LAnguage,loq,0,0,,,,,,,,,,,,,,,,,11,,,,,,,,,,,,,,,,,,,,,,,,,,,,,,
Michelson,https://tezos.gitlab.io/active/michelson.html,Michelson: the language of Smart Contracts in Tezos,,0,0,,,,,,,,,,,,,,,,,12,,,,,,,,,,,,,,,,,,,,,,,,,,,,,,
,,Validation of Decentralised Smart Contracts Through Game Theory and Formal Methods,,0,0,,,,,,,,,,,,,,,,,,,,5,,,,,,,,,,,,,,,42,,,,,,,7,,16,,,
Graph Construction,,Understanding ethereum via graph analysis,,0,0,,,,,,,,,,,,,,,,,,,,,,,,8,,,,,,,,,,,,,,,,,,,,,,,
,,Formal analysis of smart contract based on colored petri nets,,0,0,,,,,,,,,,,,,,,,,,,,,,,,,,,,,,5,,,,,,,,,,,,,,21,,,
,,An adaptive gas cost mechanism for ethereum to defend against under-priced dos attacks.,,0,0,,,,,,,,,,,,,,,,,,,,,,,,,,,,,,,,,,,9,,,,,,,,,,,,
,,Safer smart contract programming with Scilla,,0,0,,,,,,,,,,,,,,,,,,,,,,,,,,,,,,,,,,,17,,,,,,,,,53,,,
,,Towards verification of Ethereum smart contracts: a formalization of core of solidity,,0,0,,,,,,,,,,,,,,,,,,,,,,,,,,,,,,,,,,,36,,,,,,,,,,,,
,,A generalized formal semantic framework for smart contracts.,,0,0,,,,,,,,,,,,,,,,,,,,,,,,,,,,,,,,,,,41,,,,,,,,,,,,
,,A new approach to prevent reentrant attack in solidity smart contract,,0,0,,,,,,,,,,,,,,,,,,,,,,,,,,,,,,,,,,,45,,,,,,,,,,,,
,,DOORchain: deep ontology-based operation research to detect malicious smart contracts.,,0,0,,,,,,,,,,,,,,,,,,,,,,,,,,,,,,,,,,,46,,,,,,,,,,,,
,,An event-B based approach for formal modelling and verification of smart contract,,0,0,,0,,,,,,,,,,,,,,,,,,,,,,,,,,,,,,,,,50,,,,,,,,,,,,
ZeppelinOS,https://openzeppelin.com/sdk/,N,,0,0,,,,,,,,,,,,,,,,,,,,,,,,,,,,,,,,,,,,,,,1,,,,,,,,
SolCover,https://github.com/sc-forks/solidity-coverage,N,,0,0,,,,,,,,,,,,,,,,,,,,,,,,,,,,,,,,,,,,,,,2,,,,,,,,
Contract-Library,https://contract-library.com/,N,,0,0,,,,,,,,,,,,,,,,,,,,,,,,,,,,,,,,,,,,,,,11,,,,,,,,
DerScanner,https://derscanner.com/,N,,0,0,,,,,,,,,,,,,,,,,,,,,,,,,,,,,,,,,,,,,,,20,,,,,,,,
EY smart contract review tool,https://review-tool.blockchain.ey.com/,N,,0,0,,,0,,,,,,,,,,,,,,,,,,,,,,,,,,,,,,,,,,,,,,,,,,,,
WANA,,WANA: Symbolic execution of wasm bytecode for extensible smart contract vulnerability detection,,0,0,,,,,,,,,,,,,,,,,,,,,,,,,,,,,,,,,,,,,,,,5,,,,,,,
,,Runtime Verification of Ethereum Smart Contracts,,0,0,,,,,,,,,,,,,,,,,,,,,,,,,,,,,,,,,,,,,,,,,,6,,22,,,
SmarTest,,SmarTest: Effectively Hunting Vulnerable Transaction Sequences in Smart Contracts through Language Model-Guided Symbolic Execution,,0,0,,,,,,,,,,,,,,,,,,,,,,,,,,,,,,,,,,,,,,,,,,,1,,,,
EOSAFE,,EOSAFE: Security Analysis of EOSIO Smart Contracts,,0,0,,,,,,,,,,,,,,,,,,,,,,,,,,,,,,,,,,,,,,,,,,,2,,,,
,,Formal verification of functional requirements for smart contract compositions in supply chain management systems.,,0,0,,,,,,,,,,,,,,,,,,,,,,,,,,,,,,,,,,,,,,,,,,,,4,,,
,,Modeling Bitcoin Contracts by Timed Automata,,0,0,,,,,,,,,,,,,,,,,,,,,,,,,,,,,,,,,,,,,,,,,,,,6,,,
,,Certifying Findel Derivatives for Blockchain,,0,0,,,,,,,,,,,,,,,,,,,,,,,,,,,,,,,,,,,,,,,,,,,,9,,,
,,Developing secure bitcoin contracts with BitML,,0,0,,,,,,,,,,,,,,,,,,,,,,,,,,,,,,,,,,,,,,,,,,,,10,,,
,,Formal Specification and Verification of Hyperledger Fabric Chaincode,,0,0,,,,,,,,,,,,,,,,,,,,,,,,,,,,,,,,,,,,,,,,,,,,13,,,
,,"Mi-Cho-Coq, a framework for certifying Tezos Smart Contracts",,0,0,,,,,,,,,,,,,,,,,,,,,,,,,,,,,,,,,,,,,,,,,,,,14,,,
WhylSon,,WhylSon: Proving your Michelson Smart Contracts in Why3,,0,0,,,,,,,,,,,,,,,,,,,,,,,,,,,,,,,,,,,,,,,,,,,,20,,,
,,Termination of Ethereum's Smart Contracts,,0,0,,,,,,,,,,,,,,,,,,,,,,,,,,,,,,,,,,,,,,,,,,,,26,,,
Marlowe,,Marlowe: Implementing and Analysing Financial Contracts on Blockchain,,0,0,,,,,,,,,,,,,,,,,,,,,,,,,,,,,,,,,,,,,,,,,,,,34,,,
,,Towards Verifying Ethereum Smart Contracts at Intermediate Language Level,,0,0,,,,,,,,,,,,,,,,,,,,,,,,,,,,,,,,,,,,,,,,,,,,36,,,
,,Formal Verification of Smart Contracts Using Interface Automata,,0,0,,,,,,,,,,,,,,,,,,,,,,,,,,,,,,,,,,,,,,,,,,,,41,,,
,,Statistical model checking for blockchain-based applications,,0,0,,,,,,,,,,,,,,,,,,,,,,,,,,,,,,,,,,,,,,,,,,,,42,,,
,,Implementation of Smart Contracts Using Hybrid Architectures with On and Off¨CBlockchain Components,,0,0,,,,,,,,,,,,,,,,,,,,,,,,,,,,,,,,,,,,,,,,,,,,44,,,
,,Debugging Smart Contract¡¯s Business Logic Using Symbolic Model Checking,,0,0,,,,,,,,,,,,,,,,,,,,,,,,,,,,,,,,,,,,,,,,,,,,54,,,
,,On the specification and verification of atomic swap smart contracts,,0,0,,,,,,,,,,,,,,,,,,,,,,,,,,,,,,,,,,,,,,,,,,,,59,,,
,,Towards a formally verified EVM in production environment,,0,0,,,,,,,,,,,,,,,,,,,,,,,,,,,,,,,,,,,,,,,,,,,,64,,,
ZoKrates,,ZoKrates - Scalable Privacy-Preserving Off-Chain Computations,,0,0,,,,,,,,,,,,,,,,,,,,,,,,,,,,,,,,,,,,,,,,,,,,,,,16
,,Potential Risks of Hyperledger Fabric Smart Contracts,,0,0,,,,,,,,,,,,,,,,,,,,,,,,,,,,,,,,,,,,,,,,,,,,,,,18
