address,location,vulnerability,swc_id,severity,vulnerable_contract,vulnerable_function,compiler,SWC_ID
/bdata2/sc/dataset/mainnet/0xE6C9Db562845aF046e3CA290b4110d8398ce71E9.sol,462.0,Unprotected Selfdestruct,106,High,AdminAuth,kill,0.8.10,SWC-106
/bdata2/sc/dataset/mainnet/0xE6C9Db562845aF046e3CA290b4110d8398ce71E9.sol,463.0,Unprotected Selfdestruct,106,High,McdOpen,kill,0.8.10,SWC-106
/bdata2/sc/dataset/mainnet/0xE6C9Db562845aF046e3CA290b4110d8398ce71E9.sol,1091.0,Unprotected Selfdestruct,106,High,DFSRegistry,kill,0.8.10,SWC-106
/bdata2/sc/dataset/mainnet/0xa4d5d3e56012C1eD8aba4bE246964962DC3F735f.sol,945.0,Unprotected Selfdestruct,106,High,AdminAuth,kill,0.8.10,SWC-106
/bdata2/sc/dataset/mainnet/0xa4d5d3e56012C1eD8aba4bE246964962DC3F735f.sol,,Unprotected Selfdestruct,106,High,DFSRegistry,kill,0.8.10,SWC-106
/bdata2/sc/dataset/mainnet/0xd393582bE148A45585aB202Fa7Cc789Fa5127223.sol,1398.0,Unprotected Selfdestruct,106,High,AdminAuth,kill,0.8.10,SWC-106
/bdata2/sc/dataset/mainnet/0xd393582bE148A45585aB202Fa7Cc789Fa5127223.sol,394.0,Unprotected Selfdestruct,106,High,DFSRegistry,kill,0.8.10,SWC-106
/bdata2/sc/dataset/mainnet/0xd393582bE148A45585aB202Fa7Cc789Fa5127223.sol,411.0,Unprotected Selfdestruct,106,High,FLMaker,kill,0.8.10,SWC-106
/bdata2/sc/dataset/mainnet/0x65e19f967b3f3cb6466110ad238039f5423e3177.sol,1505.0,Unprotected Selfdestruct,106,High,AdminAuth,kill,0.8.10,SWC-106
/bdata2/sc/dataset/mainnet/0x65e19f967b3f3cb6466110ad238039f5423e3177.sol,,Unprotected Selfdestruct,106,High,DFSRegistry,kill,0.8.10,SWC-106
/bdata2/sc/dataset/mainnet/0xa92B177950F1460119940436515FD857C24494BC.sol,410.0,Unprotected Selfdestruct,106,High,AdminAuth,kill,0.8.10,SWC-106
/bdata2/sc/dataset/mainnet/0xa92B177950F1460119940436515FD857C24494BC.sol,411.0,Unprotected Selfdestruct,106,High,TokenBalance,kill,0.8.10,SWC-106
/bdata2/sc/dataset/mainnet/0xa92B177950F1460119940436515FD857C24494BC.sol,314.0,Unprotected Selfdestruct,106,High,DFSRegistry,kill,0.8.10,SWC-106
/bdata2/sc/dataset/mainnet/0xd489ffaeeb46b2d7e377850d45e1f8ca3350fc82.sol,409.0,Unprotected Selfdestruct,106,High,AdminAuth,kill,0.8.10,SWC-106
/bdata2/sc/dataset/mainnet/0xd489ffaeeb46b2d7e377850d45e1f8ca3350fc82.sol,426.0,Unprotected Selfdestruct,106,High,ProxyAuth,kill,0.8.10,SWC-106
/bdata2/sc/dataset/mainnet/0x537a021F3647a64A5a1FEFB7C4D5a5A6DCaE6b9f.sol,,Unprotected Selfdestruct,106,High,AdminAuth,kill,0.8.10,SWC-106
/bdata2/sc/dataset/mainnet/0x537a021F3647a64A5a1FEFB7C4D5a5A6DCaE6b9f.sol,408.0,Unprotected Selfdestruct,106,High,BotAuth,kill,0.8.10,SWC-106
/bdata2/sc/dataset/mainnet/0xE637544390db79EdDE0a9CAF352ED0FfF7451bDB.sol,1252.0,Unprotected Selfdestruct,106,High,AdminAuth,kill,0.8.10,SWC-106
/bdata2/sc/dataset/mainnet/0xE637544390db79EdDE0a9CAF352ED0FfF7451bDB.sol,1299.0,Unprotected Selfdestruct,106,High,DFSRegistry,kill,0.8.10,SWC-106
/bdata2/sc/dataset/mainnet/0x563eF9b1075628E62aDc657702517dEA72ca08d6.sol,407.0,Unprotected Selfdestruct,106,High,AdminAuth,kill,0.8.10,SWC-106
/bdata2/sc/dataset/mainnet/0x563eF9b1075628E62aDc657702517dEA72ca08d6.sol,,Unprotected Selfdestruct,106,High,DFSRegistry,kill,0.8.10,SWC-106
/bdata2/sc/dataset/mainnet/0x827089C5Fc7653655c4080c660Cd8f755F818443.sol,1628.0,Unprotected Selfdestruct,106,High,AdminAuth,kill,0.8.10,SWC-106
/bdata2/sc/dataset/mainnet/0x827089C5Fc7653655c4080c660Cd8f755F818443.sol,1557.0,Unprotected Selfdestruct,106,High,DFSRegistry,kill,0.8.10,SWC-106
/bdata2/sc/dataset/mainnet/0xD56F0EC66267958e08c91547c259cCAC006BF118.sol,1318.0,Unprotected Selfdestruct,106,High,AdminAuth,kill,0.8.10,SWC-106
/bdata2/sc/dataset/mainnet/0xD56F0EC66267958e08c91547c259cCAC006BF118.sol,891.0,Unprotected Selfdestruct,106,High,MStableClaim,kill,0.8.10,SWC-106
/bdata2/sc/dataset/mainnet/0xD56F0EC66267958e08c91547c259cCAC006BF118.sol,,Unprotected Selfdestruct,106,High,DFSRegistry,kill,0.8.10,SWC-106
/bdata2/sc/dataset/mainnet/0xc210f2ba1eF46B02AfDA6F52F7376D13649a6B82.sol,1410.0,Unprotected Selfdestruct,106,High,AdminAuth,kill,0.8.10,SWC-106
/bdata2/sc/dataset/mainnet/0xc210f2ba1eF46B02AfDA6F52F7376D13649a6B82.sol,599.0,Unprotected Selfdestruct,106,High,McdPayback,kill,0.8.10,SWC-106
/bdata2/sc/dataset/mainnet/0xc210f2ba1eF46B02AfDA6F52F7376D13649a6B82.sol,,Unprotected Selfdestruct,106,High,DFSRegistry,kill,0.8.10,SWC-106
/bdata2/sc/dataset/mainnet/0x172f1dB6c58C524A1Ab616a1E65c19B5DF5545ae.sol,398.0,Unprotected Selfdestruct,106,High,AdminAuth,kill,0.8.10,SWC-106
/bdata2/sc/dataset/mainnet/0x172f1dB6c58C524A1Ab616a1E65c19B5DF5545ae.sol,408.0,Unprotected Selfdestruct,106,High,StrategyStorage,kill,0.8.10,SWC-106
/bdata2/sc/dataset/mainnet/0x172f1dB6c58C524A1Ab616a1E65c19B5DF5545ae.sol,,Unprotected Selfdestruct,106,High,DFSRegistry,kill,0.8.10,SWC-106
/bdata2/sc/dataset/mainnet/0x8e8Fd178A5FAE3A29F9CB1A06aBBBCFd5B83beb7.sol,1393.0,Unprotected Selfdestruct,106,High,AdminAuth,kill,0.8.10,SWC-106
/bdata2/sc/dataset/mainnet/0x8e8Fd178A5FAE3A29F9CB1A06aBBBCFd5B83beb7.sol,533.0,Unprotected Selfdestruct,106,High,DFSRegistry,kill,0.8.10,SWC-106
/bdata2/sc/dataset/mainnet/0x287778F121F134C66212FB16c9b53eC991D32f5b.sol,590.0,Unprotected Selfdestruct,106,High,AdminAuth,kill,0.8.10,SWC-106
/bdata2/sc/dataset/mainnet/0x287778F121F134C66212FB16c9b53eC991D32f5b.sol,408.0,Unprotected Selfdestruct,106,High,DFSRegistry,kill,0.8.10,SWC-106
/bdata2/sc/dataset/mainnet/0x3dF75BE8Fb0a6186BE9705cACaa6dD2a4Ec3e40C.sol,1263.0,Unprotected Selfdestruct,106,High,AdminAuth,kill,0.8.10,SWC-106
/bdata2/sc/dataset/mainnet/0x3dF75BE8Fb0a6186BE9705cACaa6dD2a4Ec3e40C.sol,408.0,Unprotected Selfdestruct,106,High,UniMintV3,kill,0.8.10,SWC-106
/bdata2/sc/dataset/mainnet/0x3dF75BE8Fb0a6186BE9705cACaa6dD2a4Ec3e40C.sol,,Unprotected Selfdestruct,106,High,DFSRegistry,kill,0.8.10,SWC-106
/bdata2/sc/dataset/mainnet/0x56eb74b9963bcbd6877ab4bf8e68dabbee13b2bb.sol,,Unprotected Selfdestruct,106,High,AdminAuth,kill,0.8.10,SWC-106
/bdata2/sc/dataset/mainnet/0x56eb74b9963bcbd6877ab4bf8e68dabbee13b2bb.sol,,Unprotected Selfdestruct,106,High,StrategyStorage,kill,0.8.10,SWC-106
/bdata2/sc/dataset/mainnet/0x56eb74b9963bcbd6877ab4bf8e68dabbee13b2bb.sol,408.0,Unprotected Selfdestruct,106,High,BundleStorage,kill,0.8.10,SWC-106
/bdata2/sc/dataset/mainnet/0x56eb74b9963bcbd6877ab4bf8e68dabbee13b2bb.sol,,Unprotected Selfdestruct,106,High,DFSRegistry,kill,0.8.10,SWC-106
/bdata2/sc/dataset/mainnet/0xcc6838d8a61a4b29ea565d39c38b830f1491cb29.sol,1376.0,Unprotected Selfdestruct,106,High,AdminAuth,kill,0.8.10,SWC-106
/bdata2/sc/dataset/mainnet/0xcc6838d8a61a4b29ea565d39c38b830f1491cb29.sol,526.0,Unprotected Selfdestruct,106,High,ReflexerPayback,kill,0.8.10,SWC-106
/bdata2/sc/dataset/mainnet/0xcc6838d8a61a4b29ea565d39c38b830f1491cb29.sol,518.0,Unprotected Selfdestruct,106,High,DFSRegistry,kill,0.8.10,SWC-106
/bdata2/sc/dataset/mainnet/0xf2c87782D6Eff0511e82007119BAC40e9ba86F69.sol,410.0,Unprotected Selfdestruct,106,High,AdminAuth,kill,0.8.10,SWC-106
/bdata2/sc/dataset/mainnet/0xf2c87782D6Eff0511e82007119BAC40e9ba86F69.sol,1170.0,Unprotected Selfdestruct,106,High,DFSRegistry,kill,0.8.10,SWC-106
/bdata2/sc/dataset/mainnet/0xf8bb8F68b0A45DC315F3f7602a60cfb274B00951.sol,1280.0,Unprotected Selfdestruct,106,High,AdminAuth,kill,0.8.10,SWC-106
/bdata2/sc/dataset/mainnet/0xf8bb8F68b0A45DC315F3f7602a60cfb274B00951.sol,628.0,Unprotected Selfdestruct,106,High,UniWithdraw,kill,0.8.10,SWC-106
/bdata2/sc/dataset/mainnet/0xf8bb8F68b0A45DC315F3f7602a60cfb274B00951.sol,,Unprotected Selfdestruct,106,High,DFSRegistry,kill,0.8.10,SWC-106
/bdata2/sc/dataset/mainnet/0xDB6C8cFDd7c1C0F8895CDBC01Dbf4A6D4B6d2a29.sol,514.0,Unprotected Selfdestruct,106,High,AdminAuth,kill,0.8.10,SWC-106
/bdata2/sc/dataset/mainnet/0xDB6C8cFDd7c1C0F8895CDBC01Dbf4A6D4B6d2a29.sol,515.0,Unprotected Selfdestruct,106,High,UnwrapEth,kill,0.8.10,SWC-106
/bdata2/sc/dataset/mainnet/0xDB6C8cFDd7c1C0F8895CDBC01Dbf4A6D4B6d2a29.sol,1026.0,Unprotected Selfdestruct,106,High,DFSRegistry,kill,0.8.10,SWC-106
/bdata2/sc/dataset/mainnet/0x9058aAbEdEfe652b1d85DBBAB48Dfa78db613C44.sol,410.0,Unprotected Selfdestruct,106,High,AdminAuth,kill,0.8.10,SWC-106
/bdata2/sc/dataset/mainnet/0x9058aAbEdEfe652b1d85DBBAB48Dfa78db613C44.sol,1307.0,Unprotected Selfdestruct,106,High,DFSRegistry,kill,0.8.10,SWC-106
/bdata2/sc/dataset/mainnet/0x86fdd4a6438d448a794a44abbe47d57590b3350d.sol,1505.0,Unprotected Selfdestruct,106,High,AdminAuth,kill,0.8.10,SWC-106
/bdata2/sc/dataset/mainnet/0x86fdd4a6438d448a794a44abbe47d57590b3350d.sol,1672.0,Unprotected Selfdestruct,106,High,DFSRegistry,kill,0.8.10,SWC-106
/bdata2/sc/dataset/mainnet/0x9935e12F0218E61c27D7f23eAC9A9D6881a078eC.sol,1275.0,Unprotected Selfdestruct,106,High,AdminAuth,kill,0.8.10,SWC-106
/bdata2/sc/dataset/mainnet/0x9935e12F0218E61c27D7f23eAC9A9D6881a078eC.sol,491.0,Unprotected Selfdestruct,106,High,DFSRegistry,kill,0.8.10,SWC-106
/bdata2/sc/dataset/mainnet/0x4704a7cBd4d913d1233765B70531D601b4384011.sol,1250.0,Unprotected Selfdestruct,106,High,AdminAuth,kill,0.8.10,SWC-106
/bdata2/sc/dataset/mainnet/0x4704a7cBd4d913d1233765B70531D601b4384011.sol,408.0,Unprotected Selfdestruct,106,High,ReflexerOpen,kill,0.8.10,SWC-106
/bdata2/sc/dataset/mainnet/0x4704a7cBd4d913d1233765B70531D601b4384011.sol,,Unprotected Selfdestruct,106,High,DFSRegistry,kill,0.8.10,SWC-106
/bdata2/sc/dataset/mainnet/0x05DFa8deac975d8Cf58fe85CAA7040a28C7f9F94.sol,,Unprotected Selfdestruct,106,High,AdminAuth,kill,0.8.10,SWC-106
/bdata2/sc/dataset/mainnet/0x05DFa8deac975d8Cf58fe85CAA7040a28C7f9F94.sol,956.0,Unprotected Selfdestruct,106,High,StrategyStorage,kill,0.8.10,SWC-106
/bdata2/sc/dataset/mainnet/0x05DFa8deac975d8Cf58fe85CAA7040a28C7f9F94.sol,29.0,Unprotected Selfdestruct,106,High,BundleStorage,kill,0.8.10,SWC-106
/bdata2/sc/dataset/mainnet/0x05DFa8deac975d8Cf58fe85CAA7040a28C7f9F94.sol,226.0,Unprotected Selfdestruct,106,High,DFSRegistry,kill,0.8.10,SWC-106
/bdata2/sc/dataset/mainnet/0x08AC78B418fCB0DDF1096533856A757C28d430d7.sol,1353.0,Unprotected Selfdestruct,106,High,AdminAuth,kill,0.8.10,SWC-106
/bdata2/sc/dataset/mainnet/0x08AC78B418fCB0DDF1096533856A757C28d430d7.sol,683.0,Unprotected Selfdestruct,106,High,FLDyDx,kill,0.8.10,SWC-106
/bdata2/sc/dataset/mainnet/0x08AC78B418fCB0DDF1096533856A757C28d430d7.sol,,Unprotected Selfdestruct,106,High,DFSRegistry,kill,0.8.10,SWC-106
/bdata2/sc/dataset/mainnet/0xe06224593D9c860B2fBF39eEA3b9B8A85b77Fbc4.sol,1266.0,Unprotected Selfdestruct,106,High,AdminAuth,kill,0.8.10,SWC-106
/bdata2/sc/dataset/mainnet/0xe06224593D9c860B2fBF39eEA3b9B8A85b77Fbc4.sol,1289.0,Unprotected Selfdestruct,106,High,DFSRegistry,kill,0.8.10,SWC-106
/bdata2/sc/dataset/mainnet/0xe1804b756188F63f723d2FECc02988D0Cc1aB823.sol,410.0,Unprotected Selfdestruct,106,High,AdminAuth,kill,0.8.10,SWC-106
/bdata2/sc/dataset/mainnet/0xe1804b756188F63f723d2FECc02988D0Cc1aB823.sol,977.0,Unprotected Selfdestruct,106,High,DFSRegistry,kill,0.8.10,SWC-106
/bdata2/sc/dataset/mainnet/0x254cA89a00d53ab61de2Ba5641DBDC01aE48aed4.sol,514.0,Unprotected Selfdestruct,106,High,AdminAuth,kill,0.8.10,SWC-106
/bdata2/sc/dataset/mainnet/0x254cA89a00d53ab61de2Ba5641DBDC01aE48aed4.sol,515.0,Unprotected Selfdestruct,106,High,PullToken,kill,0.8.10,SWC-106
/bdata2/sc/dataset/mainnet/0x254cA89a00d53ab61de2Ba5641DBDC01aE48aed4.sol,1031.0,Unprotected Selfdestruct,106,High,DFSRegistry,kill,0.8.10,SWC-106
/bdata2/sc/dataset/mainnet/0xa052eD427EFa63B5bb87c409449a47e7C50317e3.sol,838.0,Unprotected Selfdestruct,106,High,AdminAuth,kill,0.8.10,SWC-106
/bdata2/sc/dataset/mainnet/0xa052eD427EFa63B5bb87c409449a47e7C50317e3.sol,411.0,Unprotected Selfdestruct,106,High,RariWithdraw,kill,0.8.10,SWC-106
/bdata2/sc/dataset/mainnet/0xa052eD427EFa63B5bb87c409449a47e7C50317e3.sol,,Unprotected Selfdestruct,106,High,DFSRegistry,kill,0.8.10,SWC-106
/bdata2/sc/dataset/mainnet/0x0CA4255b37DD083dBD48Ca74d575F46037992520.sol,1271.0,Unprotected Selfdestruct,106,High,AdminAuth,kill,0.8.10,SWC-106
/bdata2/sc/dataset/mainnet/0x0CA4255b37DD083dBD48Ca74d575F46037992520.sol,408.0,Unprotected Selfdestruct,106,High,UniSupplyV3,kill,0.8.10,SWC-106
/bdata2/sc/dataset/mainnet/0x0CA4255b37DD083dBD48Ca74d575F46037992520.sol,1289.0,Unprotected Selfdestruct,106,High,DFSRegistry,kill,0.8.10,SWC-106
/bdata2/sc/dataset/mainnet/0x910F73Fb8C0Bd15423c0D0BaD9F1ed95187a48fD.sol,1250.0,Unprotected Selfdestruct,106,High,AdminAuth,kill,0.8.10,SWC-106
/bdata2/sc/dataset/mainnet/0x910F73Fb8C0Bd15423c0D0BaD9F1ed95187a48fD.sol,411.0,Unprotected Selfdestruct,106,High,LidoUnwrap,kill,0.8.10,SWC-106
/bdata2/sc/dataset/mainnet/0x910F73Fb8C0Bd15423c0D0BaD9F1ed95187a48fD.sol,1277.0,Unprotected Selfdestruct,106,High,DFSRegistry,kill,0.8.10,SWC-106
/bdata2/sc/dataset/mainnet/0xd7a36cd4ce7ccc2f1376dc5c48bac84380a4f698.sol,1364.0,Unprotected Selfdestruct,106,High,AdminAuth,kill,0.8.10,SWC-106
/bdata2/sc/dataset/mainnet/0xd7a36cd4ce7ccc2f1376dc5c48bac84380a4f698.sol,,Unprotected Selfdestruct,106,High,DFSRegistry,kill,0.8.10,SWC-106
/bdata2/sc/dataset/mainnet/0xb247cD4cab056800cCDa7cE1AFB781a8bFA9b57A.sol,1301.0,Unprotected Selfdestruct,106,High,AdminAuth,kill,0.8.10,SWC-106
/bdata2/sc/dataset/mainnet/0xb247cD4cab056800cCDa7cE1AFB781a8bFA9b57A.sol,411.0,Unprotected Selfdestruct,106,High,GUniDeposit,kill,0.8.10,SWC-106
/bdata2/sc/dataset/mainnet/0xb247cD4cab056800cCDa7cE1AFB781a8bFA9b57A.sol,,Unprotected Selfdestruct,106,High,DFSRegistry,kill,0.8.10,SWC-106
/bdata2/sc/dataset/mainnet/0x6fe6b0eeeec7b05d663a99c0805e1a18fbdc6e59.sol,2006.0,Unprotected Selfdestruct,106,High,AdminAuth,kill,0.8.10,SWC-106
/bdata2/sc/dataset/mainnet/0x6fe6b0eeeec7b05d663a99c0805e1a18fbdc6e59.sol,408.0,Unprotected Selfdestruct,106,High,FLAaveV2,kill,0.8.10,SWC-106
/bdata2/sc/dataset/mainnet/0x6fe6b0eeeec7b05d663a99c0805e1a18fbdc6e59.sol,2057.0,Unprotected Selfdestruct,106,High,DFSRegistry,kill,0.8.10,SWC-106
/bdata2/sc/dataset/mainnet/0x20b78854658011394c931ef2bf3ceea2fe62e7f0.sol,1505.0,Unprotected Selfdestruct,106,High,AdminAuth,kill,0.8.10,SWC-106
/bdata2/sc/dataset/mainnet/0x20b78854658011394c931ef2bf3ceea2fe62e7f0.sol,1685.0,Unprotected Selfdestruct,106,High,DFSRegistry,kill,0.8.10,SWC-106
/bdata2/sc/dataset/mainnet/0x4a7dd38D2BcA817fb68165155F869ca4179d8060.sol,1237.0,Unprotected Selfdestruct,106,High,AdminAuth,kill,0.8.10,SWC-106
/bdata2/sc/dataset/mainnet/0x4a7dd38D2BcA817fb68165155F869ca4179d8060.sol,408.0,Unprotected Selfdestruct,106,High,LidoStake,kill,0.8.10,SWC-106
/bdata2/sc/dataset/mainnet/0x4a7dd38D2BcA817fb68165155F869ca4179d8060.sol,399.0,Unprotected Selfdestruct,106,High,DFSRegistry,kill,0.8.10,SWC-106
/bdata2/sc/dataset/mainnet/0x5ab0244a00a733f16e6b238b462bdf3538c698e1.sol,1505.0,Unprotected Selfdestruct,106,High,AdminAuth,kill,0.8.10,SWC-106
/bdata2/sc/dataset/mainnet/0x5ab0244a00a733f16e6b238b462bdf3538c698e1.sol,1674.0,Unprotected Selfdestruct,106,High,DFSRegistry,kill,0.8.10,SWC-106
/bdata2/sc/dataset/mainnet/0x6F7cD7C0Dd3634E14bAB91FDF3bCE0a4315b3C59.sol,1292.0,Unprotected Selfdestruct,106,High,AdminAuth,kill,0.8.10,SWC-106
/bdata2/sc/dataset/mainnet/0x6F7cD7C0Dd3634E14bAB91FDF3bCE0a4315b3C59.sol,,Unprotected Selfdestruct,106,High,DFSRegistry,kill,0.8.10,SWC-106
/bdata2/sc/dataset/mainnet/0x0a5e900E8261F826484BD96F0da564C5bB365Ffa.sol,,Unprotected Selfdestruct,106,High,AdminAuth,kill,0.8.10,SWC-106
/bdata2/sc/dataset/mainnet/0x0a5e900E8261F826484BD96F0da564C5bB365Ffa.sol,947.0,Unprotected Selfdestruct,106,High,StrategyStorage,kill,0.8.10,SWC-106
/bdata2/sc/dataset/mainnet/0x0a5e900E8261F826484BD96F0da564C5bB365Ffa.sol,964.0,Unprotected Selfdestruct,106,High,BundleStorage,kill,0.8.10,SWC-106
/bdata2/sc/dataset/mainnet/0x0a5e900E8261F826484BD96F0da564C5bB365Ffa.sol,408.0,Unprotected Selfdestruct,106,High,SubStorage,kill,0.8.10,SWC-106
/bdata2/sc/dataset/mainnet/0x0a5e900E8261F826484BD96F0da564C5bB365Ffa.sol,,Unprotected Selfdestruct,106,High,DFSRegistry,kill,0.8.10,SWC-106
/bdata2/sc/dataset/mainnet/0xdf24ed1250fbfa274316b50Bc9A009aFA8F61E16.sol,945.0,Unprotected Selfdestruct,106,High,AdminAuth,kill,0.8.10,SWC-106
/bdata2/sc/dataset/mainnet/0xdf24ed1250fbfa274316b50Bc9A009aFA8F61E16.sol,,Unprotected Selfdestruct,106,High,DFSRegistry,kill,0.8.10,SWC-106
/bdata2/sc/dataset/mainnet/0x5612e490c9549486dF16b34EBfD0E8b6cF6a1717.sol,514.0,Unprotected Selfdestruct,106,High,AdminAuth,kill,0.8.10,SWC-106
/bdata2/sc/dataset/mainnet/0x5612e490c9549486dF16b34EBfD0E8b6cF6a1717.sol,515.0,Unprotected Selfdestruct,106,High,SendToken,kill,0.8.10,SWC-106
/bdata2/sc/dataset/mainnet/0x5612e490c9549486dF16b34EBfD0E8b6cF6a1717.sol,1031.0,Unprotected Selfdestruct,106,High,DFSRegistry,kill,0.8.10,SWC-106
/bdata2/sc/dataset/mainnet/0x70907d840aBBc984Fd949311d2f005e6aC4a4D7a.sol,407.0,Unprotected Selfdestruct,106,High,AdminAuth,kill,0.8.10,SWC-106
/bdata2/sc/dataset/mainnet/0x70907d840aBBc984Fd949311d2f005e6aC4a4D7a.sol,974.0,Unprotected Selfdestruct,106,High,DFSRegistry,kill,0.8.10,SWC-106
/bdata2/sc/dataset/mainnet/0x77A05c15f62F1fA6471D466001E21C1B189fcA9F.sol,838.0,Unprotected Selfdestruct,106,High,AdminAuth,kill,0.8.10,SWC-106
/bdata2/sc/dataset/mainnet/0x77A05c15f62F1fA6471D466001E21C1B189fcA9F.sol,411.0,Unprotected Selfdestruct,106,High,RariDeposit,kill,0.8.10,SWC-106
/bdata2/sc/dataset/mainnet/0x77A05c15f62F1fA6471D466001E21C1B189fcA9F.sol,1256.0,Unprotected Selfdestruct,106,High,DFSRegistry,kill,0.8.10,SWC-106
/bdata2/sc/dataset/mainnet/0x331D7C3F6E710cB6cFE94c4Aa04AC3345AC00e00.sol,1246.0,Unprotected Selfdestruct,106,High,AdminAuth,kill,0.8.10,SWC-106
/bdata2/sc/dataset/mainnet/0x331D7C3F6E710cB6cFE94c4Aa04AC3345AC00e00.sol,408.0,Unprotected Selfdestruct,106,High,UniCollectV3,kill,0.8.10,SWC-106
/bdata2/sc/dataset/mainnet/0x331D7C3F6E710cB6cFE94c4Aa04AC3345AC00e00.sol,1270.0,Unprotected Selfdestruct,106,High,DFSRegistry,kill,0.8.10,SWC-106
/bdata2/sc/dataset/mainnet/0x6D06C6c2BCeaEC31b0F8Cd68C594120dDCcCC427.sol,1426.0,Unprotected Selfdestruct,106,High,AdminAuth,kill,0.8.10,SWC-106
/bdata2/sc/dataset/mainnet/0x6D06C6c2BCeaEC31b0F8Cd68C594120dDCcCC427.sol,,Unprotected Selfdestruct,106,High,DFSRegistry,kill,0.8.10,SWC-106
/bdata2/sc/dataset/mainnet/0xe35Fb12fE9796847751076aCf5ee7d124108612C.sol,1057.0,Unprotected Selfdestruct,106,High,AdminAuth,kill,0.8.10,SWC-106
/bdata2/sc/dataset/mainnet/0xe35Fb12fE9796847751076aCf5ee7d124108612C.sol,411.0,Unprotected Selfdestruct,106,High,AutomationV2Unsub,kill,0.8.10,SWC-106
/bdata2/sc/dataset/mainnet/0xe35Fb12fE9796847751076aCf5ee7d124108612C.sol,1085.0,Unprotected Selfdestruct,106,High,DFSRegistry,kill,0.8.10,SWC-106
/bdata2/sc/dataset/mainnet/0x683a0fd868857cc9F0f1dc9c7fDbE1be04506583.sol,,Unprotected Selfdestruct,106,High,AdminAuth,kill,0.8.10,SWC-106
/bdata2/sc/dataset/mainnet/0x683a0fd868857cc9F0f1dc9c7fDbE1be04506583.sol,207.0,Unprotected Selfdestruct,106,High,DFSRegistry,kill,0.8.10,SWC-106
/bdata2/sc/dataset/mainnet/0x5C7a9f4635AE4F95da2e45317311AAe255FB71B3.sol,,Unprotected Selfdestruct,106,High,AdminAuth,kill,0.8.10,SWC-106
/bdata2/sc/dataset/mainnet/0x5C7a9f4635AE4F95da2e45317311AAe255FB71B3.sol,925.0,Unprotected Selfdestruct,106,High,DFSRegistry,kill,0.8.10,SWC-106
/bdata2/sc/dataset/mainnet/0xe7F76594123683DE9178DE4496C553B50Ec95aBf.sol,1470.0,Unprotected Selfdestruct,106,High,AdminAuth,kill,0.8.10,SWC-106
/bdata2/sc/dataset/mainnet/0xe7F76594123683DE9178DE4496C553B50Ec95aBf.sol,,Unprotected Selfdestruct,106,High,DFSRegistry,kill,0.8.10,SWC-106
/bdata2/sc/dataset/mainnet/0xD8a14d447AB6789F3bf1Eb763b6306db3FC3d666.sol,,Unprotected Selfdestruct,106,High,AdminAuth,kill,0.8.10,SWC-106
/bdata2/sc/dataset/mainnet/0xD8a14d447AB6789F3bf1Eb763b6306db3FC3d666.sol,,Unprotected Selfdestruct,106,High,DFSRegistry,kill,0.8.10,SWC-106
/bdata2/sc/dataset/mainnet/0xC3d89139508A3883775D3d1E62E2A0fea363b448.sol,1275.0,Unprotected Selfdestruct,106,High,AdminAuth,kill,0.8.10,SWC-106
/bdata2/sc/dataset/mainnet/0xC3d89139508A3883775D3d1E62E2A0fea363b448.sol,518.0,Unprotected Selfdestruct,106,High,CompCollateralSwitch,kill,0.8.10,SWC-106
/bdata2/sc/dataset/mainnet/0xC3d89139508A3883775D3d1E62E2A0fea363b448.sol,1242.0,Unprotected Selfdestruct,106,High,DFSRegistry,kill,0.8.10,SWC-106
/bdata2/sc/dataset/mainnet/0x837D6E7F469b3cC820B0a6Da25415D5aE0A861c4.sol,1175.0,Unprotected Selfdestruct,106,High,AdminAuth,kill,0.8.10,SWC-106
/bdata2/sc/dataset/mainnet/0x837D6E7F469b3cC820B0a6Da25415D5aE0A861c4.sol,408.0,Unprotected Selfdestruct,106,High,YearnSupply,kill,0.8.10,SWC-106
/bdata2/sc/dataset/mainnet/0x837D6E7F469b3cC820B0a6Da25415D5aE0A861c4.sol,848.0,Unprotected Selfdestruct,106,High,DFSRegistry,kill,0.8.10,SWC-106
/bdata2/sc/dataset/mainnet/0x0304ca88ec05853c4fd1adf44c6f354fad927a83.sol,424.0,Unprotected Selfdestruct,106,High,FlightDelayDatabase,destruct,v0.4.18,SWC-106
/bdata2/sc/dataset/mainnet/0x0821f459bfbe966bb93ad220ece6e1bdfcadeab3.sol,187.0,Unprotected Selfdestruct,106,High,TokenERC20,selfdestructs,v0.4.16,SWC-106
/bdata2/sc/dataset/mainnet/0x7daa6b6a7c761315c75cb080f3baa2c310a0c60f.sol,204.0,Unprotected Selfdestruct,106,High,RapidProfit,removeContract,v0.4.23,SWC-106
/bdata2/sc/dataset/mainnet/0x8382380e8956173ee437e0f70d406ce51fe37577.sol,398.0,Unprotected Selfdestruct,106,High,FlightDelayAccessController,destruct,v0.4.18,SWC-106
/bdata2/sc/dataset/mainnet/0x34afa7ff9a8eb4d8e61145ca81e2d0dab7b03662.sol,9.0,Unprotected Selfdestruct,106,High,Destroyable,destroy,v0.4.18,SWC-106
/bdata2/sc/dataset/mainnet/0x9b2de3808e64a2a7ddfab46e991d9f354acde54d.sol,62.0,Unprotected Selfdestruct,106,High,Crowdsale,withdrawCoins,v0.4.23,SWC-106
/bdata2/sc/dataset/mainnet/0x2a8c1742603cfa9ab2b300b6f0ffc46f49d35f32.sol,13.0,Unprotected Selfdestruct,106,High,destroyer,destroy,v0.4.23,SWC-106
/bdata2/sc/dataset/mainnet/0x2a8c1742603cfa9ab2b300b6f0ffc46f49d35f32.sol,7.0,Unprotected Selfdestruct,106,High,fmp,destroy,v0.4.23,SWC-106
/bdata2/sc/dataset/mainnet/0x32abccbed2189733a77b24f9899dc26afe5d4c36.sol,315.0,Unprotected Selfdestruct,106,High,ContractStakeToken,removeContract,v0.4.23,SWC-106
/bdata2/sc/dataset/mainnet/0x2a37f3c4ce5ee6b1dbcdb593b21eee1c418ad403.sol,424.0,Unprotected Selfdestruct,106,High,FlightDelayLedger,destruct,v0.4.18,SWC-106
/bdata2/sc/dataset/mainnet/0xf41164ae20cd4b699aa4768af923c6db20264958.sol,,Unprotected Selfdestruct,106,High,0x72c68108a82e82617b93d1be0d7975d762035015,constructor,0.4.11,SWC-106
/bdata2/sc/dataset/mainnet/0x7ee65fe55accd9430f425379851fe768270c6699.sol,110.0,Unprotected Selfdestruct,106,High,EthRelief,selfDestruct,v0.4.21,SWC-106
/bdata2/sc/dataset/mainnet/0x711a1836b306d2eac12129c0b97da8931ee80fe2.sol,,Unprotected Selfdestruct,106,Low,0x72c68108a82e82617b93d1be0d7975d762035015,constructor,v0.4.21,SWC-106
/bdata2/sc/dataset/mainnet/0xb6a5f50b5ce5909a9c75ce27fec96e5de393af61.sol,104.0,Unprotected Selfdestruct,106,High,EtheraffleDisbursal,selfDestruct,v0.4.21,SWC-106
/bdata2/sc/dataset/mainnet/0xF97EadfA18A8771CC8084A34fCe441702ab085d9.sol,119.0,Unprotected Selfdestruct,106,High,0xc9ee761b11a3ef990f3c432e7791f1312406bdf3,disperseEther,0.8.11,SWC-106
/bdata2/sc/dataset/mainnet/0x7308c48fe757f424c74bce3fe21951869a4ba072.sol,63.0,Unprotected Selfdestruct,106,High,Ownable,destroy,0.8.3,SWC-106
/bdata2/sc/dataset/mainnet/0x03B814BeaDBe50c186f747b779161EA1FFf70966.sol,55.0,Unprotected Selfdestruct,106,High,MintNFT,constructor,0.8.12,SWC-106
/bdata2/sc/dataset/mainnet/0x6a84e7a0d6dbe26856f96da6c0036d1e9554a0c7.sol,208.0,Unprotected Selfdestruct,106,High,Ownable,destroy,0.8.3,SWC-106
/bdata2/sc/dataset/mainnet/0x76bcE5895946Cf7B6CFd6d8c4aB2E21E821f3Eda.sol,120.0,Unprotected Selfdestruct,106,High,MintNFT,mint,0.8.12,SWC-106
/bdata2/sc/dataset/mainnet/0xd58660cad6e1eeeaff48647c10fd49428e6277d9.sol,28.0,Unprotected Selfdestruct,106,High,ContractFactory,_selfdestruct,0.8.2,SWC-106
/bdata2/sc/dataset/mainnet/0xf13da8c414032414fd79088cd09cd89dde75be52.sol,301.0,Unprotected Selfdestruct,106,High,Ownable,destroy,0.8.3,SWC-106
/bdata2/sc/dataset/mainnet/0xbc78a4d0f7f4b6b261b540faadd226b98d588ee1.sol,,Unprotected Selfdestruct,106,High,Ownable,destroy,0.8.3,SWC-106
/bdata2/sc/dataset/mainnet/0x556476930dd93a25a8439135b89e9d2ffbdc0fcf.sol,,Unprotected Selfdestruct,106,High,Ownable,destroy,0.8.3,SWC-106
/bdata2/sc/dataset/mainnet/0x4EF77d2992D555CE3cE84A243732710DC2aee1D1.sol,108.0,Unprotected Selfdestruct,106,High,MintNFT,constructor,0.8.12,SWC-106
/bdata2/sc/dataset/mainnet/0xb162a41d873e25efbca4a2de7f8f9cb680e5f68c.sol,,Unprotected Selfdestruct,106,High,Ownable,destroy,0.8.3,SWC-106
/bdata2/sc/dataset/mainnet/0x02a9bc377328ae4cf44534d610cb6e971d77aec5.sol,,Unprotected Selfdestruct,106,High,Ownable,destroy,0.8.3,SWC-106
/bdata2/sc/dataset/mainnet/0x01959bC17248faCBf3804FB58dc57652cF7B2C40.sol,105.0,Unprotected Selfdestruct,106,High,MintNFT,constructor,0.8.12,SWC-106
/bdata2/sc/dataset/mainnet/0x4Ba70c8c32Cfac4967B7a6561758d2F4a6Ac3D3F.sol,20.0,Unprotected Selfdestruct,106,High,PiggyBank,withdraw,0.7.6,SWC-106
/bdata2/sc/dataset/mainnet/0xec828053b92a3f1611ab9a3b4b0e3e8fc93a4561.sol,34.0,Unprotected Selfdestruct,106,High,Ownable,destroy,0.8.3,SWC-106
/bdata2/sc/dataset/mainnet/0x66bd31d0fbc8c2eba1519b8b0cd88059f43badcc.sol,,Unprotected Selfdestruct,106,High,Ownable,destroy,0.8.3,SWC-106
/bdata2/sc/dataset/mainnet/0x954a0f8b9416aa6cdc2d12072b1fcb57397328ea.sol,,Unprotected Selfdestruct,106,High,Ownable,destroy,0.8.3,SWC-106
/bdata2/sc/dataset/mainnet/0xa5055c3cf049effb8583b3eb2d4f86d6d62018f9.sol,245.0,Unprotected Selfdestruct,106,High,Ownable,destroy,0.8.3,SWC-106
/bdata2/sc/dataset/mainnet/0x174dC5e369993bE60A16657F32E24380fc8A709F.sol,,Unprotected Selfdestruct,106,High,MintNFT,constructor,0.8.12,SWC-106
/bdata2/sc/dataset/mainnet/0x4940628d4fd6974eab77ce3c126848f063e9555d.sol,211.0,Unprotected Selfdestruct,106,High,Ownable,destroy,0.8.3,SWC-106
/bdata2/sc/dataset/mainnet/0x15bff4f4571e90df5679e68a37db3df98fd42dea.sol,284.0,Unprotected Selfdestruct,106,High,Ownable,destroy,0.8.3,SWC-106
/bdata2/sc/dataset/mainnet/0x177fbb9ef16f4f740f51d5b2c691bbf9a2a06165.sol,503.0,Unprotected Selfdestruct,106,High,Ownable,destroy,0.8.3,SWC-106
/bdata2/sc/dataset/mainnet/0xe0191674ce01133a8927a54b3b091e897a1de460.sol,,Unprotected Selfdestruct,106,High,Ownable,destroy,0.8.3,SWC-106
/bdata2/sc/dataset/mainnet/0xeD1ab1a509D5022814bdc750E0d2C4BCf1F5f971.sol,65.0,Unprotected Selfdestruct,106,High,MintNFT,constructor,0.8.12,SWC-106
/bdata2/sc/dataset/mainnet/0xd0116f96E3d934738d7C9a92936B8879176B5137.sol,55.0,Unprotected Selfdestruct,106,High,MintNFT,constructor,0.8.12,SWC-106
/bdata2/sc/dataset/mainnet/0x0efb1F2d371B4eE6748854CDFd20216C74f28c8A.sol,,Unprotected Selfdestruct,106,High,MintNFT,constructor,0.8.12,SWC-106
/bdata2/sc/dataset/mainnet/0xdbe96a79a64b3cb578e5d5a9c38aff9847cd5e88.sol,328.0,Unprotected Selfdestruct,106,High,Ownable,destroy,0.8.3,SWC-106
/bdata2/sc/dataset/mainnet/0x2eF1F5E299Cc202d0D20c2c5809015BD4b5A817F.sol,65.0,Unprotected Selfdestruct,106,High,MintNFT,constructor,0.8.12,SWC-106
/bdata2/sc/dataset/mainnet/0x45AD1518625a9e75627c07C22198E7C6d10a457c.sol,72.0,Unprotected Selfdestruct,106,High,MintNFT,constructor,0.8.12,SWC-106
/bdata2/sc/dataset/mainnet/0x92d3cbc1d06b5835f9dc1c0c9506959de84cd714.sol,289.0,Unprotected Selfdestruct,106,High,Ownable,destroy,0.8.3,SWC-106
/bdata2/sc/dataset/mainnet/0x65fD632B1F3Fd739F269ce6b074094485c66e152.sol,55.0,Unprotected Selfdestruct,106,High,MintNFT,constructor,0.8.12,SWC-106
/bdata2/sc/dataset/mainnet/0x684a43f91a240ec243bd81a472382131055a1b9f.sol,,Unprotected Selfdestruct,106,High,MinterTo,constructor,0.8.7,SWC-106
/bdata2/sc/dataset/mainnet/0x684a43f91a240ec243bd81a472382131055a1b9f.sol,78.0,Unprotected Selfdestruct,106,High,Minter,constructor,0.8.7,SWC-106
/bdata2/sc/dataset/mainnet/0xEb1Ef7358A9C52c488cfF20B046DEDac8807C845.sol,,Unprotected Selfdestruct,106,High,DepositHandler,destroy,0.8.9,SWC-106
/bdata2/sc/dataset/mainnet/0x46E1F8E746ee9037fA42b3a718dcE6c36CB3f16f.sol,,Unprotected Selfdestruct,106,High,DepositHandler,destroy,0.8.9,SWC-106
/bdata2/sc/dataset/mainnet/0x9c7d1dc0d349ad5ed5224ba8511ba97c53b20202.sol,,Unprotected Selfdestruct,106,High,MinterTo,constructor,0.8.7,SWC-106
/bdata2/sc/dataset/mainnet/0x9c7d1dc0d349ad5ed5224ba8511ba97c53b20202.sol,,Unprotected Selfdestruct,106,High,Minter,constructor,0.8.7,SWC-106
/bdata2/sc/dataset/mainnet/0xf6ddd14b0233320e1d5415ccf3b9545df2335670.sol,54.0,Unprotected Selfdestruct,106,High,Ownable,destroy,0.8.3,SWC-106
/bdata2/sc/dataset/mainnet/0xf6ddd14b0233320e1d5415ccf3b9545df2335670.sol,56.0,Unprotected Selfdestruct,106,High,AddressWhitelist,destroy,0.8.3,SWC-106
/bdata2/sc/dataset/mainnet/0x398f92eb965b9f742238d3938c87572463eb291c.sol,,Unprotected Selfdestruct,106,High,Ownable,destroy,0.8.3,SWC-106
/bdata2/sc/dataset/mainnet/0x398f92eb965b9f742238d3938c87572463eb291c.sol,54.0,Unprotected Selfdestruct,106,High,AddressWhitelist,destroy,0.8.3,SWC-106
/bdata2/sc/dataset/mainnet/0xa0a907b90ffeda1326234d612d0cc2e63402d22b.sol,249.0,Unprotected Selfdestruct,106,High,Ownable,destroy,0.8.3,SWC-106
/bdata2/sc/dataset/mainnet/0xc0FC0f5Ba156E16217F8C7f400AEc0a658419C13.sol,1467.0,Unprotected Selfdestruct,106,High,AdminAuth,kill,0.8.10,SWC-106
/bdata2/sc/dataset/mainnet/0xc0FC0f5Ba156E16217F8C7f400AEc0a658419C13.sol,,Unprotected Selfdestruct,106,High,DFSRegistry,kill,0.8.10,SWC-106
/bdata2/sc/dataset/mainnet/0xc0FC0f5Ba156E16217F8C7f400AEc0a658419C13.sol,621.0,Unprotected Selfdestruct,106,High,McdClaim,kill,0.8.10,SWC-106
/bdata2/sc/dataset/mainnet/0xCb50a91C0f12f439b8bf11E9474B9c1ED62Bf7a3.sol,,Unprotected Selfdestruct,106,High,AdminAuth,kill,0.8.10,SWC-106
/bdata2/sc/dataset/mainnet/0xCb50a91C0f12f439b8bf11E9474B9c1ED62Bf7a3.sol,,Unprotected Selfdestruct,106,High,DFSRegistry,kill,0.8.10,SWC-106
/bdata2/sc/dataset/mainnet/0x1b54e8b6073ac7382c42830BE715466aDA11Cf37.sol,,Unprotected Selfdestruct,106,High,AdminAuth,kill,0.8.10,SWC-106
/bdata2/sc/dataset/mainnet/0x1b54e8b6073ac7382c42830BE715466aDA11Cf37.sol,893.0,Unprotected Selfdestruct,106,High,DFSRegistry,kill,0.8.10,SWC-106
/bdata2/sc/dataset/mainnet/0x1b54e8b6073ac7382c42830BE715466aDA11Cf37.sol,1035.0,Unprotected Selfdestruct,106,High,McdOpen,kill,0.8.10,SWC-106
/bdata2/sc/dataset/mainnet/0x3e3ae6472f14066f3c7a393e9664ddc75d0133e6.sol,34.0,Unprotected Selfdestruct,106,High,Ownable,destroy,0.8.3,SWC-106
/bdata2/sc/dataset/mainnet/0x3e3ae6472f14066f3c7a393e9664ddc75d0133e6.sol,,Unprotected Selfdestruct,106,High,AddressWhitelist,destroy,0.8.3,SWC-106
/bdata2/sc/dataset/mainnet/0xa704FBBe2f7ea8eF45a8280f6Bf96939eBC73252.sol,,Unprotected Selfdestruct,106,High,AdminAuth,kill,0.8.10,SWC-106
/bdata2/sc/dataset/mainnet/0xa704FBBe2f7ea8eF45a8280f6Bf96939eBC73252.sol,1452.0,Unprotected Selfdestruct,106,High,DFSRegistry,kill,0.8.10,SWC-106
/bdata2/sc/dataset/mainnet/0xa704FBBe2f7ea8eF45a8280f6Bf96939eBC73252.sol,642.0,Unprotected Selfdestruct,106,High,McdWithdraw,kill,0.8.10,SWC-106
/bdata2/sc/dataset/mainnet/0x2de5e45d2cd13b976bbb88bc23f8ffd55a8af0ae.sol,53.0,Unprotected Selfdestruct,106,High,Ownable,destroy,0.8.3,SWC-106
/bdata2/sc/dataset/mainnet/0xeecd376026335261c89faD40D89625391b1eFF6a.sol,515.0,Unprotected Selfdestruct,106,High,AdminAuth,kill,0.8.10,SWC-106
/bdata2/sc/dataset/mainnet/0xeecd376026335261c89faD40D89625391b1eFF6a.sol,1160.0,Unprotected Selfdestruct,106,High,DFSRegistry,kill,0.8.10,SWC-106
/bdata2/sc/dataset/mainnet/0xf3cAdb0b3255544c6C37B797ff85D955121FdbB0.sol,,Unprotected Selfdestruct,106,High,AdminAuth,kill,0.8.10,SWC-106
/bdata2/sc/dataset/mainnet/0xf3cAdb0b3255544c6C37B797ff85D955121FdbB0.sol,408.0,Unprotected Selfdestruct,106,High,McdRatioTrigger,kill,0.8.10,SWC-106
/bdata2/sc/dataset/mainnet/0xf3cAdb0b3255544c6C37B797ff85D955121FdbB0.sol,1264.0,Unprotected Selfdestruct,106,High,DFSRegistry,kill,0.8.10,SWC-106
/bdata2/sc/dataset/mainnet/0xe3457797c543AD91bd36023d2EE600305ee89195.sol,953.0,Unprotected Selfdestruct,106,High,AdminAuth,kill,0.8.10,SWC-106
/bdata2/sc/dataset/mainnet/0xe3457797c543AD91bd36023d2EE600305ee89195.sol,408.0,Unprotected Selfdestruct,106,High,ChainLinkPriceTrigger,kill,0.8.10,SWC-106
/bdata2/sc/dataset/mainnet/0x6682d90e4d291056df976ec102e27d69210ef036.sol,1216.0,Unprotected Selfdestruct,106,High,Sacrifice,constructor,0.4.24,SWC-106
/bdata2/sc/dataset/mainnet/0xa26665a15a6bab711ed0aa9667a338a2230c4ad4.sol,169.0,Unprotected Selfdestruct,106,High,AssetsExplorer,destroy,v0.4.19,SWC-106
/bdata2/sc/dataset/mainnet/0x0033fb5561719b8b697b604466d6d39308c58191.sol,237.0,Unprotected Selfdestruct,106,High,EncryptedToken,selfdestructs,v0.4.16,SWC-106
/bdata2/sc/dataset/mainnet/0xa2cc011e7b1baa8fc99e654e0383b691d884ca47.sol,96.0,Unprotected Selfdestruct,106,High,WayBackToken,fallback,v0.4.20,SWC-106
/bdata2/sc/dataset/mainnet/0x2f976a5382c0c6214b3d8fe6bdc5379edd35d9d4.sol,9.0,Unprotected Selfdestruct,106,High,GetsBurned,BurnMe,v0.4.21,SWC-106
/bdata2/sc/dataset/mainnet/0x8ad5b423096548ff65f4fc3c8bca404dea8c66eb.sol,169.0,Unprotected Selfdestruct,106,High,Marketplace,destroy,v0.4.19,SWC-106
/bdata2/sc/dataset/mainnet/0x900448f2f4c0dc2805d1183a6f947f38d5db79ee.sol,,Unprotected Selfdestruct,106,High,Loan,payLoan,v0.4.21,SWC-106
/bdata2/sc/dataset/mainnet/0x900448f2f4c0dc2805d1183a6f947f38d5db79ee.sol,,Unprotected Selfdestruct,106,High,Loan,repossess,v0.4.21,SWC-106
/bdata2/sc/dataset/mainnet/0xf3319a43b922e2ee5c33fb83b8a860344d8279bb.sol,82.0,Unprotected Selfdestruct,106,High,SnailToken,destroy,v0.4.21,SWC-106
/bdata2/sc/dataset/mainnet/0x633d4a2a8d5f498dfbb8a9f59230f0a9d1446df4.sol,237.0,Unprotected Selfdestruct,106,High,EncryptedToken,selfdestructs,v0.4.16,SWC-106
/bdata2/sc/dataset/mainnet/0xee3dc775669d2415cad8b5b424e6c97ad60ebef5.sol,237.0,Unprotected Selfdestruct,106,High,EncryptedToken,selfdestructs,v0.4.16,SWC-106
/bdata2/sc/dataset/mainnet/0xf7f6b7164fb3ab456715d2e8b84e8baac8bd09a9.sol,100.0,Unprotected Selfdestruct,106,High,Button,close,v0.4.19,SWC-106
/bdata2/sc/dataset/mainnet/0x31fc37ccafa5ce3986eb4ba758300a67a2283294.sol,243.0,Unprotected Selfdestruct,106,High,EncryptedToken,selfdestructs,v0.4.16,SWC-106
/bdata2/sc/dataset/mainnet/0x7601f182e33c26248ccc733ec3f44f5c22f0f626.sol,325.0,Unprotected Selfdestruct,106,High,TokenSaleQueue,destroy,v0.4.19,SWC-106
/bdata2/sc/dataset/mainnet/0xb6b2ab99f9d4090c722dfe18e3a85a732e74d081.sol,461.0,Unprotected Selfdestruct,106,High,DGXCrowdsale,removeContract,v0.4.21,SWC-106
/bdata2/sc/dataset/mainnet/0x4f3afec4e5a3f2a6a1a411def7d7dfe50ee057bf.sol,64.0,Unprotected Selfdestruct,106,High,Token,destroy,v0.4.19,SWC-106
/bdata2/sc/dataset/mainnet/0xfa1d63b87f40c92d27bfb255419c1ea8c49086de.sol,237.0,Unprotected Selfdestruct,106,High,EncryptedToken,selfdestructs,v0.4.16,SWC-106
/bdata2/sc/dataset/mainnet/0x2733fc7f6a5d5be13b1ffbcfcbcba83241e819c6.sol,169.0,Unprotected Selfdestruct,106,High,MarketplaceInformation,destroy,v0.4.19,SWC-106
/bdata2/sc/dataset/mainnet/0xbb246ee3fa95b88b3b55a796346313738c6e0150.sol,169.0,Unprotected Selfdestruct,106,High,TokenInformation,destroy,v0.4.19,SWC-106
/bdata2/sc/dataset/mainnet/0x59004a80a03dc611377866317f50988a9eefc3d7.sol,237.0,Unprotected Selfdestruct,106,High,EncryptedToken,selfdestructs,v0.4.16,SWC-106
/bdata2/sc/dataset/mainnet/0x99eec5172b0b0eb20af41bb7999f4143fa323bda.sol,42.0,Unprotected Selfdestruct,106,High,BaseCertoChainContract,kill,v0.4.18,SWC-106
/bdata2/sc/dataset/mainnet/0x99eec5172b0b0eb20af41bb7999f4143fa323bda.sol,25.0,Unprotected Selfdestruct,106,High,DocumentCertoChainContract,kill,v0.4.18,SWC-106
/bdata2/sc/dataset/mainnet/0xA4d17AB1eE0efDD23edc2869E7BA96B89eEcf9AB.sol,149.0,Unprotected Selfdestruct,106,High,TRUEToken,kill,v0.4.16,SWC-106
/bdata2/sc/dataset/mainnet/0xc39f7bb97b31102c923daf02ba3d1bd16424f4bb.sol,226.0,Unprotected Selfdestruct,106,High,EtheraffleFreeLOT,selfDestruct,v0.4.15,SWC-106
/bdata2/sc/dataset/mainnet/0x013620bf5142f9d8487e92c1d514c38e1b086613.sol,120.0,Unprotected Selfdestruct,106,High,Etherumble,destroykill,v0.4.18,SWC-106
/bdata2/sc/dataset/mainnet/0xa8bcd424a65c3667b7527724ec43ade5e71bf62b.sol,,Unprotected Selfdestruct,106,High,RegBase,destroy,v0.4.13,SWC-106
/bdata2/sc/dataset/mainnet/0xa8bcd424a65c3667b7527724ec43ade5e71bf62b.sol,,Unprotected Selfdestruct,106,High,Forwarder,destroy,v0.4.13,SWC-106
/bdata2/sc/dataset/mainnet/0xa8bcd424a65c3667b7527724ec43ade5e71bf62b.sol,137.0,Unprotected Selfdestruct,106,High,ForwarderFactory,destroy,v0.4.13,SWC-106
/bdata2/sc/dataset/mainnet/0xfd6ecfe1cc8cc5a0e49961b34c20ba6577c60df8.sol,17.0,Unprotected Selfdestruct,106,High,Vault,kill,v0.4.17,SWC-106
/bdata2/sc/dataset/mainnet/0x78b6c25a41ad97290b1c17366bc1f22f963cb993.sol,200.0,Unprotected Selfdestruct,106,High,GangTokenSale,destroyContract,v0.4.22,SWC-106
/bdata2/sc/dataset/mainnet/0x10c0be5becdfafa53a2b20a987f7d55f24cb2011.sol,113.0,Unprotected Selfdestruct,106,High,FinancialStrategy,setup,v0.4.21,SWC-106
/bdata2/sc/dataset/mainnet/0xd87d3d9fb80a5f009b3812b536256b6f457176b1.sol,111.0,Unprotected Selfdestruct,106,High,Multiple3x,refundOwner,v0.4.17,SWC-106
/bdata2/sc/dataset/mainnet/0x69f3a512bae099fd1f066ea732235bca747fd50b.sol,50.0,Unprotected Selfdestruct,106,High,Invoice,constructor,0.7.6,SWC-106
/bdata2/sc/dataset/mainnet/0x69f3a512bae099fd1f066ea732235bca747fd50b.sol,58.0,Unprotected Selfdestruct,106,High,SimpleInvoice,constructor,0.7.6,SWC-106
/bdata2/sc/dataset/mainnet/0x20a76218751405ac594e588d15891220d70f11b6.sol,27.0,Unprotected Selfdestruct,106,High,Tree_Seeder,destroySeeder,0.8.10,SWC-106
/bdata2/sc/dataset/mainnet/0x096288961eaaB6D3b7B23bd144Fe34D98b3579b3.sol,,Unprotected Selfdestruct,106,High,AdminAuth,kill,0.8.10,SWC-106
/bdata2/sc/dataset/mainnet/0x096288961eaaB6D3b7B23bd144Fe34D98b3579b3.sol,408.0,Unprotected Selfdestruct,106,High,McdRatioTrigger,kill,0.8.10,SWC-106
/bdata2/sc/dataset/mainnet/0x096288961eaaB6D3b7B23bd144Fe34D98b3579b3.sol,,Unprotected Selfdestruct,106,High,DFSRegistry,kill,0.8.10,SWC-106
/bdata2/sc/dataset/mainnet/0x3420aebab3162ca219c916ebacb3495a954b5e55.sol,235.0,Unprotected Selfdestruct,106,High,Leprechaun,fallback,v0.4.24,SWC-106
/bdata2/sc/dataset/mainnet/0x76e40b2d939f387e4e5b9ae78b8c70ca64a28d08.sol,152.0,Unprotected Selfdestruct,106,High,Blender_ETH,mmm,0.5.17,SWC-106
/bdata2/sc/dataset/mainnet/0x3675357f253ee776012f7bf398151d1d683336fb.sol,149.0,Unprotected Selfdestruct,106,High,GFOT,kill,v0.4.25,SWC-106
/bdata2/sc/dataset/mainnet/0xa714169549d0624d32bce5dccba358d36350358f.sol,149.0,Unprotected Selfdestruct,106,High,GHHT,kill,v0.4.25,SWC-106
/bdata2/sc/dataset/mainnet/0xbc1bcc29edf605095bf4fe7a953b7c115ecc8cad.sol,,Unprotected Selfdestruct,106,High,BalanceTracker,triggerSelfDestruction,0.4.25,SWC-106
/bdata2/sc/dataset/mainnet/0x70ae24f65c46f3fcb9a4def6ac7f7ef11de852f8.sol,211.0,Unprotected Selfdestruct,106,High,Leprechaun,fallback,v0.4.24,SWC-106
/bdata2/sc/dataset/mainnet/0xb4379689bc570e5e2a415fcc700fd562cec0f123.sol,,Unprotected Selfdestruct,106,High,BalanceTracker,triggerSelfDestruction,0.4.25,SWC-106
/bdata2/sc/dataset/mainnet/0xa1a2d71e0061bd1668e184f9e2d2fb7da05ac934.sol,152.0,Unprotected Selfdestruct,106,High,Blender_ETH,mmm,0.5.17,SWC-106
/bdata2/sc/dataset/mainnet/0x58ea969c48d5d12dad1210d8482af7f69d53f6fe.sol,207.0,Unprotected Selfdestruct,106,High,FckDice,kill,v0.4.25,SWC-106
/bdata2/sc/dataset/mainnet/0x174c4750e14636310955CCD279930294271545a8.sol,1168.0,Unprotected Selfdestruct,106,High,Crowdsale,destroy,0.6.12,SWC-106
/bdata2/sc/dataset/mainnet/0x8adfe445750937cefe42d9fb428563d61ea1aa02.sol,113.0,Unprotected Selfdestruct,106,High,TransactionTracker,triggerSelfDestruction,0.4.25,SWC-106
/bdata2/sc/dataset/mainnet/0x3bcaf56923335062e8f272d011efd2e40fa42147.sol,208.0,Unprotected Selfdestruct,106,High,SML,admin,v0.4.11,SWC-106
/bdata2/sc/dataset/mainnet/0x29d6cf436c893c7e44ea926411d5fd4dd763d9b3.sol,47.0,Unprotected Selfdestruct,106,High,Lottery50chance,play,v0.4.25,SWC-106
/bdata2/sc/dataset/mainnet/0x0c37786bd4065caa126b802e9be301b06eb6bd3d.sol,113.0,Unprotected Selfdestruct,106,High,CommunityVote,triggerSelfDestruction,0.4.25,SWC-106
/bdata2/sc/dataset/mainnet/0xdccc53ca8263e79548aff6aa81ccf1c42e2c1a89.sol,251.0,Unprotected Selfdestruct,106,High,Leprechaun,fallback,v0.4.24,SWC-106
/bdata2/sc/dataset/mainnet/0xe75df3c68906f6adbe17e87d4e22509fde24c339.sol,12.0,Unprotected Selfdestruct,106,High,Burner,selfDestruct,0.4.26,SWC-106
/bdata2/sc/dataset/mainnet/0xc9fa463601029c4af85e1ff6b125cf3e4c1aba1e.sol,1306.0,Unprotected Selfdestruct,106,High,Sacrifice,constructor,0.4.24,SWC-106
/bdata2/sc/dataset/mainnet/0x64cbf43c40448ac0afe21a3dd3530140d3503d91.sol,424.0,Unprotected Selfdestruct,106,High,testtoken2,close,0.6.2,SWC-106
/bdata2/sc/dataset/mainnet/0x5F1E78f12025d8D05920134F4a64DDBDdaa924BE.sol,1638.0,Unprotected Selfdestruct,106,High,Sacrifice,constructor,0.4.24,SWC-106
/bdata2/sc/dataset/mainnet/0x4c278bf25b7dae52e2179dd76ff9fb45d18a1510.sol,2552.0,Unprotected Selfdestruct,106,High,Sacrifice,constructor,0.7.5,SWC-106
/bdata2/sc/dataset/mainnet/0xdb4166b807f9a918e560a814f806288b86da3743.sol,661.0,Unprotected Selfdestruct,106,Low,0x72c68108a82e82617b93d1be0d7975d762035015,constructor,0.5.16,SWC-106
/bdata2/sc/dataset/mainnet/0xdb4166b807f9a918e560a814f806288b86da3743.sol,661.0,Unprotected Selfdestruct,106,High,Sacrifice,constructor,0.5.16,SWC-106
/bdata2/sc/dataset/mainnet/0x885798cF70ABc1BAA7374020cF225645eB5eF41f.sol,269.0,Unprotected Selfdestruct,106,High,FlashEscrow,constructor,0.8.4,SWC-106
/bdata2/sc/dataset/mainnet/0xcA49e64FE1FE8be40ED30F682edA1b27a6c8611c.sol,,Unprotected Selfdestruct,106,High,AdminAuth,kill,0.8.10,SWC-106
/bdata2/sc/dataset/mainnet/0xcA49e64FE1FE8be40ED30F682edA1b27a6c8611c.sol,408.0,Unprotected Selfdestruct,106,High,TokenGroupRegistry,kill,0.8.10,SWC-106
/bdata2/sc/dataset/mainnet/0xE9c36BeFD76B3c236AEE5a0F04d4Fc27D243fEAf.sol,631.0,Unprotected Selfdestruct,106,High,AdminAuth,kill,0.8.10,SWC-106
/bdata2/sc/dataset/mainnet/0xE9c36BeFD76B3c236AEE5a0F04d4Fc27D243fEAf.sol,586.0,Unprotected Selfdestruct,106,High,CurveWrapperV3,kill,0.8.10,SWC-106
/bdata2/sc/dataset/mainnet/0x3788B4Db5e99fF555e22a08241EB3cFc3a0ac149.sol,715.0,Unprotected Selfdestruct,106,High,AdminAuth,kill,0.8.10,SWC-106
/bdata2/sc/dataset/mainnet/0x3788B4Db5e99fF555e22a08241EB3cFc3a0ac149.sol,669.0,Unprotected Selfdestruct,106,High,CurveWrapperV3,kill,0.8.10,SWC-106
/bdata2/sc/dataset/mainnet/0x08dc9908c01b54c3c28fa56012bf0e8450adc4d8.sol,87.0,Unprotected Selfdestruct,106,High,TokenERC20,destroycontract,v0.4.24,SWC-106
/bdata2/sc/dataset/mainnet/0x032de41b6677cf4f6a40859d50a7e986e3119284.sol,19.0,Unprotected Selfdestruct,106,High,ABLEBurned,burnMe,v0.4.19,SWC-106
/bdata2/sc/dataset/mainnet/0x7602ecd2f8ec584c23fc882f1ab572df828445a9.sol,169.0,Unprotected Selfdestruct,106,High,MarketplaceV2,destroy,v0.4.19,SWC-106
/bdata2/sc/dataset/mainnet/0x25880982dcf61796e426280493a47a14c244368e.sol,65.0,Unprotected Selfdestruct,106,High,GetsBurned,BurnMe,v0.4.24,SWC-106
/bdata2/sc/dataset/mainnet/0x6f6bdef147849fa7a673828fbf07fd12813d085b.sol,1286.0,Unprotected Selfdestruct,106,High,Sacrifice,constructor,0.4.24,SWC-106
/bdata2/sc/dataset/mainnet/0x188FeeA922ad29cB0bBE59cfDE71Bc2e1682DeFD.sol,2714.0,Unprotected Selfdestruct,106,High,Sacrifice,constructor,0.5.16,SWC-106
/bdata2/sc/dataset/mainnet/0xc947fa28527a06cee53614e1b77620c1b7d3a75d.sol,2714.0,Unprotected Selfdestruct,106,High,Sacrifice,constructor,0.5.16,SWC-106
/bdata2/sc/dataset/mainnet/0xf106ec891045d0608dfc85d736cada0c747d35bc.sol,1286.0,Unprotected Selfdestruct,106,High,Sacrifice,constructor,0.4.24,SWC-106
/bdata2/sc/dataset/mainnet/0xE487FcbE4FDCaD0Fa36Ff1B4ad8b8be5D1d31d87.sol,13.0,Unprotected Selfdestruct,106,High,Darcon,doWork,0.8.7,SWC-106
/bdata2/sc/dataset/mainnet/0x8EfbD976709c2bD46bdaf0c3Db83E875F1451BAE.sol,,Unprotected Selfdestruct,106,High,AdminAuth,kill,0.8.10,SWC-106
/bdata2/sc/dataset/mainnet/0x8EfbD976709c2bD46bdaf0c3Db83E875F1451BAE.sol,408.0,Unprotected Selfdestruct,106,High,CompoundRatioTrigger,kill,0.8.10,SWC-106
/bdata2/sc/dataset/mainnet/0x7dDA9F944c3Daf27fbe3B8f27EC5f14FE3fa94BF.sol,,Unprotected Selfdestruct,106,High,AdminAuth,kill,0.8.10,SWC-106
/bdata2/sc/dataset/mainnet/0x7dDA9F944c3Daf27fbe3B8f27EC5f14FE3fa94BF.sol,408.0,Unprotected Selfdestruct,106,High,LiquityRatioTrigger,kill,0.8.10,SWC-106
/bdata2/sc/dataset/mainnet/0xd891f499260aF046B4d4324cBEB84d02a6D61195.sol,,Unprotected Selfdestruct,106,High,AdminAuth,kill,0.8.10,SWC-106
/bdata2/sc/dataset/mainnet/0xd891f499260aF046B4d4324cBEB84d02a6D61195.sol,408.0,Unprotected Selfdestruct,106,High,AaveV2RatioTrigger,kill,0.8.10,SWC-106
/bdata2/sc/dataset/mainnet/0xaf591afeCbAa4026Be377AA3cF02dA366f18DE07.sol,,Unprotected Selfdestruct,106,High,AdminAuth,kill,0.8.10,SWC-106
/bdata2/sc/dataset/mainnet/0xaf591afeCbAa4026Be377AA3cF02dA366f18DE07.sol,408.0,Unprotected Selfdestruct,106,High,FLEuler,kill,0.8.10,SWC-106
/bdata2/sc/dataset/mainnet/0xaf591afeCbAa4026Be377AA3cF02dA366f18DE07.sol,,Unprotected Selfdestruct,106,High,DFSRegistry,kill,0.8.10,SWC-106
/bdata2/sc/dataset/mainnet/0xEf78B55bD7bC090F809535f3B32Bcf1E050815df.sol,1844.0,Unprotected Selfdestruct,106,High,AdminAuth,kill,0.8.10,SWC-106
/bdata2/sc/dataset/mainnet/0xEf78B55bD7bC090F809535f3B32Bcf1E050815df.sol,408.0,Unprotected Selfdestruct,106,High,AaveV3RatioTrigger,kill,0.8.10,SWC-106
/bdata2/sc/dataset/mainnet/0x48fE4B97004E21E2cE7123D5C215c4eA4D9B4eDB.sol,1372.0,Unprotected Selfdestruct,106,High,Sacrifice,constructor,0.7.5,SWC-106
/bdata2/sc/dataset/mainnet/0xe886BDA225fd59a6723A08a6962C54Fc722a785a.sol,27.0,Unprotected Selfdestruct,106,High,DestroyMe,destroy,0.8.16,SWC-106
/bdata2/sc/dataset/mainnet/0x8ACCaf4e0054AD73789A3ebF344c3061804c29D8.sol,745.0,Unprotected Selfdestruct,106,High,AdminAuth,kill,0.8.10,SWC-106
/bdata2/sc/dataset/mainnet/0x8ACCaf4e0054AD73789A3ebF344c3061804c29D8.sol,408.0,Unprotected Selfdestruct,106,High,CompV3RatioTrigger,kill,0.8.10,SWC-106
/bdata2/sc/dataset/mainnet/0x924d8d3b280c5da7cf2b303d0cbc267a0d52cd34.sol,177.0,Unprotected Selfdestruct,106,High,SwapGSTtoUSDC,fallback,0.8.17,SWC-106
/bdata2/sc/dataset/mainnet/0x58968F993DE0F33c517b26a2f4344F63037B2503.sol,96.0,Unprotected Selfdestruct,106,High,Proxy,destroy,0.8.17,SWC-106
/bdata2/sc/dataset/mainnet/0x0e1c7b6b1ccd6385412a72ac4bacd98e277ef602.sol,26.0,Unprotected Selfdestruct,106,High,Unlock,win_716AB9,0.8.17,SWC-106
/bdata2/sc/dataset/mainnet/0xb97fd8b99d4e1ec87b0d518f6a0283b23ac10e8f.sol,174.0,Unprotected Selfdestruct,106,High,SwapGST,fallback,0.8.17,SWC-106
/bdata2/sc/dataset/mainnet/0x19aabfec2084e0147b7416f70ee8e759c38ff9fa.sol,216.0,Unprotected Selfdestruct,106,High,TransferTool,destroy,0.4.26,SWC-106
/bdata2/sc/dataset/mainnet/0xfcd1d5e08e4903468a4227de58312fbe50cfa302.sol,,Unprotected Selfdestruct,106,High,Sacrifice,constructor,0.7.5,SWC-106
/bdata2/sc/dataset/mainnet/0xfcd1d5e08e4903468a4227de58312fbe50cfa302.sol,,Unprotected Selfdestruct,106,High,0x72c68108a82e82617b93d1be0d7975d762035015,constructor,0.7.5,SWC-106
/bdata2/sc/dataset/mainnet/0x66DC6444CdC099153f89332e0d4C87af5C966A75.sol,856.0,Unprotected Selfdestruct,106,High,AdminAuth,kill,0.8.10,SWC-106
/bdata2/sc/dataset/mainnet/0x66DC6444CdC099153f89332e0d4C87af5C966A75.sol,,Unprotected Selfdestruct,106,High,DFSRegistry,kill,0.8.10,SWC-106
/bdata2/sc/dataset/mainnet/0x246cb0FD058C4eB4c42889BAf29024DE0c264c2A.sol,106.0,Unprotected Selfdestruct,106,High,ArbitrageExecutorCheap,destroy,0.8.14,SWC-106
/bdata2/sc/dataset/mainnet/0x575C0Cfe52016B4CfeFb3134Bc6A3eEEf7718B07.sol,,Unprotected Selfdestruct,106,High,AdminAuth,kill,0.8.10,SWC-106
/bdata2/sc/dataset/mainnet/0x575C0Cfe52016B4CfeFb3134Bc6A3eEEf7718B07.sol,408.0,Unprotected Selfdestruct,106,High,TrailingStopTrigger,kill,0.8.10,SWC-106
/bdata2/sc/dataset/mainnet/0xd83e4ee2a45a4fcf881e299011a0d490dbe9650c.sol,2845.0,Unprotected Selfdestruct,106,High,Sacrifice,constructor,0.7.5,SWC-106
/bdata2/sc/dataset/mainnet/0xdf99b0b58ff145a0c28acf93447ae8d824fe2e07.sol,,Unprotected Selfdestruct,106,High,mintAmount,constructor,0.8.16,SWC-106
/bdata2/sc/dataset/mainnet/0xdf99b0b58ff145a0c28acf93447ae8d824fe2e07.sol,,Unprotected Selfdestruct,106,High,mintTokenC,constructor,0.8.16,SWC-106
/bdata2/sc/dataset/mainnet/0xdf99b0b58ff145a0c28acf93447ae8d824fe2e07.sol,144.0,Unprotected Selfdestruct,106,High,mintEachOne,constructor,0.8.16,SWC-106
/bdata2/sc/dataset/mainnet/0xdf99b0b58ff145a0c28acf93447ae8d824fe2e07.sol,,Unprotected Selfdestruct,106,High,claimer,constructor,0.8.16,SWC-106
/bdata2/sc/dataset/mainnet/0x28D4F5166A3746215D17ADe5173887AcD1c4CD17.sol,,Unprotected Selfdestruct,106,High,Sacrifice,constructor,0.7.5,SWC-106
/bdata2/sc/dataset/mainnet/0x28D4F5166A3746215D17ADe5173887AcD1c4CD17.sol,,Unprotected Selfdestruct,106,High,0x72c68108a82e82617b93d1be0d7975d762035015,constructor,0.7.5,SWC-106
/bdata2/sc/dataset/mainnet/0x06fCe0DAB5b26e503E1C4Db48aa165DcaAAa6E11.sol,,Unprotected Selfdestruct,106,High,LotteryArray,finishAndCloseLottery,0.8.17,SWC-106
/bdata2/sc/dataset/mainnet/0x946f73a7446ff9e46e8b20b3aa2231427a7cab73.sol,289.0,Unprotected Selfdestruct,106,High,FlashEscrow,constructor,0.8.4,SWC-106
/bdata2/sc/dataset/mainnet/0x71d5be5FaAeEF9Ed6575A44D96F703030225A0b5.sol,289.0,Unprotected Selfdestruct,106,High,FlashEscrow,constructor,0.8.4,SWC-106
/bdata2/sc/dataset/mainnet/0xf3E331Ef2E9bDa503362562A9a10bb66b4AE834f.sol,24.0,Unprotected Selfdestruct,106,High,Contract,d,0.6.12,SWC-106
/bdata2/sc/dataset/mainnet/0xAc2b6CED00383473cDa4D3f823c36f8e0Cc9D4f3.sol,1402.0,Unprotected Selfdestruct,106,High,Sacrifice,constructor,0.4.24,SWC-106
/bdata2/sc/dataset/mainnet/0xEd9938294aCF9EE52D097133CA2cAafF0C804F16.sol,651.0,Unprotected Selfdestruct,106,High,DepositHandler,destroy,0.8.9,SWC-106
/bdata2/sc/dataset/mainnet/0x58bf63399994f52fbe749ec41889e87dfded4c8e.sol,,Unprotected Selfdestruct,106,Low,0x72c68108a82e82617b93d1be0d7975d762035015,constructor,0.4.26,SWC-106
/bdata2/sc/dataset/mainnet/0x0781B7b8b8BAe26551B41ff7B628A51c7f71c065.sol,1263.0,Unprotected Selfdestruct,106,High,Sacrifice,constructor,0.7.5,SWC-106
/bdata2/sc/dataset/mainnet/0x783D396B890a218457B1d8F0e87B727F1B5C6106.sol,1259.0,Unprotected Selfdestruct,106,High,Sacrifice,constructor,0.7.5,SWC-106
/bdata2/sc/dataset/mainnet/0x6Bb48580977e2aBfD6c70B522204EFbe828a9428.sol,2070.0,Unprotected Selfdestruct,106,High,AdminAuth,kill,0.8.10,SWC-106
/bdata2/sc/dataset/mainnet/0x6Bb48580977e2aBfD6c70B522204EFbe828a9428.sol,408.0,Unprotected Selfdestruct,106,High,CBRebondTrigger,kill,0.8.10,SWC-106
/bdata2/sc/dataset/mainnet/0x6Bb48580977e2aBfD6c70B522204EFbe828a9428.sol,2039.0,Unprotected Selfdestruct,106,High,DFSRegistry,kill,0.8.10,SWC-106
/bdata2/sc/dataset/mainnet/0x14fcCa8192ac4Dd32EB6067bC31Af88f32183e74.sol,1253.0,Unprotected Selfdestruct,106,High,Sacrifice,constructor,0.7.5,SWC-106
/bdata2/sc/dataset/mainnet/0x0d7B5C0d3BC6c1ccc6AEFaa26A084134D6f2a7Da.sol,11.0,Unprotected Selfdestruct,106,High,Attack,attack,0.8.7,SWC-106
/bdata2/sc/dataset/mainnet/0x0C8b540B5445a6B9e9EBa2b43e957a590a91df62.sol,42.0,Unprotected Selfdestruct,106,High,Vade4ka,kill,0.8.15,SWC-106
/bdata2/sc/dataset/mainnet/0xC5379a785a7cE010f54c35484d83FA7f462f8a3B.sol,,Unprotected Selfdestruct,106,High,AdminAuth,kill,0.8.10,SWC-106
/bdata2/sc/dataset/mainnet/0xC5379a785a7cE010f54c35484d83FA7f462f8a3B.sol,408.0,Unprotected Selfdestruct,106,High,CBRebondTrigger,kill,0.8.10,SWC-106
/bdata2/sc/dataset/mainnet/0xC5379a785a7cE010f54c35484d83FA7f462f8a3B.sol,,Unprotected Selfdestruct,106,High,DFSRegistry,kill,0.8.10,SWC-106
/bdata2/sc/dataset/mainnet/0xa9Ca5559cCF6F1Fc946e7dB2a85F6732Bf16D72D.sol,41.0,Unprotected Selfdestruct,106,High,PiggyBank,resolve,0.8.7,SWC-106
/bdata2/sc/dataset/mainnet/0xf8B5Fa117f492608b8f16AAE84C69175ead6A38d.sol,169.0,Unprotected Selfdestruct,106,High,EthicalReturn,cancelAgreement,0.8.17,SWC-106
/bdata2/sc/dataset/mainnet/0x3315377248A7B3fB169a87ca90A8FeA0F25521f8.sol,1263.0,Unprotected Selfdestruct,106,High,Sacrifice,constructor,0.7.5,SWC-106
/bdata2/sc/dataset/mainnet/0xd87eaad7afb256c69526a490f402a658f12246fd.sol,44.0,Unprotected Selfdestruct,106,High,R,StopGame,v0.4.24,SWC-106
/bdata2/sc/dataset/mainnet/0xaf531dc0b3b1151af48f3d638eeb6fe6acdfd59f.sol,44.0,Unprotected Selfdestruct,106,High,TestR,StopGame,v0.4.24,SWC-106
/bdata2/sc/dataset/mainnet/0xfc3c1c0550188c649f70e78787c8cd9ff9d3b8d4.sol,66.0,Unprotected Selfdestruct,106,High,Cube,deliver,v0.4.11,SWC-106
/bdata2/sc/dataset/mainnet/0x92a06f3ed11af181d832bb474d017906acb8c299.sol,300.0,Unprotected Selfdestruct,106,High,ZeePinToken,kill,v0.4.16,SWC-106
/bdata2/sc/dataset/mainnet/0x56ef98199fb28abdccd3b408885ce7168c9fa9fe.sol,6.0,Unprotected Selfdestruct,106,High,Test,die,v0.4.16,SWC-106
/bdata2/sc/dataset/mainnet/0x803838b44a07b1948abb8373c1eabe3e0152b726.sol,54.0,Unprotected Selfdestruct,106,High,Sent,kill,v0.4.21,SWC-106
/bdata2/sc/dataset/mainnet/0xaafd4fc990ffa78ced015d77f04cc65842a3e78a.sol,156.0,Unprotected Selfdestruct,106,High,Ethraffle_v1b,kill,v0.4.16,SWC-106
/bdata2/sc/dataset/mainnet/0x44731a7649df116b65a805d82f25bc954f97fb38.sol,52.0,Unprotected Selfdestruct,106,High,TheOneToken,tossIntoTheFire,v0.4.11,SWC-106
/bdata2/sc/dataset/mainnet/0xbae339b730cb3a58eff2f2f2fa4af579332c3e1c.sol,44.0,Unprotected Selfdestruct,106,High,TestingR,StopGame,v0.4.24,SWC-106
/bdata2/sc/dataset/mainnet/0x9bf79d314da6371a36ede8efd0aad1ce617ff4b1.sol,4.0,Unprotected Selfdestruct,106,High,TakeMyEther,fallback,v0.4.11,SWC-106
/bdata2/sc/dataset/mainnet/0x75e494f8a92ad1daa4fd6e78cbac33f84c2f25b9.sol,108.0,Unprotected Selfdestruct,106,High,Mortal,kill,v0.4.15,SWC-106
/bdata2/sc/dataset/mainnet/0x75e494f8a92ad1daa4fd6e78cbac33f84c2f25b9.sol,62.0,Unprotected Selfdestruct,106,High,LuckyNumberImp,kill,v0.4.15,SWC-106
/bdata2/sc/dataset/mainnet/0xb8842b95a9c0cdbd4c0d6e0319b8d46792830677.sol,108.0,Unprotected Selfdestruct,106,High,Mortal,kill,v0.4.15,SWC-106
/bdata2/sc/dataset/mainnet/0xb8842b95a9c0cdbd4c0d6e0319b8d46792830677.sol,62.0,Unprotected Selfdestruct,106,High,LuckyNumberImp,kill,v0.4.15,SWC-106
/bdata2/sc/dataset/mainnet/0xf24f5ce1b6c60077ba50906ccc1674d0b38dede9.sol,4.0,Unprotected Selfdestruct,106,High,W,boom,v0.4.13,SWC-106
/bdata2/sc/dataset/mainnet/0x253526a4c4da7f77166033481f14ccc2ca18a606.sol,140.0,Unprotected Selfdestruct,106,High,Mortal,kill,v0.4.15,SWC-106
/bdata2/sc/dataset/mainnet/0x253526a4c4da7f77166033481f14ccc2ca18a606.sol,65.0,Unprotected Selfdestruct,106,High,LuckyNumberService,kill,v0.4.15,SWC-106
/bdata2/sc/dataset/mainnet/0x5c8546a7b86ba30202c09a84f5a72644a2a4f7ba.sol,53.0,Unprotected Selfdestruct,106,High,MyDeposit,kill,v0.4.24,SWC-106
/bdata2/sc/dataset/mainnet/0x197803b104641fbf6e206a425d9dc35dadc4f62f.sol,44.0,Unprotected Selfdestruct,106,High,R,StopGame,v0.4.24,SWC-106
/bdata2/sc/dataset/mainnet/0xdfe639317f8e7653fd72abeac1900f94952152b2.sol,68.0,Unprotected Selfdestruct,106,High,DGDb_Auction,end_auction,v0.4.11,SWC-106
/bdata2/sc/dataset/mainnet/0x50f9220ca9736481375f1f069001b38db32a3897.sol,250.0,Unprotected Selfdestruct,106,High,TokenRK60Z,OWN_kill,v0.4.24,SWC-106
/bdata2/sc/dataset/mainnet/0x365026fa78F6F78C18dcFA7DA746d0579Ff1D38B.sol,118.0,Unprotected Selfdestruct,106,High,VCCoin,kill,v0.4.11,SWC-106
/bdata2/sc/dataset/mainnet/0x870ed69ed12430c6a3d4abdb30c7eeb1918c62b1.sol,,Unprotected Selfdestruct,106,High,Mortal,kill,v0.4.15,SWC-106
/bdata2/sc/dataset/mainnet/0x870ed69ed12430c6a3d4abdb30c7eeb1918c62b1.sol,65.0,Unprotected Selfdestruct,106,High,RandomLedgerService,kill,v0.4.15,SWC-106
/bdata2/sc/dataset/mainnet/0x356151335ac1b98349a535d894307a6c8f8e3fae.sol,80.0,Unprotected Selfdestruct,106,High,VCCoin,kill,v0.4.11,SWC-106
/bdata2/sc/dataset/mainnet/0x21a755560e746289b60b9db3237a556097de01f8.sol,,Unprotected Selfdestruct,106,High,Boom,constructor,0.8.10,SWC-106
/bdata2/sc/dataset/mainnet/0x791b38ff1efe6fd71bcfb5af1b684bc72156f589.sol,1071.0,Unprotected Selfdestruct,106,High,Mutagen111,claim,0.8.9,SWC-106
/bdata2/sc/dataset/mainnet/0xb14226c3FD41e9B1FF85b4f7144CB4096a5D1Ec9.sol,854.0,Unprotected Selfdestruct,106,High,AdminAuth,kill,0.8.10,SWC-106
/bdata2/sc/dataset/mainnet/0xb14226c3FD41e9B1FF85b4f7144CB4096a5D1Ec9.sol,408.0,Unprotected Selfdestruct,106,High,ChainLinkPriceTrigger,kill,0.8.10,SWC-106
/bdata2/sc/dataset/mainnet/0x4F4495243837681061C4743b74B3eEdf548D56A5.sol,,Unprotected Selfdestruct,106,High,Burner,constructor,0.8.9,SWC-106
/bdata2/sc/dataset/mainnet/0x3aB9fE3bFAAC384ECD5626543c2c5c68bb4CdfAf.sol,13.0,Unprotected Selfdestruct,106,High,MoveETH,destruct,0.8.4,SWC-106
/bdata2/sc/dataset/mainnet/0x2ce940bef8337090321e998cdc7c3a408720739a.sol,1661.0,Unprotected Selfdestruct,106,High,Sacrifice,constructor,0.4.24,SWC-106
/bdata2/sc/dataset/mainnet/0xbaa12e5f0c7183261f0d4ba3a7c7a48526eaf016.sol,588.0,Unprotected Selfdestruct,106,High,CommonClaimer,mint,0.8.13,SWC-106
/bdata2/sc/dataset/mainnet/0xbaa12e5f0c7183261f0d4ba3a7c7a48526eaf016.sol,,Unprotected Selfdestruct,106,High,CommonClaimer,multMint,0.8.13,SWC-106
/bdata2/sc/dataset/mainnet/0xB1977127Ad3B1bEB4343aF09B1dd9C6d8EE100ea.sol,913.0,Unprotected Selfdestruct,106,High,ETHmxMinter,destroy,0.7.6,SWC-106
/bdata2/sc/dataset/mainnet/0x7cc4bcdf067c37bae72cee8bf9ce76dbd06d4603.sol,360.0,Unprotected Selfdestruct,106,High,Sacrifice,constructor,0.4.24,SWC-106
/bdata2/sc/dataset/mainnet/0x70fb60eddf3cda5ad60be93483c17e6937423f28.sol,,Unprotected Selfdestruct,106,High,ERC721Mint,mintInfo,0.8.7,SWC-106
/bdata2/sc/dataset/mainnet/0xEeE4f8dB4410beBD74A76cB711D096c5E66d0473.sol,1712.0,Unprotected Selfdestruct,106,High,Sacrifice,constructor,0.4.24,SWC-106
/bdata2/sc/dataset/mainnet/0xff08da5add3e994788a572643dc5a91eaec0636a.sol,42.0,Unprotected Selfdestruct,106,High,Vault,initialize,0.8.7,SWC-106
/bdata2/sc/dataset/mainnet/0xa6439Ca0FCbA1d0F80df0bE6A17220feD9c9038a.sol,,Unprotected Selfdestruct,106,High,Sacrifice,constructor,0.7.5,SWC-106
/bdata2/sc/dataset/mainnet/0x82B67a43b69914E611710C62e629dAbB2f7AC6AB.sol,1661.0,Unprotected Selfdestruct,106,High,Sacrifice,constructor,0.4.24,SWC-106
/bdata2/sc/dataset/mainnet/0x8eb3b7d8498a6716904577b2579e1c313d48e347.sol,2877.0,Unprotected Selfdestruct,106,High,Sacrifice,constructor,0.7.5,SWC-106
/bdata2/sc/dataset/mainnet/0x87533daedc6b163b229e2493823d7e78c76be495.sol,1334.0,Unprotected Selfdestruct,106,High,Sacrifice,constructor,0.4.24,SWC-106
/bdata2/sc/dataset/mainnet/0x11B46B435423599Bf06F2E45e2e3343756e1317e.sol,34.0,Unprotected Selfdestruct,106,High,DMaster,kill,0.6.12,SWC-106
/bdata2/sc/dataset/mainnet/0xf068416d3dcc3b87e67bc1f24d196f2c943a4948.sol,1358.0,Unprotected Selfdestruct,106,High,Sacrifice,constructor,0.4.24,SWC-106
/bdata2/sc/dataset/mainnet/0x3dc9b2febb6ef9d70d9fb3fe0773305fb3eb6bf6.sol,38.0,Unprotected Selfdestruct,106,High,DMaster,kill,0.6.12,SWC-106
/bdata2/sc/dataset/mainnet/0x0abed9d2b33d47c5a29e51c9387216f3f011b0de.sol,1878.0,Unprotected Selfdestruct,106,High,Sacrifice,constructor,0.4.24,SWC-106
/bdata2/sc/dataset/mainnet/0xf5c29f2843e79f6482f19861111a2f3540a84e7b.sol,231.0,Unprotected Selfdestruct,106,High,ElonMuskToken,close,0.6.6,SWC-106
/bdata2/sc/dataset/mainnet/0x7e67847424395910781e5d6c2e6448cd2170ab0a.sol,1310.0,Unprotected Selfdestruct,106,High,Sacrifice,constructor,0.4.24,SWC-106
/bdata2/sc/dataset/mainnet/0x94447a6f0e6be5a4df198882ffd285a763bf98c3.sol,2675.0,Unprotected Selfdestruct,106,High,Sacrifice,constructor,0.7.5,SWC-106
/bdata2/sc/dataset/mainnet/0x9871078deaa3df0b8f116ee1c6018adde5c1732a.sol,1079.0,Unprotected Selfdestruct,106,High,Sacrifice,constructor,0.4.24,SWC-106
/bdata2/sc/dataset/mainnet/0x8be9b5456079737f3aa97fbe7b0d77a5ee74822f.sol,33.0,Unprotected Selfdestruct,106,High,ETHRefund,kill,0.7.0,SWC-106
/bdata2/sc/dataset/mainnet/0x82515f49309101999dbb7113971e2188e1d7a4ee.sol,231.0,Unprotected Selfdestruct,106,High,ElonMuskToken,close,0.6.6,SWC-106
/bdata2/sc/dataset/mainnet/0x543fb43e829cceec32b623dfed83ef3622bfb9d5.sol,2670.0,Unprotected Selfdestruct,106,High,Sacrifice,constructor,0.7.5,SWC-106
/bdata2/sc/dataset/mainnet/0x74368A4a3892349837F198795CDaA12CB0B66763.sol,,Unprotected Selfdestruct,106,High,AdminAuth,kill,0.8.10,SWC-106
/bdata2/sc/dataset/mainnet/0x74368A4a3892349837F198795CDaA12CB0B66763.sol,408.0,Unprotected Selfdestruct,106,High,CBRebondTrigger,kill,0.8.10,SWC-106
/bdata2/sc/dataset/mainnet/0x74368A4a3892349837F198795CDaA12CB0B66763.sol,,Unprotected Selfdestruct,106,High,DFSRegistry,kill,0.8.10,SWC-106
/bdata2/sc/dataset/mainnet/0x36c26aa8bdc7cfe14e88721dc7fe53edfed8c880.sol,513.0,Unprotected Selfdestruct,106,High,AdminAuth,kill,0.8.10,SWC-106
/bdata2/sc/dataset/mainnet/0x36c26aa8bdc7cfe14e88721dc7fe53edfed8c880.sol,514.0,Unprotected Selfdestruct,106,High,SendToken,kill,0.8.10,SWC-106
/bdata2/sc/dataset/mainnet/0x36c26aa8bdc7cfe14e88721dc7fe53edfed8c880.sol,1031.0,Unprotected Selfdestruct,106,High,DFSRegistry,kill,0.8.10,SWC-106
/bdata2/sc/dataset/mainnet/0xbc307b1dd32f61637e8a47106e1ddd1300f28405.sol,116.0,Unprotected Selfdestruct,106,High,ALBtoken,approve,v0.4.24,SWC-106
/bdata2/sc/dataset/mainnet/0xbc307b1dd32f61637e8a47106e1ddd1300f28405.sol,134.0,Unprotected Selfdestruct,106,High,ALBtoken,transferFrom,v0.4.24,SWC-106
/bdata2/sc/dataset/mainnet/0xbc307b1dd32f61637e8a47106e1ddd1300f28405.sol,93.0,Unprotected Selfdestruct,106,High,ALBtoken,transfer,v0.4.24,SWC-106
/bdata2/sc/dataset/mainnet/0x19c630bb6d3e7c2cfe77e2a73627c9bee2db8ac5.sol,9.0,Unprotected Selfdestruct,106,High,GetsBurned,BurnMe,v0.4.24,SWC-106
/bdata2/sc/dataset/mainnet/0x987a4a425190f5edfee695db77a2c8212f6df16f.sol,,Unprotected Selfdestruct,106,High,FinancialStrategy,setup,v0.4.24,SWC-106
/bdata2/sc/dataset/mainnet/0x4ed184d6a9e449ecb984cb1fea7ed40db59439fd.sol,10.0,Unprotected Selfdestruct,106,High,HelloWorld,kill,v0.4.23,SWC-106
/bdata2/sc/dataset/mainnet/0x220b544e43900ce1be26a09d0ea97a47fb7df380.sol,409.0,Unprotected Selfdestruct,106,High,UpgradebleStormSender,destroy,v0.4.24,SWC-106
/bdata2/sc/dataset/mainnet/0xe059efcde1ffcd754d802ef70f2c41a864ef7e7d.sol,748.0,Unprotected Selfdestruct,106,High,Control,kill,v0.4.24,SWC-106
/bdata2/sc/dataset/mainnet/0xcabf1ac7cf68d7ff0b77f2a503774d18d6a26768.sol,,Unprotected Selfdestruct,106,High,LetsSuicide,constructor,v0.4.24,SWC-106
/bdata2/sc/dataset/mainnet/0xcabf1ac7cf68d7ff0b77f2a503774d18d6a26768.sol,,Unprotected Selfdestruct,106,High,0x72c68108a82e82617b93d1be0d7975d762035015,constructor,v0.4.24,SWC-106
/bdata2/sc/dataset/mainnet/0x068057ed7e9e0d074ef6f39a68278a8e4a9f8e8b.sol,10.0,Unprotected Selfdestruct,106,High,HelloWorld,kill,v0.4.23,SWC-106
/bdata2/sc/dataset/mainnet/0xee669a214bfffb0e53fd44e603a5e7413b1d893e.sol,155.0,Unprotected Selfdestruct,106,High,MD,kill,v0.4.24,SWC-106
/bdata2/sc/dataset/mainnet/0xfb75927f5b5002308178b0ef2d93e6dc2a05e0ad.sol,409.0,Unprotected Selfdestruct,106,High,UpgradebleStormSender,destroy,v0.4.24,SWC-106
/bdata2/sc/dataset/mainnet/0xb801f917bcfa3da003ec64ae9b90526add3377ef.sol,153.0,Unprotected Selfdestruct,106,High,MD,kill,v0.4.24,SWC-106
/bdata2/sc/dataset/mainnet/0x841e177e2523cb1385723d99cc1920fb28b12eb5.sol,153.0,Unprotected Selfdestruct,106,High,FinancialStrategy,setup,v0.4.21,SWC-106
/bdata2/sc/dataset/mainnet/0xe76197faa1c8c4973087d9d79064d2bb6f940946.sol,61.0,Unprotected Selfdestruct,106,High,vault3,withdrawAndKill,v0.4.24,SWC-106
/bdata2/sc/dataset/mainnet/0x01D2A52708d0D8FC4D639F09a13AE87a2aeC4390.sol,87.0,Unprotected Selfdestruct,106,High,TokenERC20,destroycontract,v0.4.24,SWC-106
/bdata2/sc/dataset/mainnet/0x1c1cfb9468b72f68517b6927d1c592209449ad38.sol,1079.0,Unprotected Selfdestruct,106,High,Sacrifice,constructor,0.4.24,SWC-106
/bdata2/sc/dataset/mainnet/0x7bb952AB78b28a62b1525acA54A71E7Aa6177645.sol,,Unprotected Selfdestruct,106,High,FlashEscrow,constructor,0.8.4,SWC-106
/bdata2/sc/dataset/mainnet/0x10244ea8d50818bc9805aea2c88b7092a6bba41e.sol,1079.0,Unprotected Selfdestruct,106,High,Sacrifice,constructor,0.4.24,SWC-106
/bdata2/sc/dataset/mainnet/0x125ab2ca5071b60433d90bce2dfc8e1e83adad2b.sol,1086.0,Unprotected Selfdestruct,106,High,Sacrifice,constructor,0.4.24,SWC-106
/bdata2/sc/dataset/mainnet/0xd9D8e68717Ce24CCbf162868aaad7E38d81b05d1.sol,857.0,Unprotected Selfdestruct,106,High,AdminAuth,kill,0.8.10,SWC-106
/bdata2/sc/dataset/mainnet/0xd9D8e68717Ce24CCbf162868aaad7E38d81b05d1.sol,2167.0,Unprotected Selfdestruct,106,High,DFSRegistry,kill,0.8.10,SWC-106
/bdata2/sc/dataset/mainnet/0xC1b97aB9eF18EeE338a381c6f74470AA5C567283.sol,1846.0,Unprotected Selfdestruct,106,High,AdminAuth,kill,0.8.10,SWC-106
/bdata2/sc/dataset/mainnet/0xC1b97aB9eF18EeE338a381c6f74470AA5C567283.sol,428.0,Unprotected Selfdestruct,106,High,AaveV3RatioTrigger,kill,0.8.10,SWC-106
/bdata2/sc/dataset/mainnet/0x06f6512a2f08df9f566b0843ee27326a688883b7.sol,1358.0,Unprotected Selfdestruct,106,High,Sacrifice,constructor,0.4.24,SWC-106
/bdata2/sc/dataset/mainnet/0x9cCC923fa4A71b4A4630DB7eDEbD0372f0e62872.sol,2334.0,Unprotected Selfdestruct,106,High,Sacrifice,constructor,0.4.24,SWC-106
/bdata2/sc/dataset/mainnet/0xbff710596303be97961d6421e4c2c05b3b73afe0.sol,2623.0,Unprotected Selfdestruct,106,High,Sacrifice,constructor,0.7.5,SWC-106
/bdata2/sc/dataset/mainnet/0x34bcde5049e6c7e2fe64ad4a094dcaeef34f9253.sol,1079.0,Unprotected Selfdestruct,106,High,Sacrifice,constructor,0.4.24,SWC-106
/bdata2/sc/dataset/mainnet/0x8b71843e8aec78ec376cbb460e218646f8fa8e80.sol,30.0,Unprotected Selfdestruct,106,High,Owner,kill,0.7.6,SWC-106
/bdata2/sc/dataset/mainnet/0x8079942418c87d50cd9007507e6d3ccfbb0baac4.sol,1334.0,Unprotected Selfdestruct,106,High,Sacrifice,constructor,0.4.24,SWC-106
/bdata2/sc/dataset/mainnet/0x6c8bff275c2b1ea4c4945605400eae2924b70c61.sol,1546.0,Unprotected Selfdestruct,106,High,Sacrifice,constructor,0.4.24,SWC-106
/bdata2/sc/dataset/mainnet/0x89e0Ae0d38FDA9BD16FAF6F514D3f8E356f4f3F4.sol,1497.0,Unprotected Selfdestruct,106,High,Sacrifice,constructor,0.4.24,SWC-106
