address,location,filepath,vulnerability,severity,column,compiler,SWC_ID
/bdata2/sc/dataset/mainnet/0x1513223c8fbeb5dc6a19fb757dab7a6adb22ee05.sol,788,/bdata2/sc/dataset/mainnet/0x1513223c8fbeb5dc6a19fb757dab7a6adb22ee05.sol,SOLIDITY_VAR,2,8,v0.4.23,SWC-101
/bdata2/sc/dataset/mainnet/0x1513223c8fbeb5dc6a19fb757dab7a6adb22ee05.sol,882,/bdata2/sc/dataset/mainnet/0x1513223c8fbeb5dc6a19fb757dab7a6adb22ee05.sol,SOLIDITY_VAR,2,12,v0.4.23,SWC-101
/bdata2/sc/dataset/mainnet/0x6a72b9813003dbda09b6c03ef9f2521086022585.sol,788,/bdata2/sc/dataset/mainnet/0x6a72b9813003dbda09b6c03ef9f2521086022585.sol,SOLIDITY_VAR,2,8,v0.4.23,SWC-101
/bdata2/sc/dataset/mainnet/0x6a72b9813003dbda09b6c03ef9f2521086022585.sol,882,/bdata2/sc/dataset/mainnet/0x6a72b9813003dbda09b6c03ef9f2521086022585.sol,SOLIDITY_VAR,2,12,v0.4.23,SWC-101
/bdata2/sc/dataset/mainnet/0x3f5d8e4b7a68f30735de6349c37cee1fec9f383d.sol,102,/bdata2/sc/dataset/mainnet/0x3f5d8e4b7a68f30735de6349c37cee1fec9f383d.sol,SOLIDITY_VAR,2,2,v0.4.18,SWC-101
/bdata2/sc/dataset/mainnet/0x3f5d8e4b7a68f30735de6349c37cee1fec9f383d.sol,190,/bdata2/sc/dataset/mainnet/0x3f5d8e4b7a68f30735de6349c37cee1fec9f383d.sol,SOLIDITY_VAR,2,8,v0.4.18,SWC-101
/bdata2/sc/dataset/mainnet/0x3f5d8e4b7a68f30735de6349c37cee1fec9f383d.sol,191,/bdata2/sc/dataset/mainnet/0x3f5d8e4b7a68f30735de6349c37cee1fec9f383d.sol,SOLIDITY_VAR,2,8,v0.4.18,SWC-101
/bdata2/sc/dataset/mainnet/0x3f5d8e4b7a68f30735de6349c37cee1fec9f383d.sol,235,/bdata2/sc/dataset/mainnet/0x3f5d8e4b7a68f30735de6349c37cee1fec9f383d.sol,SOLIDITY_VAR,2,2,v0.4.18,SWC-101
/bdata2/sc/dataset/mainnet/0x3f5d8e4b7a68f30735de6349c37cee1fec9f383d.sol,298,/bdata2/sc/dataset/mainnet/0x3f5d8e4b7a68f30735de6349c37cee1fec9f383d.sol,SOLIDITY_VAR,2,8,v0.4.18,SWC-101
/bdata2/sc/dataset/mainnet/0xba5a17713f5b29b94a55f813ae7e2e20066546de.sol,472,/bdata2/sc/dataset/mainnet/0xba5a17713f5b29b94a55f813ae7e2e20066546de.sol,SOLIDITY_VAR,2,8,v0.4.19,SWC-101
/bdata2/sc/dataset/mainnet/0x3f30b7eedb2bedf4a8600b7ee5bb2b3162ef13d8.sol,906,/bdata2/sc/dataset/mainnet/0x3f30b7eedb2bedf4a8600b7ee5bb2b3162ef13d8.sol,SOLIDITY_VAR,2,13,v0.4.21,SWC-101
/bdata2/sc/dataset/mainnet/0x1c923bc27998465f0b197ef73c7aeec9359169d3.sol,867,/bdata2/sc/dataset/mainnet/0x1c923bc27998465f0b197ef73c7aeec9359169d3.sol,SOLIDITY_VAR,2,13,v0.4.16,SWC-101
/bdata2/sc/dataset/mainnet/0x7e169Ef0a7915F9E6904b13308F9C995D2c295D6.sol,330,/bdata2/sc/dataset/mainnet/0x7e169Ef0a7915F9E6904b13308F9C995D2c295D6.sol,SOLIDITY_VAR,2,8,v0.4.16,SWC-101
/bdata2/sc/dataset/mainnet/0x7e169Ef0a7915F9E6904b13308F9C995D2c295D6.sol,961,/bdata2/sc/dataset/mainnet/0x7e169Ef0a7915F9E6904b13308F9C995D2c295D6.sol,SOLIDITY_VAR,2,8,v0.4.16,SWC-101
/bdata2/sc/dataset/mainnet/0x7e169Ef0a7915F9E6904b13308F9C995D2c295D6.sol,988,/bdata2/sc/dataset/mainnet/0x7e169Ef0a7915F9E6904b13308F9C995D2c295D6.sol,SOLIDITY_VAR,2,8,v0.4.16,SWC-101
/bdata2/sc/dataset/mainnet/0xf4c716ec3a201b960ca75a74452e663b00cf58b9.sol,330,/bdata2/sc/dataset/mainnet/0xf4c716ec3a201b960ca75a74452e663b00cf58b9.sol,SOLIDITY_VAR,2,8,v0.4.16,SWC-101
/bdata2/sc/dataset/mainnet/0xf4c716ec3a201b960ca75a74452e663b00cf58b9.sol,961,/bdata2/sc/dataset/mainnet/0xf4c716ec3a201b960ca75a74452e663b00cf58b9.sol,SOLIDITY_VAR,2,8,v0.4.16,SWC-101
/bdata2/sc/dataset/mainnet/0xf4c716ec3a201b960ca75a74452e663b00cf58b9.sol,988,/bdata2/sc/dataset/mainnet/0xf4c716ec3a201b960ca75a74452e663b00cf58b9.sol,SOLIDITY_VAR,2,8,v0.4.16,SWC-101
/bdata2/sc/dataset/mainnet/0x246fb400aa06bb8014584fdaa8a6783730a93b0d.sol,958,/bdata2/sc/dataset/mainnet/0x246fb400aa06bb8014584fdaa8a6783730a93b0d.sol,SOLIDITY_VAR,2,4,v0.4.24,SWC-101
/bdata2/sc/dataset/mainnet/0x246fb400aa06bb8014584fdaa8a6783730a93b0d.sol,1418,/bdata2/sc/dataset/mainnet/0x246fb400aa06bb8014584fdaa8a6783730a93b0d.sol,SOLIDITY_VAR,2,8,v0.4.24,SWC-101
/bdata2/sc/dataset/mainnet/0x2101ba900918345003585b0a17de91570609d706.sol,908,/bdata2/sc/dataset/mainnet/0x2101ba900918345003585b0a17de91570609d706.sol,SOLIDITY_VAR,1,2,v0.4.11,SWC-101
/bdata2/sc/dataset/mainnet/0x2101ba900918345003585b0a17de91570609d706.sol,914,/bdata2/sc/dataset/mainnet/0x2101ba900918345003585b0a17de91570609d706.sol,SOLIDITY_VAR,1,2,v0.4.11,SWC-101
/bdata2/sc/dataset/mainnet/0xec34d45fde0836d50ac8438f8442002b588435c0.sol,133,/bdata2/sc/dataset/mainnet/0xec34d45fde0836d50ac8438f8442002b588435c0.sol,SOLIDITY_VAR,2,16,v0.4.15,SWC-101
/bdata2/sc/dataset/mainnet/0xfc4f1acaaed191715cd50b9bc5311f7ad076424e.sol,141,/bdata2/sc/dataset/mainnet/0xfc4f1acaaed191715cd50b9bc5311f7ad076424e.sol,SOLIDITY_VAR,2,16,v0.4.15,SWC-101
/bdata2/sc/dataset/mainnet/0xa11e4ed59dc94e69612f3111942626ed513cb172.sol,36,/bdata2/sc/dataset/mainnet/0xa11e4ed59dc94e69612f3111942626ed513cb172.sol,SOLIDITY_VAR,2,8,v0.4.15,SWC-101
/bdata2/sc/dataset/mainnet/0xc27ead2d333d73db43323ebd2d7f1dbced1ec812.sol,131,/bdata2/sc/dataset/mainnet/0xc27ead2d333d73db43323ebd2d7f1dbced1ec812.sol,SOLIDITY_VAR,2,2,v0.4.23,SWC-101
/bdata2/sc/dataset/mainnet/0xc27ead2d333d73db43323ebd2d7f1dbced1ec812.sol,219,/bdata2/sc/dataset/mainnet/0xc27ead2d333d73db43323ebd2d7f1dbced1ec812.sol,SOLIDITY_VAR,2,8,v0.4.23,SWC-101
/bdata2/sc/dataset/mainnet/0xc27ead2d333d73db43323ebd2d7f1dbced1ec812.sol,220,/bdata2/sc/dataset/mainnet/0xc27ead2d333d73db43323ebd2d7f1dbced1ec812.sol,SOLIDITY_VAR,2,8,v0.4.23,SWC-101
/bdata2/sc/dataset/mainnet/0xc27ead2d333d73db43323ebd2d7f1dbced1ec812.sol,264,/bdata2/sc/dataset/mainnet/0xc27ead2d333d73db43323ebd2d7f1dbced1ec812.sol,SOLIDITY_VAR,2,2,v0.4.23,SWC-101
/bdata2/sc/dataset/mainnet/0xc27ead2d333d73db43323ebd2d7f1dbced1ec812.sol,327,/bdata2/sc/dataset/mainnet/0xc27ead2d333d73db43323ebd2d7f1dbced1ec812.sol,SOLIDITY_VAR,2,8,v0.4.23,SWC-101
/bdata2/sc/dataset/mainnet/0x7cfcf4d781de39588ca516565134da4aee71f94d.sol,878,/bdata2/sc/dataset/mainnet/0x7cfcf4d781de39588ca516565134da4aee71f94d.sol,SOLIDITY_VAR,2,13,v0.4.18,SWC-101
/bdata2/sc/dataset/mainnet/0x7cfcf4d781de39588ca516565134da4aee71f94d.sol,1188,/bdata2/sc/dataset/mainnet/0x7cfcf4d781de39588ca516565134da4aee71f94d.sol,SOLIDITY_VAR,2,8,v0.4.18,SWC-101
/bdata2/sc/dataset/mainnet/0x59b377e27d5ffde264b30beda2786e452d69213a.sol,133,/bdata2/sc/dataset/mainnet/0x59b377e27d5ffde264b30beda2786e452d69213a.sol,SOLIDITY_VAR,2,2,v0.4.19,SWC-101
/bdata2/sc/dataset/mainnet/0x24b995ac53f7916923bc594d506ffc34fe3fc78c.sol,334,/bdata2/sc/dataset/mainnet/0x24b995ac53f7916923bc594d506ffc34fe3fc78c.sol,SOLIDITY_VAR,2,4,v0.4.13,SWC-101
/bdata2/sc/dataset/mainnet/0x4f60d5605b4ceb8db307024eb5481af8e90ccfc7.sol,85,/bdata2/sc/dataset/mainnet/0x4f60d5605b4ceb8db307024eb5481af8e90ccfc7.sol,SOLIDITY_VAR,2,8,v0.4.13,SWC-101
/bdata2/sc/dataset/mainnet/0xed1c69227e2bccc22e2d0a3e61b45be032c70fb9.sol,48,/bdata2/sc/dataset/mainnet/0xed1c69227e2bccc22e2d0a3e61b45be032c70fb9.sol,SOLIDITY_VAR,2,9,v0.4.11,SWC-101
/bdata2/sc/dataset/mainnet/0x08b9355a1960165b576376dcec81d26cb1ee73a6.sol,317,/bdata2/sc/dataset/mainnet/0x08b9355a1960165b576376dcec81d26cb1ee73a6.sol,SOLIDITY_VAR,1,8,v0.4.15,SWC-101
/bdata2/sc/dataset/mainnet/0x26853108bb623999cd856ba2ea881d13e8b6789d.sol,19,/bdata2/sc/dataset/mainnet/0x26853108bb623999cd856ba2ea881d13e8b6789d.sol,SOLIDITY_VAR,1,8,v0.4.22,SWC-101
/bdata2/sc/dataset/mainnet/0xeaf5561d3ff0ed954036ecebf872e3177b73bb27.sol,19,/bdata2/sc/dataset/mainnet/0xeaf5561d3ff0ed954036ecebf872e3177b73bb27.sol,SOLIDITY_VAR,1,8,v0.4.22,SWC-101
/bdata2/sc/dataset/mainnet/0x4c17c61ce6edd113346d993aed193dda7ae57b9e.sol,210,/bdata2/sc/dataset/mainnet/0x4c17c61ce6edd113346d993aed193dda7ae57b9e.sol,SOLIDITY_VAR,2,8,v0.4.22,SWC-101
/bdata2/sc/dataset/mainnet/0x4b2b6ee9271cca9f12b81f94a70dd41cbad50d01.sol,892,/bdata2/sc/dataset/mainnet/0x4b2b6ee9271cca9f12b81f94a70dd41cbad50d01.sol,SOLIDITY_VAR,2,13,v0.4.21,SWC-101
/bdata2/sc/dataset/mainnet/0x4588f0e2176a16e4038c4babe4de6cc78a103523.sol,906,/bdata2/sc/dataset/mainnet/0x4588f0e2176a16e4038c4babe4de6cc78a103523.sol,SOLIDITY_VAR,2,13,v0.4.21,SWC-101
/bdata2/sc/dataset/mainnet/0xd1285c5d340f07d1d897f96c6e149dd652fd1a73.sol,839,/bdata2/sc/dataset/mainnet/0xd1285c5d340f07d1d897f96c6e149dd652fd1a73.sol,SOLIDITY_VAR,2,16,v0.4.24,SWC-101
/bdata2/sc/dataset/mainnet/0xde6909304a1693703b5b20041614ce12b10b3ad5.sol,162,/bdata2/sc/dataset/mainnet/0xde6909304a1693703b5b20041614ce12b10b3ad5.sol,SOLIDITY_VAR,2,8,v0.4.18,SWC-101
/bdata2/sc/dataset/mainnet/0xde6909304a1693703b5b20041614ce12b10b3ad5.sol,2144,/bdata2/sc/dataset/mainnet/0xde6909304a1693703b5b20041614ce12b10b3ad5.sol,SOLIDITY_VAR,2,13,v0.4.18,SWC-101
/bdata2/sc/dataset/mainnet/0x726fdaef28bcb840ba8f36b947423f62b06881ce.sol,162,/bdata2/sc/dataset/mainnet/0x726fdaef28bcb840ba8f36b947423f62b06881ce.sol,SOLIDITY_VAR,2,8,v0.4.18,SWC-101
/bdata2/sc/dataset/mainnet/0x726fdaef28bcb840ba8f36b947423f62b06881ce.sol,2144,/bdata2/sc/dataset/mainnet/0x726fdaef28bcb840ba8f36b947423f62b06881ce.sol,SOLIDITY_VAR,2,13,v0.4.18,SWC-101
/bdata2/sc/dataset/mainnet/0xcbbe85ecfad7c2e964d5d0208bd8020c732ebf52.sol,123,/bdata2/sc/dataset/mainnet/0xcbbe85ecfad7c2e964d5d0208bd8020c732ebf52.sol,SOLIDITY_VAR,2,8,v0.4.21,SWC-101
/bdata2/sc/dataset/mainnet/0x7cf271966f36343bf0150f25e5364f7961c58201.sol,17,/bdata2/sc/dataset/mainnet/0x7cf271966f36343bf0150f25e5364f7961c58201.sol,SOLIDITY_VAR,1,8,v0.4.21,SWC-101
/bdata2/sc/dataset/mainnet/0x7cf271966f36343bf0150f25e5364f7961c58201.sol,25,/bdata2/sc/dataset/mainnet/0x7cf271966f36343bf0150f25e5364f7961c58201.sol,SOLIDITY_VAR,1,8,v0.4.21,SWC-101
/bdata2/sc/dataset/mainnet/0x492c33111c5d0f4d169f8089fb23b8ce27d68daf.sol,85,/bdata2/sc/dataset/mainnet/0x492c33111c5d0f4d169f8089fb23b8ce27d68daf.sol,SOLIDITY_VAR,2,8,v0.4.18,SWC-101
/bdata2/sc/dataset/mainnet/0x7376596c7B5b9870342326561d2ac490D0D40a6e.sol,809,/bdata2/sc/dataset/mainnet/0x7376596c7B5b9870342326561d2ac490D0D40a6e.sol,SOLIDITY_VAR,1,8,v0.4.12,SWC-101
/bdata2/sc/dataset/mainnet/0x7376596c7B5b9870342326561d2ac490D0D40a6e.sol,810,/bdata2/sc/dataset/mainnet/0x7376596c7B5b9870342326561d2ac490D0D40a6e.sol,SOLIDITY_VAR,1,8,v0.4.12,SWC-101
/bdata2/sc/dataset/mainnet/0xaa543201f04c3184cfbe716e44425cacac206afc.sol,958,/bdata2/sc/dataset/mainnet/0xaa543201f04c3184cfbe716e44425cacac206afc.sol,SOLIDITY_VAR,2,4,v0.4.24,SWC-101
/bdata2/sc/dataset/mainnet/0xaa543201f04c3184cfbe716e44425cacac206afc.sol,1418,/bdata2/sc/dataset/mainnet/0xaa543201f04c3184cfbe716e44425cacac206afc.sol,SOLIDITY_VAR,2,8,v0.4.24,SWC-101
/bdata2/sc/dataset/mainnet/0x038ada8452ae3764f84a9f3e809b73de7938ae45.sol,85,/bdata2/sc/dataset/mainnet/0x038ada8452ae3764f84a9f3e809b73de7938ae45.sol,SOLIDITY_VAR,2,8,v0.4.24,SWC-101
/bdata2/sc/dataset/mainnet/0x752e85aE6297B17f42c1619008Ad8c2271f1C30f.sol,2451,/bdata2/sc/dataset/mainnet/0x752e85aE6297B17f42c1619008Ad8c2271f1C30f.sol,SOLIDITY_VAR,2,16,v0.4.21,SWC-101
/bdata2/sc/dataset/mainnet/0x06dF6Fdbf7629C71Aee3f468ba1ab702fa0Abec9.sol,236,/bdata2/sc/dataset/mainnet/0x06dF6Fdbf7629C71Aee3f468ba1ab702fa0Abec9.sol,SOLIDITY_VAR,2,4,v0.4.24,SWC-101
/bdata2/sc/dataset/mainnet/0x06dF6Fdbf7629C71Aee3f468ba1ab702fa0Abec9.sol,329,/bdata2/sc/dataset/mainnet/0x06dF6Fdbf7629C71Aee3f468ba1ab702fa0Abec9.sol,SOLIDITY_VAR,2,4,v0.4.24,SWC-101
/bdata2/sc/dataset/mainnet/0x5822360c6d3175c7a9ce2b96cd6411cd1ff5ac92.sol,773,/bdata2/sc/dataset/mainnet/0x5822360c6d3175c7a9ce2b96cd6411cd1ff5ac92.sol,SOLIDITY_VAR,2,8,v0.4.23,SWC-101
/bdata2/sc/dataset/mainnet/0x5822360c6d3175c7a9ce2b96cd6411cd1ff5ac92.sol,857,/bdata2/sc/dataset/mainnet/0x5822360c6d3175c7a9ce2b96cd6411cd1ff5ac92.sol,SOLIDITY_VAR,2,12,v0.4.23,SWC-101
/bdata2/sc/dataset/mainnet/0x5822360c6d3175c7a9ce2b96cd6411cd1ff5ac92.sol,858,/bdata2/sc/dataset/mainnet/0x5822360c6d3175c7a9ce2b96cd6411cd1ff5ac92.sol,SOLIDITY_VAR,2,12,v0.4.23,SWC-101
/bdata2/sc/dataset/mainnet/0x73bbb94cb75ba2627fef42668b2881412b0d2749.sol,773,/bdata2/sc/dataset/mainnet/0x73bbb94cb75ba2627fef42668b2881412b0d2749.sol,SOLIDITY_VAR,2,8,v0.4.23,SWC-101
/bdata2/sc/dataset/mainnet/0x73bbb94cb75ba2627fef42668b2881412b0d2749.sol,857,/bdata2/sc/dataset/mainnet/0x73bbb94cb75ba2627fef42668b2881412b0d2749.sol,SOLIDITY_VAR,2,12,v0.4.23,SWC-101
/bdata2/sc/dataset/mainnet/0x73bbb94cb75ba2627fef42668b2881412b0d2749.sol,858,/bdata2/sc/dataset/mainnet/0x73bbb94cb75ba2627fef42668b2881412b0d2749.sol,SOLIDITY_VAR,2,12,v0.4.23,SWC-101
/bdata2/sc/dataset/mainnet/0xda76af4064c7723375756a19e9520fa24c5ec737.sol,205,/bdata2/sc/dataset/mainnet/0xda76af4064c7723375756a19e9520fa24c5ec737.sol,SOLIDITY_VAR,2,8,v0.4.19,SWC-101
/bdata2/sc/dataset/mainnet/0xda76af4064c7723375756a19e9520fa24c5ec737.sol,1417,/bdata2/sc/dataset/mainnet/0xda76af4064c7723375756a19e9520fa24c5ec737.sol,SOLIDITY_VAR,2,8,v0.4.19,SWC-101
/bdata2/sc/dataset/mainnet/0xe5568ad7f29e67890bfe8f76a0f50b4113a62c77.sol,665,/bdata2/sc/dataset/mainnet/0xe5568ad7f29e67890bfe8f76a0f50b4113a62c77.sol,SOLIDITY_VAR,2,2,v0.4.19,SWC-101
/bdata2/sc/dataset/mainnet/0xe5568ad7f29e67890bfe8f76a0f50b4113a62c77.sol,679,/bdata2/sc/dataset/mainnet/0xe5568ad7f29e67890bfe8f76a0f50b4113a62c77.sol,SOLIDITY_VAR,2,2,v0.4.19,SWC-101
/bdata2/sc/dataset/mainnet/0xe520035ae79e2cda8b9c1983fe810ea57bf5ccbc.sol,103,/bdata2/sc/dataset/mainnet/0xe520035ae79e2cda8b9c1983fe810ea57bf5ccbc.sol,SOLIDITY_VAR,2,2,v0.4.21,SWC-101
/bdata2/sc/dataset/mainnet/0xe520035ae79e2cda8b9c1983fe810ea57bf5ccbc.sol,191,/bdata2/sc/dataset/mainnet/0xe520035ae79e2cda8b9c1983fe810ea57bf5ccbc.sol,SOLIDITY_VAR,2,8,v0.4.21,SWC-101
/bdata2/sc/dataset/mainnet/0xe520035ae79e2cda8b9c1983fe810ea57bf5ccbc.sol,192,/bdata2/sc/dataset/mainnet/0xe520035ae79e2cda8b9c1983fe810ea57bf5ccbc.sol,SOLIDITY_VAR,2,8,v0.4.21,SWC-101
/bdata2/sc/dataset/mainnet/0xe520035ae79e2cda8b9c1983fe810ea57bf5ccbc.sol,236,/bdata2/sc/dataset/mainnet/0xe520035ae79e2cda8b9c1983fe810ea57bf5ccbc.sol,SOLIDITY_VAR,2,2,v0.4.21,SWC-101
/bdata2/sc/dataset/mainnet/0xe520035ae79e2cda8b9c1983fe810ea57bf5ccbc.sol,299,/bdata2/sc/dataset/mainnet/0xe520035ae79e2cda8b9c1983fe810ea57bf5ccbc.sol,SOLIDITY_VAR,2,8,v0.4.21,SWC-101
/bdata2/sc/dataset/mainnet/0x850c430378909ba9ff2494d0a4df17928e99f8f4.sol,838,/bdata2/sc/dataset/mainnet/0x850c430378909ba9ff2494d0a4df17928e99f8f4.sol,SOLIDITY_VAR,2,2,v0.4.19,SWC-101
/bdata2/sc/dataset/mainnet/0x850c430378909ba9ff2494d0a4df17928e99f8f4.sol,852,/bdata2/sc/dataset/mainnet/0x850c430378909ba9ff2494d0a4df17928e99f8f4.sol,SOLIDITY_VAR,2,2,v0.4.19,SWC-101
/bdata2/sc/dataset/mainnet/0x1d7b5788d3844010664900615e966f8e9e464738.sol,838,/bdata2/sc/dataset/mainnet/0x1d7b5788d3844010664900615e966f8e9e464738.sol,SOLIDITY_VAR,2,2,v0.4.19,SWC-101
/bdata2/sc/dataset/mainnet/0x1d7b5788d3844010664900615e966f8e9e464738.sol,852,/bdata2/sc/dataset/mainnet/0x1d7b5788d3844010664900615e966f8e9e464738.sol,SOLIDITY_VAR,2,2,v0.4.19,SWC-101
/bdata2/sc/dataset/mainnet/0x1d7b5788d3844010664900615e966f8e9e464738.sol,1054,/bdata2/sc/dataset/mainnet/0x1d7b5788d3844010664900615e966f8e9e464738.sol,SOLIDITY_VAR,2,3,v0.4.19,SWC-101
/bdata2/sc/dataset/mainnet/0x32c4ed7b88cfb37cb96b9239d8f9307eb11e85bc.sol,835,/bdata2/sc/dataset/mainnet/0x32c4ed7b88cfb37cb96b9239d8f9307eb11e85bc.sol,SOLIDITY_VAR,2,13,v0.4.21,SWC-101
/bdata2/sc/dataset/mainnet/0x720c9a0a45b46a84fc1730224ab6cf617cdd98de.sol,215,/bdata2/sc/dataset/mainnet/0x720c9a0a45b46a84fc1730224ab6cf617cdd98de.sol,SOLIDITY_VAR,2,13,v0.4.18,SWC-101
/bdata2/sc/dataset/mainnet/0x720c9a0a45b46a84fc1730224ab6cf617cdd98de.sol,248,/bdata2/sc/dataset/mainnet/0x720c9a0a45b46a84fc1730224ab6cf617cdd98de.sol,SOLIDITY_VAR,2,13,v0.4.18,SWC-101
/bdata2/sc/dataset/mainnet/0x47f8c173083af430f4507124b63db55296500baf.sol,139,/bdata2/sc/dataset/mainnet/0x47f8c173083af430f4507124b63db55296500baf.sol,SOLIDITY_VAR,2,13,v0.4.24,SWC-101
/bdata2/sc/dataset/mainnet/0x9b9d895f21fe0bff625ae6d9e563d965133a49a5.sol,542,/bdata2/sc/dataset/mainnet/0x9b9d895f21fe0bff625ae6d9e563d965133a49a5.sol,SOLIDITY_VAR,2,13,v0.4.20,SWC-101
/bdata2/sc/dataset/mainnet/0x9b9d895f21fe0bff625ae6d9e563d965133a49a5.sol,575,/bdata2/sc/dataset/mainnet/0x9b9d895f21fe0bff625ae6d9e563d965133a49a5.sol,SOLIDITY_VAR,2,13,v0.4.20,SWC-101
/bdata2/sc/dataset/mainnet/0xf0e3ed8c38ba9cca1ab013bb6b9de822e536bfce.sol,289,/bdata2/sc/dataset/mainnet/0xf0e3ed8c38ba9cca1ab013bb6b9de822e536bfce.sol,SOLIDITY_VAR,2,8,v0.4.16,SWC-101
/bdata2/sc/dataset/mainnet/0xad41cd44884f0fa1968297743152bc9f572f1edb.sol,64,/bdata2/sc/dataset/mainnet/0xad41cd44884f0fa1968297743152bc9f572f1edb.sol,SOLIDITY_VAR,2,8,v0.4.16,SWC-101
/bdata2/sc/dataset/mainnet/0x4e9547d1a1154ee0451f063c253ad8dc39d5384c.sol,386,/bdata2/sc/dataset/mainnet/0x4e9547d1a1154ee0451f063c253ad8dc39d5384c.sol,SOLIDITY_VAR,2,8,v0.4.16,SWC-101
/bdata2/sc/dataset/mainnet/0xc4fd6c87218a2c0f2f7cfed260e1778d62020688.sol,91,/bdata2/sc/dataset/mainnet/0xc4fd6c87218a2c0f2f7cfed260e1778d62020688.sol,SOLIDITY_VAR,2,2,v0.4.18,SWC-101
/bdata2/sc/dataset/mainnet/0xc4fd6c87218a2c0f2f7cfed260e1778d62020688.sol,94,/bdata2/sc/dataset/mainnet/0xc4fd6c87218a2c0f2f7cfed260e1778d62020688.sol,SOLIDITY_VAR,2,8,v0.4.18,SWC-101
/bdata2/sc/dataset/mainnet/0xc4fd6c87218a2c0f2f7cfed260e1778d62020688.sol,97,/bdata2/sc/dataset/mainnet/0xc4fd6c87218a2c0f2f7cfed260e1778d62020688.sol,SOLIDITY_VAR,2,3,v0.4.18,SWC-101
/bdata2/sc/dataset/mainnet/0xc4fd6c87218a2c0f2f7cfed260e1778d62020688.sol,142,/bdata2/sc/dataset/mainnet/0xc4fd6c87218a2c0f2f7cfed260e1778d62020688.sol,SOLIDITY_VAR,2,2,v0.4.18,SWC-101
/bdata2/sc/dataset/mainnet/0xc4fd6c87218a2c0f2f7cfed260e1778d62020688.sol,146,/bdata2/sc/dataset/mainnet/0xc4fd6c87218a2c0f2f7cfed260e1778d62020688.sol,SOLIDITY_VAR,2,3,v0.4.18,SWC-101
/bdata2/sc/dataset/mainnet/0xc4fd6c87218a2c0f2f7cfed260e1778d62020688.sol,164,/bdata2/sc/dataset/mainnet/0xc4fd6c87218a2c0f2f7cfed260e1778d62020688.sol,SOLIDITY_VAR,2,4,v0.4.18,SWC-101
/bdata2/sc/dataset/mainnet/0xdd1ba0b008bf9c19b6fa5fb9ca83376cc0703912.sol,108,/bdata2/sc/dataset/mainnet/0xdd1ba0b008bf9c19b6fa5fb9ca83376cc0703912.sol,SOLIDITY_VAR,2,4,v0.4.23,SWC-101
/bdata2/sc/dataset/mainnet/0xcb17910d94fc9bf2fd6f9937b0d1fb76904d0181.sol,958,/bdata2/sc/dataset/mainnet/0xcb17910d94fc9bf2fd6f9937b0d1fb76904d0181.sol,SOLIDITY_VAR,2,4,v0.4.18,SWC-101
/bdata2/sc/dataset/mainnet/0xcb17910d94fc9bf2fd6f9937b0d1fb76904d0181.sol,1364,/bdata2/sc/dataset/mainnet/0xcb17910d94fc9bf2fd6f9937b0d1fb76904d0181.sol,SOLIDITY_VAR,2,4,v0.4.18,SWC-101
/bdata2/sc/dataset/mainnet/0xcb17910d94fc9bf2fd6f9937b0d1fb76904d0181.sol,1994,/bdata2/sc/dataset/mainnet/0xcb17910d94fc9bf2fd6f9937b0d1fb76904d0181.sol,SOLIDITY_VAR,2,6,v0.4.18,SWC-101
/bdata2/sc/dataset/mainnet/0xD88E4822687d0F9c73E296296Ed3eCd0a193dd46.sol,335,/bdata2/sc/dataset/mainnet/0xD88E4822687d0F9c73E296296Ed3eCd0a193dd46.sol,SOLIDITY_VAR,2,12,v0.4.11,SWC-101
/bdata2/sc/dataset/mainnet/0xD88E4822687d0F9c73E296296Ed3eCd0a193dd46.sol,59,/bdata2/sc/dataset/mainnet/0xD88E4822687d0F9c73E296296Ed3eCd0a193dd46.sol,SOLIDITY_VAR,1,8,v0.4.11,SWC-101
/bdata2/sc/dataset/mainnet/0xD88E4822687d0F9c73E296296Ed3eCd0a193dd46.sol,67,/bdata2/sc/dataset/mainnet/0xD88E4822687d0F9c73E296296Ed3eCd0a193dd46.sol,SOLIDITY_VAR,1,8,v0.4.11,SWC-101
/bdata2/sc/dataset/mainnet/0x2d4370400cdcbec8f26ee4face1fa120227271e4.sol,40,/bdata2/sc/dataset/mainnet/0x2d4370400cdcbec8f26ee4face1fa120227271e4.sol,SOLIDITY_VAR,1,8,v0.4.11,SWC-101
/bdata2/sc/dataset/mainnet/0x2d4370400cdcbec8f26ee4face1fa120227271e4.sol,48,/bdata2/sc/dataset/mainnet/0x2d4370400cdcbec8f26ee4face1fa120227271e4.sol,SOLIDITY_VAR,1,8,v0.4.11,SWC-101
/bdata2/sc/dataset/mainnet/0xE5a04D98538231b0fAb9ABa60cd73cE4fF3039DF.sol,881,/bdata2/sc/dataset/mainnet/0xE5a04D98538231b0fAb9ABa60cd73cE4fF3039DF.sol,SOLIDITY_VAR,2,13,v0.4.11,SWC-101
/bdata2/sc/dataset/mainnet/0x5c4a7fe7b47007da7cb5a7d25cc9084755b49000.sol,458,/bdata2/sc/dataset/mainnet/0x5c4a7fe7b47007da7cb5a7d25cc9084755b49000.sol,SOLIDITY_VAR,2,11,v0.4.11,SWC-101
/bdata2/sc/dataset/mainnet/0x5c4a7fe7b47007da7cb5a7d25cc9084755b49000.sol,463,/bdata2/sc/dataset/mainnet/0x5c4a7fe7b47007da7cb5a7d25cc9084755b49000.sol,SOLIDITY_VAR,2,13,v0.4.11,SWC-101
/bdata2/sc/dataset/mainnet/0x5c4a7fe7b47007da7cb5a7d25cc9084755b49000.sol,673,/bdata2/sc/dataset/mainnet/0x5c4a7fe7b47007da7cb5a7d25cc9084755b49000.sol,SOLIDITY_VAR,2,9,v0.4.11,SWC-101
/bdata2/sc/dataset/mainnet/0x5c4a7fe7b47007da7cb5a7d25cc9084755b49000.sol,678,/bdata2/sc/dataset/mainnet/0x5c4a7fe7b47007da7cb5a7d25cc9084755b49000.sol,SOLIDITY_VAR,2,11,v0.4.11,SWC-101
/bdata2/sc/dataset/mainnet/0x5c4a7fe7b47007da7cb5a7d25cc9084755b49000.sol,1250,/bdata2/sc/dataset/mainnet/0x5c4a7fe7b47007da7cb5a7d25cc9084755b49000.sol,SOLIDITY_VAR,2,9,v0.4.11,SWC-101
/bdata2/sc/dataset/mainnet/0x5c4a7fe7b47007da7cb5a7d25cc9084755b49000.sol,1259,/bdata2/sc/dataset/mainnet/0x5c4a7fe7b47007da7cb5a7d25cc9084755b49000.sol,SOLIDITY_VAR,2,9,v0.4.11,SWC-101
/bdata2/sc/dataset/mainnet/0x0bd95cc8736750d0f63492f903ecd884c585dcd3.sol,456,/bdata2/sc/dataset/mainnet/0x0bd95cc8736750d0f63492f903ecd884c585dcd3.sol,SOLIDITY_VAR,2,11,v0.4.11,SWC-101
/bdata2/sc/dataset/mainnet/0x0bd95cc8736750d0f63492f903ecd884c585dcd3.sol,461,/bdata2/sc/dataset/mainnet/0x0bd95cc8736750d0f63492f903ecd884c585dcd3.sol,SOLIDITY_VAR,2,13,v0.4.11,SWC-101
/bdata2/sc/dataset/mainnet/0x0bd95cc8736750d0f63492f903ecd884c585dcd3.sol,670,/bdata2/sc/dataset/mainnet/0x0bd95cc8736750d0f63492f903ecd884c585dcd3.sol,SOLIDITY_VAR,2,9,v0.4.11,SWC-101
/bdata2/sc/dataset/mainnet/0x0bd95cc8736750d0f63492f903ecd884c585dcd3.sol,675,/bdata2/sc/dataset/mainnet/0x0bd95cc8736750d0f63492f903ecd884c585dcd3.sol,SOLIDITY_VAR,2,11,v0.4.11,SWC-101
/bdata2/sc/dataset/mainnet/0x32166f7492c3bdd428dcc8d38c6c9e89e7f46101.sol,379,/bdata2/sc/dataset/mainnet/0x32166f7492c3bdd428dcc8d38c6c9e89e7f46101.sol,SOLIDITY_VAR,2,11,v0.4.11,SWC-101
/bdata2/sc/dataset/mainnet/0x32166f7492c3bdd428dcc8d38c6c9e89e7f46101.sol,384,/bdata2/sc/dataset/mainnet/0x32166f7492c3bdd428dcc8d38c6c9e89e7f46101.sol,SOLIDITY_VAR,2,13,v0.4.11,SWC-101
/bdata2/sc/dataset/mainnet/0x32166f7492c3bdd428dcc8d38c6c9e89e7f46101.sol,594,/bdata2/sc/dataset/mainnet/0x32166f7492c3bdd428dcc8d38c6c9e89e7f46101.sol,SOLIDITY_VAR,2,9,v0.4.11,SWC-101
/bdata2/sc/dataset/mainnet/0x32166f7492c3bdd428dcc8d38c6c9e89e7f46101.sol,599,/bdata2/sc/dataset/mainnet/0x32166f7492c3bdd428dcc8d38c6c9e89e7f46101.sol,SOLIDITY_VAR,2,11,v0.4.11,SWC-101
/bdata2/sc/dataset/mainnet/0xdcca8fa09bec1205ea2946b5fa466d72123b70f8.sol,874,/bdata2/sc/dataset/mainnet/0xdcca8fa09bec1205ea2946b5fa466d72123b70f8.sol,SOLIDITY_VAR,2,13,v0.4.17,SWC-101
/bdata2/sc/dataset/mainnet/0xeffde26234cab40b54af9e28268912da42c1c975.sol,329,/bdata2/sc/dataset/mainnet/0xeffde26234cab40b54af9e28268912da42c1c975.sol,SOLIDITY_VAR,2,12,v0.4.17,SWC-101
/bdata2/sc/dataset/mainnet/0xeffde26234cab40b54af9e28268912da42c1c975.sol,302,/bdata2/sc/dataset/mainnet/0xeffde26234cab40b54af9e28268912da42c1c975.sol,SOLIDITY_VAR,1,12,v0.4.17,SWC-101
/bdata2/sc/dataset/mainnet/0xc5a23b91c687b4470017f64175e3eebf3484b7b8.sol,19,/bdata2/sc/dataset/mainnet/0xc5a23b91c687b4470017f64175e3eebf3484b7b8.sol,SOLIDITY_VAR,1,8,v0.4.23,SWC-101
/bdata2/sc/dataset/mainnet/0xadb6e66f41fea754ea91d46c63e5211b889aaecb.sol,388,/bdata2/sc/dataset/mainnet/0xadb6e66f41fea754ea91d46c63e5211b889aaecb.sol,SOLIDITY_VAR,2,4,v0.4.13,SWC-101
/bdata2/sc/dataset/mainnet/0xadb6e66f41fea754ea91d46c63e5211b889aaecb.sol,396,/bdata2/sc/dataset/mainnet/0xadb6e66f41fea754ea91d46c63e5211b889aaecb.sol,SOLIDITY_VAR,2,4,v0.4.13,SWC-101
/bdata2/sc/dataset/mainnet/0xadb6e66f41fea754ea91d46c63e5211b889aaecb.sol,450,/bdata2/sc/dataset/mainnet/0xadb6e66f41fea754ea91d46c63e5211b889aaecb.sol,SOLIDITY_VAR,2,4,v0.4.13,SWC-101
/bdata2/sc/dataset/mainnet/0xadb6e66f41fea754ea91d46c63e5211b889aaecb.sol,571,/bdata2/sc/dataset/mainnet/0xadb6e66f41fea754ea91d46c63e5211b889aaecb.sol,SOLIDITY_VAR,2,4,v0.4.13,SWC-101
/bdata2/sc/dataset/mainnet/0x80647a3b0ea039dd077c10128558a948fc0d9276.sol,388,/bdata2/sc/dataset/mainnet/0x80647a3b0ea039dd077c10128558a948fc0d9276.sol,SOLIDITY_VAR,2,4,v0.4.13,SWC-101
/bdata2/sc/dataset/mainnet/0x80647a3b0ea039dd077c10128558a948fc0d9276.sol,396,/bdata2/sc/dataset/mainnet/0x80647a3b0ea039dd077c10128558a948fc0d9276.sol,SOLIDITY_VAR,2,4,v0.4.13,SWC-101
/bdata2/sc/dataset/mainnet/0x80647a3b0ea039dd077c10128558a948fc0d9276.sol,450,/bdata2/sc/dataset/mainnet/0x80647a3b0ea039dd077c10128558a948fc0d9276.sol,SOLIDITY_VAR,2,4,v0.4.13,SWC-101
/bdata2/sc/dataset/mainnet/0x80647a3b0ea039dd077c10128558a948fc0d9276.sol,571,/bdata2/sc/dataset/mainnet/0x80647a3b0ea039dd077c10128558a948fc0d9276.sol,SOLIDITY_VAR,2,4,v0.4.13,SWC-101
/bdata2/sc/dataset/mainnet/0x03af37073258b08ffff303e9e07e8a0b7bfc4fd9.sol,125,/bdata2/sc/dataset/mainnet/0x03af37073258b08ffff303e9e07e8a0b7bfc4fd9.sol,SOLIDITY_VAR,2,8,v0.4.11,SWC-101
/bdata2/sc/dataset/mainnet/0x03af37073258b08ffff303e9e07e8a0b7bfc4fd9.sol,1510,/bdata2/sc/dataset/mainnet/0x03af37073258b08ffff303e9e07e8a0b7bfc4fd9.sol,SOLIDITY_VAR,2,13,v0.4.11,SWC-101
/bdata2/sc/dataset/mainnet/0x03af37073258b08ffff303e9e07e8a0b7bfc4fd9.sol,1807,/bdata2/sc/dataset/mainnet/0x03af37073258b08ffff303e9e07e8a0b7bfc4fd9.sol,SOLIDITY_VAR,1,6,v0.4.11,SWC-101
/bdata2/sc/dataset/mainnet/0xd39ed6143d5a69a25d7fcb06b1bb554f2debaaae.sol,834,/bdata2/sc/dataset/mainnet/0xd39ed6143d5a69a25d7fcb06b1bb554f2debaaae.sol,SOLIDITY_VAR,2,13,v0.4.13,SWC-101
/bdata2/sc/dataset/mainnet/0xd72ead482b15197b99f74d846e8180d7f33670df.sol,834,/bdata2/sc/dataset/mainnet/0xd72ead482b15197b99f74d846e8180d7f33670df.sol,SOLIDITY_VAR,2,13,v0.4.13,SWC-101
/bdata2/sc/dataset/mainnet/0xeed895573a8542173656027607cf006d72b478b1.sol,317,/bdata2/sc/dataset/mainnet/0xeed895573a8542173656027607cf006d72b478b1.sol,SOLIDITY_VAR,1,8,v0.4.15,SWC-101
/bdata2/sc/dataset/mainnet/0xe7844e3793ecbbed1c67796f811c4ef7c9676c7f.sol,317,/bdata2/sc/dataset/mainnet/0xe7844e3793ecbbed1c67796f811c4ef7c9676c7f.sol,SOLIDITY_VAR,1,8,v0.4.15,SWC-101
/bdata2/sc/dataset/mainnet/0xd1a2b2ab35b439456fb5c28ad7ff23f893a302c1.sol,843,/bdata2/sc/dataset/mainnet/0xd1a2b2ab35b439456fb5c28ad7ff23f893a302c1.sol,SOLIDITY_VAR,2,2,v0.4.19,SWC-101
/bdata2/sc/dataset/mainnet/0xd1a2b2ab35b439456fb5c28ad7ff23f893a302c1.sol,857,/bdata2/sc/dataset/mainnet/0xd1a2b2ab35b439456fb5c28ad7ff23f893a302c1.sol,SOLIDITY_VAR,2,2,v0.4.19,SWC-101
/bdata2/sc/dataset/mainnet/0xd1a2b2ab35b439456fb5c28ad7ff23f893a302c1.sol,1070,/bdata2/sc/dataset/mainnet/0xd1a2b2ab35b439456fb5c28ad7ff23f893a302c1.sol,SOLIDITY_VAR,2,3,v0.4.19,SWC-101
/bdata2/sc/dataset/mainnet/0x69726AE4D92F48b97405D4E2785e4006C208A28a.sol,443,/bdata2/sc/dataset/mainnet/0x69726AE4D92F48b97405D4E2785e4006C208A28a.sol,SOLIDITY_VAR,1,8,v0.4.18,SWC-101
/bdata2/sc/dataset/mainnet/0x67c246b0357fe6b5a38cde321a6ff127164cbb10.sol,285,/bdata2/sc/dataset/mainnet/0x67c246b0357fe6b5a38cde321a6ff127164cbb10.sol,SOLIDITY_VAR,2,8,v0.4.22,SWC-101
/bdata2/sc/dataset/mainnet/0x50325b5527eb8299581bce2eeb6c53b5661e1346.sol,17,/bdata2/sc/dataset/mainnet/0x50325b5527eb8299581bce2eeb6c53b5661e1346.sol,SOLIDITY_VAR,1,8,v0.4.21,SWC-101
/bdata2/sc/dataset/mainnet/0x50325b5527eb8299581bce2eeb6c53b5661e1346.sol,25,/bdata2/sc/dataset/mainnet/0x50325b5527eb8299581bce2eeb6c53b5661e1346.sol,SOLIDITY_VAR,1,8,v0.4.21,SWC-101
/bdata2/sc/dataset/mainnet/0x0c2795fc4e1f57614eb78923dc78521ff0676fb8.sol,948,/bdata2/sc/dataset/mainnet/0x0c2795fc4e1f57614eb78923dc78521ff0676fb8.sol,SOLIDITY_VAR,2,13,v0.4.21,SWC-101
/bdata2/sc/dataset/mainnet/0x1e7c6b740f45e42c722db1b286b23a60acfdf6e2.sol,163,/bdata2/sc/dataset/mainnet/0x1e7c6b740f45e42c722db1b286b23a60acfdf6e2.sol,SOLIDITY_VAR,2,16,v0.4.23,SWC-101
/bdata2/sc/dataset/mainnet/0xe0b1bb3d16aba1ca1745005646ecb9d7c859c60f.sol,878,/bdata2/sc/dataset/mainnet/0xe0b1bb3d16aba1ca1745005646ecb9d7c859c60f.sol,SOLIDITY_VAR,2,13,v0.4.18,SWC-101
/bdata2/sc/dataset/mainnet/0xe0b1bb3d16aba1ca1745005646ecb9d7c859c60f.sol,1188,/bdata2/sc/dataset/mainnet/0xe0b1bb3d16aba1ca1745005646ecb9d7c859c60f.sol,SOLIDITY_VAR,2,8,v0.4.18,SWC-101
/bdata2/sc/dataset/mainnet/0x3c7feb0dc32be219ef51b7fd38b56d62bb864d41.sol,162,/bdata2/sc/dataset/mainnet/0x3c7feb0dc32be219ef51b7fd38b56d62bb864d41.sol,SOLIDITY_VAR,2,8,v0.4.18,SWC-101
/bdata2/sc/dataset/mainnet/0x3c7feb0dc32be219ef51b7fd38b56d62bb864d41.sol,2144,/bdata2/sc/dataset/mainnet/0x3c7feb0dc32be219ef51b7fd38b56d62bb864d41.sol,SOLIDITY_VAR,2,13,v0.4.18,SWC-101
/bdata2/sc/dataset/mainnet/0x1fd76bc4e080e5f11703528961b2e515296c1c04.sol,162,/bdata2/sc/dataset/mainnet/0x1fd76bc4e080e5f11703528961b2e515296c1c04.sol,SOLIDITY_VAR,2,8,v0.4.18,SWC-101
/bdata2/sc/dataset/mainnet/0x1fd76bc4e080e5f11703528961b2e515296c1c04.sol,2144,/bdata2/sc/dataset/mainnet/0x1fd76bc4e080e5f11703528961b2e515296c1c04.sol,SOLIDITY_VAR,2,13,v0.4.18,SWC-101
/bdata2/sc/dataset/mainnet/0x88af078337afde014574dbc6027a1db75d629b76.sol,841,/bdata2/sc/dataset/mainnet/0x88af078337afde014574dbc6027a1db75d629b76.sol,SOLIDITY_VAR,2,13,v0.4.11,SWC-101
/bdata2/sc/dataset/mainnet/0xfd77e9a3e62450c930178d96fd376d14fe65cccd.sol,19,/bdata2/sc/dataset/mainnet/0xfd77e9a3e62450c930178d96fd376d14fe65cccd.sol,SOLIDITY_VAR,1,8,v0.4.23,SWC-101
/bdata2/sc/dataset/mainnet/0x368D8E25353920A7bf78596CBc1137Ba5C2BE637.sol,19,/bdata2/sc/dataset/mainnet/0x368D8E25353920A7bf78596CBc1137Ba5C2BE637.sol,SOLIDITY_VAR,1,8,v0.4.23,SWC-101
/bdata2/sc/dataset/mainnet/0x92e8913a859a553e6c8c6d659ba04e2bf835d83b.sol,878,/bdata2/sc/dataset/mainnet/0x92e8913a859a553e6c8c6d659ba04e2bf835d83b.sol,SOLIDITY_VAR,2,13,v0.4.24,SWC-101
/bdata2/sc/dataset/mainnet/0x92e8913a859a553e6c8c6d659ba04e2bf835d83b.sol,1188,/bdata2/sc/dataset/mainnet/0x92e8913a859a553e6c8c6d659ba04e2bf835d83b.sol,SOLIDITY_VAR,2,8,v0.4.24,SWC-101
/bdata2/sc/dataset/mainnet/0xba5a1760dbf1dc1be22dd48fe54a028203240a64.sol,466,/bdata2/sc/dataset/mainnet/0xba5a1760dbf1dc1be22dd48fe54a028203240a64.sol,SOLIDITY_VAR,2,8,v0.4.19,SWC-101
/bdata2/sc/dataset/mainnet/0x7f1d1c0a0c3a5ff6f5523b939b769b9f88509122.sol,262,/bdata2/sc/dataset/mainnet/0x7f1d1c0a0c3a5ff6f5523b939b769b9f88509122.sol,SOLIDITY_VAR,2,8,v0.4.23,SWC-101
/bdata2/sc/dataset/mainnet/0xc581dc3ac2bd252db8240553c5be8c31e8a01d7b.sol,264,/bdata2/sc/dataset/mainnet/0xc581dc3ac2bd252db8240553c5be8c31e8a01d7b.sol,SOLIDITY_VAR,2,8,v0.4.23,SWC-101
/bdata2/sc/dataset/mainnet/0x82103eabce34b0e814fb71d1b840371542edaa40.sol,878,/bdata2/sc/dataset/mainnet/0x82103eabce34b0e814fb71d1b840371542edaa40.sol,SOLIDITY_VAR,2,13,v0.4.21,SWC-101
/bdata2/sc/dataset/mainnet/0x82103eabce34b0e814fb71d1b840371542edaa40.sol,1188,/bdata2/sc/dataset/mainnet/0x82103eabce34b0e814fb71d1b840371542edaa40.sol,SOLIDITY_VAR,2,8,v0.4.21,SWC-101
/bdata2/sc/dataset/mainnet/0xb51088f5f37286b5c3462043200a0ce9aee71459.sol,19,/bdata2/sc/dataset/mainnet/0xb51088f5f37286b5c3462043200a0ce9aee71459.sol,SOLIDITY_VAR,1,8,v0.4.23,SWC-101
/bdata2/sc/dataset/mainnet/0x5802adcae69b4d6b751171bcc6e92cb3bbfc9c36.sol,958,/bdata2/sc/dataset/mainnet/0x5802adcae69b4d6b751171bcc6e92cb3bbfc9c36.sol,SOLIDITY_VAR,2,4,v0.4.18,SWC-101
/bdata2/sc/dataset/mainnet/0x5802adcae69b4d6b751171bcc6e92cb3bbfc9c36.sol,1364,/bdata2/sc/dataset/mainnet/0x5802adcae69b4d6b751171bcc6e92cb3bbfc9c36.sol,SOLIDITY_VAR,2,4,v0.4.18,SWC-101
/bdata2/sc/dataset/mainnet/0xe928788c7bc75bbb3f2fc982474a8440540101f1.sol,102,/bdata2/sc/dataset/mainnet/0xe928788c7bc75bbb3f2fc982474a8440540101f1.sol,SOLIDITY_VAR,2,6,v0.4.18,SWC-101
/bdata2/sc/dataset/mainnet/0xe928788c7bc75bbb3f2fc982474a8440540101f1.sol,103,/bdata2/sc/dataset/mainnet/0xe928788c7bc75bbb3f2fc982474a8440540101f1.sol,SOLIDITY_VAR,2,6,v0.4.18,SWC-101
/bdata2/sc/dataset/mainnet/0x518429d9b6f2a07e6c0cb303aed1632bfca768b2.sol,856,/bdata2/sc/dataset/mainnet/0x518429d9b6f2a07e6c0cb303aed1632bfca768b2.sol,SOLIDITY_VAR,2,4,v0.4.18,SWC-101
/bdata2/sc/dataset/mainnet/0x518429d9b6f2a07e6c0cb303aed1632bfca768b2.sol,1494,/bdata2/sc/dataset/mainnet/0x518429d9b6f2a07e6c0cb303aed1632bfca768b2.sol,SOLIDITY_VAR,2,6,v0.4.18,SWC-101
/bdata2/sc/dataset/mainnet/0xddf0d0b9914d530e0b743808249d9af901f1bd01.sol,878,/bdata2/sc/dataset/mainnet/0xddf0d0b9914d530e0b743808249d9af901f1bd01.sol,SOLIDITY_VAR,2,13,v0.4.19,SWC-101
/bdata2/sc/dataset/mainnet/0xddf0d0b9914d530e0b743808249d9af901f1bd01.sol,1188,/bdata2/sc/dataset/mainnet/0xddf0d0b9914d530e0b743808249d9af901f1bd01.sol,SOLIDITY_VAR,2,8,v0.4.19,SWC-101
/bdata2/sc/dataset/mainnet/0xefc391aba7600da1964b9ae330e3f901d1306188.sol,892,/bdata2/sc/dataset/mainnet/0xefc391aba7600da1964b9ae330e3f901d1306188.sol,SOLIDITY_VAR,2,13,v0.4.21,SWC-101
/bdata2/sc/dataset/mainnet/0x7682fbf6e6bdc8d53a76604b169765037ed6d757.sol,87,/bdata2/sc/dataset/mainnet/0x7682fbf6e6bdc8d53a76604b169765037ed6d757.sol,SOLIDITY_VAR,2,12,v0.4.14,SWC-101
/bdata2/sc/dataset/mainnet/0x7682fbf6e6bdc8d53a76604b169765037ed6d757.sol,998,/bdata2/sc/dataset/mainnet/0x7682fbf6e6bdc8d53a76604b169765037ed6d757.sol,SOLIDITY_VAR,2,13,v0.4.14,SWC-101
/bdata2/sc/dataset/mainnet/0x7682fbf6e6bdc8d53a76604b169765037ed6d757.sol,1307,/bdata2/sc/dataset/mainnet/0x7682fbf6e6bdc8d53a76604b169765037ed6d757.sol,SOLIDITY_VAR,2,8,v0.4.14,SWC-101
/bdata2/sc/dataset/mainnet/0x7682fbf6e6bdc8d53a76604b169765037ed6d757.sol,1947,/bdata2/sc/dataset/mainnet/0x7682fbf6e6bdc8d53a76604b169765037ed6d757.sol,SOLIDITY_VAR,2,8,v0.4.14,SWC-101
/bdata2/sc/dataset/mainnet/0x7682fbf6e6bdc8d53a76604b169765037ed6d757.sol,1963,/bdata2/sc/dataset/mainnet/0x7682fbf6e6bdc8d53a76604b169765037ed6d757.sol,SOLIDITY_VAR,2,8,v0.4.14,SWC-101
/bdata2/sc/dataset/mainnet/0x7a2770fc68c659b0255d6d80bed82c7b0f163d6b.sol,858,/bdata2/sc/dataset/mainnet/0x7a2770fc68c659b0255d6d80bed82c7b0f163d6b.sol,SOLIDITY_VAR,2,13,v0.4.14,SWC-101
/bdata2/sc/dataset/mainnet/0x7e9e3090cbdb2414cbb4d79be7d6b94477413ced.sol,858,/bdata2/sc/dataset/mainnet/0x7e9e3090cbdb2414cbb4d79be7d6b94477413ced.sol,SOLIDITY_VAR,2,13,v0.4.14,SWC-101
/bdata2/sc/dataset/mainnet/0x1c9055f7ecc5c679b85393b970b17eefc3a8cf98.sol,393,/bdata2/sc/dataset/mainnet/0x1c9055f7ecc5c679b85393b970b17eefc3a8cf98.sol,SOLIDITY_VAR,2,4,v0.4.16,SWC-101
/bdata2/sc/dataset/mainnet/0x1c9055f7ecc5c679b85393b970b17eefc3a8cf98.sol,443,/bdata2/sc/dataset/mainnet/0x1c9055f7ecc5c679b85393b970b17eefc3a8cf98.sol,SOLIDITY_VAR,2,4,v0.4.16,SWC-101
/bdata2/sc/dataset/mainnet/0x1c9055f7ecc5c679b85393b970b17eefc3a8cf98.sol,577,/bdata2/sc/dataset/mainnet/0x1c9055f7ecc5c679b85393b970b17eefc3a8cf98.sol,SOLIDITY_VAR,2,4,v0.4.16,SWC-101
/bdata2/sc/dataset/mainnet/0x4e7a34c6c29a4741858a7ec5622cd8be21b0351b.sol,403,/bdata2/sc/dataset/mainnet/0x4e7a34c6c29a4741858a7ec5622cd8be21b0351b.sol,SOLIDITY_VAR,2,8,v0.4.15,SWC-101
/bdata2/sc/dataset/mainnet/0x4e7a34c6c29a4741858a7ec5622cd8be21b0351b.sol,449,/bdata2/sc/dataset/mainnet/0x4e7a34c6c29a4741858a7ec5622cd8be21b0351b.sol,SOLIDITY_VAR,2,8,v0.4.15,SWC-101
/bdata2/sc/dataset/mainnet/0x4e7a34c6c29a4741858a7ec5622cd8be21b0351b.sol,576,/bdata2/sc/dataset/mainnet/0x4e7a34c6c29a4741858a7ec5622cd8be21b0351b.sol,SOLIDITY_VAR,2,8,v0.4.15,SWC-101
/bdata2/sc/dataset/mainnet/0x1b332629b45136a3614fafcd927c8ea31d7cd717.sol,1382,/bdata2/sc/dataset/mainnet/0x1b332629b45136a3614fafcd927c8ea31d7cd717.sol,SOLIDITY_VAR,2,8,v0.4.25,SWC-101
/bdata2/sc/dataset/mainnet/0x1b332629b45136a3614fafcd927c8ea31d7cd717.sol,2139,/bdata2/sc/dataset/mainnet/0x1b332629b45136a3614fafcd927c8ea31d7cd717.sol,SOLIDITY_VAR,2,2,v0.4.25,SWC-101
/bdata2/sc/dataset/mainnet/0x3F500A7e3783FBd228DDB894DE2Db110eED83A5b.sol,441,/bdata2/sc/dataset/mainnet/0x3F500A7e3783FBd228DDB894DE2Db110eED83A5b.sol,SOLIDITY_VAR,2,12,v0.4.16,SWC-101
/bdata2/sc/dataset/mainnet/0xd6fe2734b9b7beb22bb62301d55c287b14c651d5.sol,157,/bdata2/sc/dataset/mainnet/0xd6fe2734b9b7beb22bb62301d55c287b14c651d5.sol,SOLIDITY_VAR,2,2,v0.4.21,SWC-101
/bdata2/sc/dataset/mainnet/0xd6fe2734b9b7beb22bb62301d55c287b14c651d5.sol,244,/bdata2/sc/dataset/mainnet/0xd6fe2734b9b7beb22bb62301d55c287b14c651d5.sol,SOLIDITY_VAR,2,8,v0.4.21,SWC-101
/bdata2/sc/dataset/mainnet/0xd6fe2734b9b7beb22bb62301d55c287b14c651d5.sol,245,/bdata2/sc/dataset/mainnet/0xd6fe2734b9b7beb22bb62301d55c287b14c651d5.sol,SOLIDITY_VAR,2,8,v0.4.21,SWC-101
/bdata2/sc/dataset/mainnet/0x0ccD5eA595a3E7537e471F40a4d90F88eD0cf5ec.sol,85,/bdata2/sc/dataset/mainnet/0x0ccD5eA595a3E7537e471F40a4d90F88eD0cf5ec.sol,SOLIDITY_VAR,2,8,v0.4.13,SWC-101
/bdata2/sc/dataset/mainnet/0x5936d34a49aaa7bbaeffba2cf7f7c191bd96477d.sol,977,/bdata2/sc/dataset/mainnet/0x5936d34a49aaa7bbaeffba2cf7f7c191bd96477d.sol,SOLIDITY_VAR,2,13,v0.4.13,SWC-101
/bdata2/sc/dataset/mainnet/0x5936d34a49aaa7bbaeffba2cf7f7c191bd96477d.sol,1291,/bdata2/sc/dataset/mainnet/0x5936d34a49aaa7bbaeffba2cf7f7c191bd96477d.sol,SOLIDITY_VAR,2,0,v0.4.13,SWC-101
/bdata2/sc/dataset/mainnet/0x716d8d76baa029479df0f0604169950153b8f268.sol,892,/bdata2/sc/dataset/mainnet/0x716d8d76baa029479df0f0604169950153b8f268.sol,SOLIDITY_VAR,2,13,v0.4.21,SWC-101
/bdata2/sc/dataset/mainnet/0x754614fea204097fd934dc26784d837bc884b00d.sol,302,/bdata2/sc/dataset/mainnet/0x754614fea204097fd934dc26784d837bc884b00d.sol,SOLIDITY_VAR,2,12,v0.4.17,SWC-101
/bdata2/sc/dataset/mainnet/0x162d558ac8f3b8aba5f549066ac81df4ddc912a2.sol,858,/bdata2/sc/dataset/mainnet/0x162d558ac8f3b8aba5f549066ac81df4ddc912a2.sol,SOLIDITY_VAR,2,13,v0.4.17,SWC-101
/bdata2/sc/dataset/mainnet/0x50c798C86D714F58Ac08E5BaC49A127771E93234.sol,293,/bdata2/sc/dataset/mainnet/0x50c798C86D714F58Ac08E5BaC49A127771E93234.sol,SOLIDITY_VAR,2,12,v0.4.17,SWC-101
/bdata2/sc/dataset/mainnet/0x7a2301086478efc25a51a8f2c7490d6a2dca3fb2.sol,136,/bdata2/sc/dataset/mainnet/0x7a2301086478efc25a51a8f2c7490d6a2dca3fb2.sol,SOLIDITY_VAR,2,8,v0.4.15,SWC-101
/bdata2/sc/dataset/mainnet/0xea7A3213b47099E3368F8f9A5f382540C80c2eB9.sol,161,/bdata2/sc/dataset/mainnet/0xea7A3213b47099E3368F8f9A5f382540C80c2eB9.sol,SOLIDITY_VAR,2,12,v0.4.17,SWC-101
/bdata2/sc/dataset/mainnet/0x7909f0b4a0c25f126f85e010aa573c64e5e2ebf9.sol,858,/bdata2/sc/dataset/mainnet/0x7909f0b4a0c25f126f85e010aa573c64e5e2ebf9.sol,SOLIDITY_VAR,2,13,v0.4.17,SWC-101
/bdata2/sc/dataset/mainnet/0x0869d49644ce3fd53dcbfa824b3794c0b4ae3774.sol,858,/bdata2/sc/dataset/mainnet/0x0869d49644ce3fd53dcbfa824b3794c0b4ae3774.sol,SOLIDITY_VAR,2,13,v0.4.17,SWC-101
/bdata2/sc/dataset/mainnet/0x7a18919f0b05fa5e91f3ef43afe8a72105c9d4b8.sol,97,/bdata2/sc/dataset/mainnet/0x7a18919f0b05fa5e91f3ef43afe8a72105c9d4b8.sol,SOLIDITY_VAR,2,8,v0.4.24,SWC-101
/bdata2/sc/dataset/mainnet/0xa70bbfe72a97b2bbf08fead044ae020e5c5ae76f.sol,868,/bdata2/sc/dataset/mainnet/0xa70bbfe72a97b2bbf08fead044ae020e5c5ae76f.sol,SOLIDITY_VAR,2,13,v0.4.13,SWC-101
/bdata2/sc/dataset/mainnet/0xd4e5a29686Bd97341Ca21bbC08e6Bc43C7655194.sol,393,/bdata2/sc/dataset/mainnet/0xd4e5a29686Bd97341Ca21bbC08e6Bc43C7655194.sol,SOLIDITY_VAR,2,4,v0.4.13,SWC-101
/bdata2/sc/dataset/mainnet/0xd4e5a29686Bd97341Ca21bbC08e6Bc43C7655194.sol,401,/bdata2/sc/dataset/mainnet/0xd4e5a29686Bd97341Ca21bbC08e6Bc43C7655194.sol,SOLIDITY_VAR,2,4,v0.4.13,SWC-101
/bdata2/sc/dataset/mainnet/0xd4e5a29686Bd97341Ca21bbC08e6Bc43C7655194.sol,449,/bdata2/sc/dataset/mainnet/0xd4e5a29686Bd97341Ca21bbC08e6Bc43C7655194.sol,SOLIDITY_VAR,2,4,v0.4.13,SWC-101
/bdata2/sc/dataset/mainnet/0xd4e5a29686Bd97341Ca21bbC08e6Bc43C7655194.sol,583,/bdata2/sc/dataset/mainnet/0xd4e5a29686Bd97341Ca21bbC08e6Bc43C7655194.sol,SOLIDITY_VAR,2,4,v0.4.13,SWC-101
/bdata2/sc/dataset/mainnet/0xF73c97245B3bE2559d01343bFFAa3e3a69F6dD3b.sol,107,/bdata2/sc/dataset/mainnet/0xF73c97245B3bE2559d01343bFFAa3e3a69F6dD3b.sol,SOLIDITY_VAR,2,5,v0.4.22,SWC-101
/bdata2/sc/dataset/mainnet/0x1D6C596bB5022A4338B6B8651f3ACd4D836EF574.sol,189,/bdata2/sc/dataset/mainnet/0x1D6C596bB5022A4338B6B8651f3ACd4D836EF574.sol,SOLIDITY_VAR,2,4,v0.4.24,SWC-101
/bdata2/sc/dataset/mainnet/0x1D6C596bB5022A4338B6B8651f3ACd4D836EF574.sol,235,/bdata2/sc/dataset/mainnet/0x1D6C596bB5022A4338B6B8651f3ACd4D836EF574.sol,SOLIDITY_VAR,2,4,v0.4.24,SWC-101
/bdata2/sc/dataset/mainnet/0x1a6128020e788ae73d58118f1b20312f5f5f780f.sol,19,/bdata2/sc/dataset/mainnet/0x1a6128020e788ae73d58118f1b20312f5f5f780f.sol,SOLIDITY_VAR,1,8,v0.4.22,SWC-101
/bdata2/sc/dataset/mainnet/0x49c2b0b29edfabee21311e7cff3a0c67da9f035e.sol,218,/bdata2/sc/dataset/mainnet/0x49c2b0b29edfabee21311e7cff3a0c67da9f035e.sol,SOLIDITY_VAR,2,8,v0.4.22,SWC-101
/bdata2/sc/dataset/mainnet/0xfd640dbe512bfcee682898869c2ffb2d13e55dca.sol,180,/bdata2/sc/dataset/mainnet/0xfd640dbe512bfcee682898869c2ffb2d13e55dca.sol,SOLIDITY_VAR,2,4,v0.4.20,SWC-101
/bdata2/sc/dataset/mainnet/0x10fc30cE7124D390B72d714Aa7613a29A353C4f7.sol,30,/bdata2/sc/dataset/mainnet/0x10fc30cE7124D390B72d714Aa7613a29A353C4f7.sol,SOLIDITY_VAR,2,8,v0.4.11,SWC-101
/bdata2/sc/dataset/mainnet/0x1776e1f26f98b1a5df9cd347953a26dd3cb46671.sol,356,/bdata2/sc/dataset/mainnet/0x1776e1f26f98b1a5df9cd347953a26dd3cb46671.sol,SOLIDITY_VAR,1,12,v0.4.11,SWC-101
/bdata2/sc/dataset/mainnet/0xba5a17c1af87193b1c2bb1d8e28b1f9ca80332fc.sol,479,/bdata2/sc/dataset/mainnet/0xba5a17c1af87193b1c2bb1d8e28b1f9ca80332fc.sol,SOLIDITY_VAR,2,8,v0.4.19,SWC-101
/bdata2/sc/dataset/mainnet/0xab0e07d7e104dcd5ac8eb25796de01ca2103437c.sol,217,/bdata2/sc/dataset/mainnet/0xab0e07d7e104dcd5ac8eb25796de01ca2103437c.sol,SOLIDITY_VAR,2,6,v0.4.12,SWC-101
/bdata2/sc/dataset/mainnet/0x3b1a8d3c9f80e8b97781b5b7448145d6e6955cbe.sol,906,/bdata2/sc/dataset/mainnet/0x3b1a8d3c9f80e8b97781b5b7448145d6e6955cbe.sol,SOLIDITY_VAR,2,13,v0.4.21,SWC-101
/bdata2/sc/dataset/mainnet/0x728781e75735dc0962df3a51d7ef47e798a7107e.sol,435,/bdata2/sc/dataset/mainnet/0x728781e75735dc0962df3a51d7ef47e798a7107e.sol,SOLIDITY_VAR,2,8,v0.4.16,SWC-101
/bdata2/sc/dataset/mainnet/0x728781e75735dc0962df3a51d7ef47e798a7107e.sol,460,/bdata2/sc/dataset/mainnet/0x728781e75735dc0962df3a51d7ef47e798a7107e.sol,SOLIDITY_VAR,2,8,v0.4.16,SWC-101
/bdata2/sc/dataset/mainnet/0x728781e75735dc0962df3a51d7ef47e798a7107e.sol,576,/bdata2/sc/dataset/mainnet/0x728781e75735dc0962df3a51d7ef47e798a7107e.sol,SOLIDITY_VAR,2,12,v0.4.16,SWC-101
/bdata2/sc/dataset/mainnet/0x663a5cA0295231B0d88afB1C557a8D8f4C1B6459.sol,864,/bdata2/sc/dataset/mainnet/0x663a5cA0295231B0d88afB1C557a8D8f4C1B6459.sol,SOLIDITY_VAR,2,13,v0.4.16,SWC-101
/bdata2/sc/dataset/mainnet/0x7e8a2e5876453ea41936c64678de81ae40522bb3.sol,958,/bdata2/sc/dataset/mainnet/0x7e8a2e5876453ea41936c64678de81ae40522bb3.sol,SOLIDITY_VAR,2,4,v0.4.18,SWC-101
/bdata2/sc/dataset/mainnet/0x7e8a2e5876453ea41936c64678de81ae40522bb3.sol,1364,/bdata2/sc/dataset/mainnet/0x7e8a2e5876453ea41936c64678de81ae40522bb3.sol,SOLIDITY_VAR,2,4,v0.4.18,SWC-101
/bdata2/sc/dataset/mainnet/0x7e8a2e5876453ea41936c64678de81ae40522bb3.sol,1841,/bdata2/sc/dataset/mainnet/0x7e8a2e5876453ea41936c64678de81ae40522bb3.sol,SOLIDITY_VAR,2,6,v0.4.18,SWC-101
/bdata2/sc/dataset/mainnet/0xcb4fc459c926e5e10b698009f6f3c1ed658faef7.sol,51,/bdata2/sc/dataset/mainnet/0xcb4fc459c926e5e10b698009f6f3c1ed658faef7.sol,SOLIDITY_VAR,2,8,v0.4.19,SWC-101
/bdata2/sc/dataset/mainnet/0xcb4fc459c926e5e10b698009f6f3c1ed658faef7.sol,52,/bdata2/sc/dataset/mainnet/0xcb4fc459c926e5e10b698009f6f3c1ed658faef7.sol,SOLIDITY_VAR,2,8,v0.4.19,SWC-101
/bdata2/sc/dataset/mainnet/0xcb4fc459c926e5e10b698009f6f3c1ed658faef7.sol,53,/bdata2/sc/dataset/mainnet/0xcb4fc459c926e5e10b698009f6f3c1ed658faef7.sol,SOLIDITY_VAR,2,8,v0.4.19,SWC-101
/bdata2/sc/dataset/mainnet/0xcb4fc459c926e5e10b698009f6f3c1ed658faef7.sol,54,/bdata2/sc/dataset/mainnet/0xcb4fc459c926e5e10b698009f6f3c1ed658faef7.sol,SOLIDITY_VAR,2,8,v0.4.19,SWC-101
/bdata2/sc/dataset/mainnet/0xcb4fc459c926e5e10b698009f6f3c1ed658faef7.sol,147,/bdata2/sc/dataset/mainnet/0xcb4fc459c926e5e10b698009f6f3c1ed658faef7.sol,SOLIDITY_VAR,2,12,v0.4.19,SWC-101
/bdata2/sc/dataset/mainnet/0xcb4fc459c926e5e10b698009f6f3c1ed658faef7.sol,175,/bdata2/sc/dataset/mainnet/0xcb4fc459c926e5e10b698009f6f3c1ed658faef7.sol,SOLIDITY_VAR,2,8,v0.4.19,SWC-101
/bdata2/sc/dataset/mainnet/0xa211db1867e4fa5dc0dd4d8f51f177a51d054d94.sol,189,/bdata2/sc/dataset/mainnet/0xa211db1867e4fa5dc0dd4d8f51f177a51d054d94.sol,SOLIDITY_VAR,2,6,v0.4.18,SWC-101
/bdata2/sc/dataset/mainnet/0x67e72299beaf3f59f365bb4a43e8d02bff61e176.sol,958,/bdata2/sc/dataset/mainnet/0x67e72299beaf3f59f365bb4a43e8d02bff61e176.sol,SOLIDITY_VAR,2,4,v0.4.18,SWC-101
/bdata2/sc/dataset/mainnet/0x67e72299beaf3f59f365bb4a43e8d02bff61e176.sol,1364,/bdata2/sc/dataset/mainnet/0x67e72299beaf3f59f365bb4a43e8d02bff61e176.sol,SOLIDITY_VAR,2,4,v0.4.18,SWC-101
/bdata2/sc/dataset/mainnet/0x6403670a03596ca2316b84595bce37d5313a2ec4.sol,958,/bdata2/sc/dataset/mainnet/0x6403670a03596ca2316b84595bce37d5313a2ec4.sol,SOLIDITY_VAR,2,4,v0.4.18,SWC-101
/bdata2/sc/dataset/mainnet/0x6403670a03596ca2316b84595bce37d5313a2ec4.sol,1364,/bdata2/sc/dataset/mainnet/0x6403670a03596ca2316b84595bce37d5313a2ec4.sol,SOLIDITY_VAR,2,4,v0.4.18,SWC-101
/bdata2/sc/dataset/mainnet/0x6403670a03596ca2316b84595bce37d5313a2ec4.sol,1974,/bdata2/sc/dataset/mainnet/0x6403670a03596ca2316b84595bce37d5313a2ec4.sol,SOLIDITY_VAR,2,6,v0.4.18,SWC-101
/bdata2/sc/dataset/mainnet/0xcc862f25b2f725c0666d67774c47c63c9a3af150.sol,958,/bdata2/sc/dataset/mainnet/0xcc862f25b2f725c0666d67774c47c63c9a3af150.sol,SOLIDITY_VAR,2,4,v0.4.18,SWC-101
/bdata2/sc/dataset/mainnet/0xcc862f25b2f725c0666d67774c47c63c9a3af150.sol,1461,/bdata2/sc/dataset/mainnet/0xcc862f25b2f725c0666d67774c47c63c9a3af150.sol,SOLIDITY_VAR,2,4,v0.4.18,SWC-101
/bdata2/sc/dataset/mainnet/0xcc862f25b2f725c0666d67774c47c63c9a3af150.sol,1512,/bdata2/sc/dataset/mainnet/0xcc862f25b2f725c0666d67774c47c63c9a3af150.sol,SOLIDITY_VAR,2,6,v0.4.18,SWC-101
/bdata2/sc/dataset/mainnet/0xcc862f25b2f725c0666d67774c47c63c9a3af150.sol,1555,/bdata2/sc/dataset/mainnet/0xcc862f25b2f725c0666d67774c47c63c9a3af150.sol,SOLIDITY_VAR,2,8,v0.4.18,SWC-101
/bdata2/sc/dataset/mainnet/0xcc862f25b2f725c0666d67774c47c63c9a3af150.sol,1596,/bdata2/sc/dataset/mainnet/0xcc862f25b2f725c0666d67774c47c63c9a3af150.sol,SOLIDITY_VAR,2,6,v0.4.18,SWC-101
/bdata2/sc/dataset/mainnet/0xcc862f25b2f725c0666d67774c47c63c9a3af150.sol,1627,/bdata2/sc/dataset/mainnet/0xcc862f25b2f725c0666d67774c47c63c9a3af150.sol,SOLIDITY_VAR,2,4,v0.4.18,SWC-101
/bdata2/sc/dataset/mainnet/0xa52e014b3f5cc48287c2d483a3e026c32cc76e6d.sol,878,/bdata2/sc/dataset/mainnet/0xa52e014b3f5cc48287c2d483a3e026c32cc76e6d.sol,SOLIDITY_VAR,2,13,v0.4.24,SWC-101
/bdata2/sc/dataset/mainnet/0xa52e014b3f5cc48287c2d483a3e026c32cc76e6d.sol,1188,/bdata2/sc/dataset/mainnet/0xa52e014b3f5cc48287c2d483a3e026c32cc76e6d.sol,SOLIDITY_VAR,2,8,v0.4.24,SWC-101
/bdata2/sc/dataset/mainnet/0x802860878f242f3e095c5ef81e76cedf6f59033d.sol,886,/bdata2/sc/dataset/mainnet/0x802860878f242f3e095c5ef81e76cedf6f59033d.sol,SOLIDITY_VAR,2,13,0.4.24,SWC-101
/bdata2/sc/dataset/mainnet/0x802860878f242f3e095c5ef81e76cedf6f59033d.sol,1196,/bdata2/sc/dataset/mainnet/0x802860878f242f3e095c5ef81e76cedf6f59033d.sol,SOLIDITY_VAR,2,8,0.4.24,SWC-101
/bdata2/sc/dataset/mainnet/0x7c9fe4ee9702c109ad26fd02ca2d1de1ad49157e.sol,103,/bdata2/sc/dataset/mainnet/0x7c9fe4ee9702c109ad26fd02ca2d1de1ad49157e.sol,SOLIDITY_VAR,2,2,v0.4.19,SWC-101
/bdata2/sc/dataset/mainnet/0x7c9fe4ee9702c109ad26fd02ca2d1de1ad49157e.sol,191,/bdata2/sc/dataset/mainnet/0x7c9fe4ee9702c109ad26fd02ca2d1de1ad49157e.sol,SOLIDITY_VAR,2,8,v0.4.19,SWC-101
/bdata2/sc/dataset/mainnet/0x7c9fe4ee9702c109ad26fd02ca2d1de1ad49157e.sol,192,/bdata2/sc/dataset/mainnet/0x7c9fe4ee9702c109ad26fd02ca2d1de1ad49157e.sol,SOLIDITY_VAR,2,8,v0.4.19,SWC-101
/bdata2/sc/dataset/mainnet/0x7c9fe4ee9702c109ad26fd02ca2d1de1ad49157e.sol,236,/bdata2/sc/dataset/mainnet/0x7c9fe4ee9702c109ad26fd02ca2d1de1ad49157e.sol,SOLIDITY_VAR,2,2,v0.4.19,SWC-101
/bdata2/sc/dataset/mainnet/0x7c9fe4ee9702c109ad26fd02ca2d1de1ad49157e.sol,299,/bdata2/sc/dataset/mainnet/0x7c9fe4ee9702c109ad26fd02ca2d1de1ad49157e.sol,SOLIDITY_VAR,2,8,v0.4.19,SWC-101
/bdata2/sc/dataset/mainnet/0x0aaf8865a6cbf417e7ad51fe71fe60f1a0c192f8.sol,977,/bdata2/sc/dataset/mainnet/0x0aaf8865a6cbf417e7ad51fe71fe60f1a0c192f8.sol,SOLIDITY_VAR,2,13,v0.4.15,SWC-101
/bdata2/sc/dataset/mainnet/0x0aaf8865a6cbf417e7ad51fe71fe60f1a0c192f8.sol,1291,/bdata2/sc/dataset/mainnet/0x0aaf8865a6cbf417e7ad51fe71fe60f1a0c192f8.sol,SOLIDITY_VAR,2,0,v0.4.15,SWC-101
/bdata2/sc/dataset/mainnet/0x72088c9767f55504157159fab3fa1de8d79bbe3e.sol,122,/bdata2/sc/dataset/mainnet/0x72088c9767f55504157159fab3fa1de8d79bbe3e.sol,SOLIDITY_VAR,2,2,v0.4.18,SWC-101
/bdata2/sc/dataset/mainnet/0x72088c9767f55504157159fab3fa1de8d79bbe3e.sol,210,/bdata2/sc/dataset/mainnet/0x72088c9767f55504157159fab3fa1de8d79bbe3e.sol,SOLIDITY_VAR,2,8,v0.4.18,SWC-101
/bdata2/sc/dataset/mainnet/0x72088c9767f55504157159fab3fa1de8d79bbe3e.sol,211,/bdata2/sc/dataset/mainnet/0x72088c9767f55504157159fab3fa1de8d79bbe3e.sol,SOLIDITY_VAR,2,8,v0.4.18,SWC-101
/bdata2/sc/dataset/mainnet/0x72088c9767f55504157159fab3fa1de8d79bbe3e.sol,255,/bdata2/sc/dataset/mainnet/0x72088c9767f55504157159fab3fa1de8d79bbe3e.sol,SOLIDITY_VAR,2,2,v0.4.18,SWC-101
/bdata2/sc/dataset/mainnet/0x72088c9767f55504157159fab3fa1de8d79bbe3e.sol,318,/bdata2/sc/dataset/mainnet/0x72088c9767f55504157159fab3fa1de8d79bbe3e.sol,SOLIDITY_VAR,2,8,v0.4.18,SWC-101
/bdata2/sc/dataset/mainnet/0xf5f2459f65bf754942a67d0d133eb913281403f5.sol,123,/bdata2/sc/dataset/mainnet/0xf5f2459f65bf754942a67d0d133eb913281403f5.sol,SOLIDITY_VAR,2,16,v0.4.20,SWC-101
/bdata2/sc/dataset/mainnet/0xf5f2459f65bf754942a67d0d133eb913281403f5.sol,136,/bdata2/sc/dataset/mainnet/0xf5f2459f65bf754942a67d0d133eb913281403f5.sol,SOLIDITY_VAR,2,16,v0.4.20,SWC-101
/bdata2/sc/dataset/mainnet/0x88e2f006f55009cdcdb1985bafecf616c51c3688.sol,779,/bdata2/sc/dataset/mainnet/0x88e2f006f55009cdcdb1985bafecf616c51c3688.sol,SOLIDITY_VAR,2,8,v0.4.23,SWC-101
/bdata2/sc/dataset/mainnet/0x88e2f006f55009cdcdb1985bafecf616c51c3688.sol,863,/bdata2/sc/dataset/mainnet/0x88e2f006f55009cdcdb1985bafecf616c51c3688.sol,SOLIDITY_VAR,2,12,v0.4.23,SWC-101
/bdata2/sc/dataset/mainnet/0x6d0a44fb6a416da6efe1c192560be1bccd01f6be.sol,143,/bdata2/sc/dataset/mainnet/0x6d0a44fb6a416da6efe1c192560be1bccd01f6be.sol,SOLIDITY_VAR,2,8,v0.4.19,SWC-101
/bdata2/sc/dataset/mainnet/0x8e08579fa4684056f06dc70a2eec3e0438914d6f.sol,129,/bdata2/sc/dataset/mainnet/0x8e08579fa4684056f06dc70a2eec3e0438914d6f.sol,SOLIDITY_VAR,2,2,v0.4.24,SWC-101
/bdata2/sc/dataset/mainnet/0x8e08579fa4684056f06dc70a2eec3e0438914d6f.sol,217,/bdata2/sc/dataset/mainnet/0x8e08579fa4684056f06dc70a2eec3e0438914d6f.sol,SOLIDITY_VAR,2,8,v0.4.24,SWC-101
/bdata2/sc/dataset/mainnet/0x8e08579fa4684056f06dc70a2eec3e0438914d6f.sol,218,/bdata2/sc/dataset/mainnet/0x8e08579fa4684056f06dc70a2eec3e0438914d6f.sol,SOLIDITY_VAR,2,8,v0.4.24,SWC-101
/bdata2/sc/dataset/mainnet/0x8e08579fa4684056f06dc70a2eec3e0438914d6f.sol,262,/bdata2/sc/dataset/mainnet/0x8e08579fa4684056f06dc70a2eec3e0438914d6f.sol,SOLIDITY_VAR,2,2,v0.4.24,SWC-101
/bdata2/sc/dataset/mainnet/0x8e08579fa4684056f06dc70a2eec3e0438914d6f.sol,325,/bdata2/sc/dataset/mainnet/0x8e08579fa4684056f06dc70a2eec3e0438914d6f.sol,SOLIDITY_VAR,2,8,v0.4.24,SWC-101
/bdata2/sc/dataset/mainnet/0xba5a17f8ad40dc2c955d95c0547f3e6318bd72e7.sol,449,/bdata2/sc/dataset/mainnet/0xba5a17f8ad40dc2c955d95c0547f3e6318bd72e7.sol,SOLIDITY_VAR,2,8,v0.4.24,SWC-101
/bdata2/sc/dataset/mainnet/0x02b97cca6d6a5227e464b2a60ee1a580ea4f7da9.sol,864,/bdata2/sc/dataset/mainnet/0x02b97cca6d6a5227e464b2a60ee1a580ea4f7da9.sol,SOLIDITY_VAR,2,13,v0.4.16,SWC-101
/bdata2/sc/dataset/mainnet/0xdaff1F98299b12d475b4725a2635e5bA291aA651.sol,864,/bdata2/sc/dataset/mainnet/0xdaff1F98299b12d475b4725a2635e5bA291aA651.sol,SOLIDITY_VAR,2,13,v0.4.16,SWC-101
/bdata2/sc/dataset/mainnet/0x618df1b0ee2107f39c6ebe3d5bbe184f1e7e0c9f.sol,124,/bdata2/sc/dataset/mainnet/0x618df1b0ee2107f39c6ebe3d5bbe184f1e7e0c9f.sol,SOLIDITY_VAR,2,8,v0.4.13,SWC-101
/bdata2/sc/dataset/mainnet/0x048717ea892f23fb0126f00640e2b18072efd9d2.sol,878,/bdata2/sc/dataset/mainnet/0x048717ea892f23fb0126f00640e2b18072efd9d2.sol,SOLIDITY_VAR,2,13,v0.4.18,SWC-101
/bdata2/sc/dataset/mainnet/0x048717ea892f23fb0126f00640e2b18072efd9d2.sol,1188,/bdata2/sc/dataset/mainnet/0x048717ea892f23fb0126f00640e2b18072efd9d2.sol,SOLIDITY_VAR,2,8,v0.4.18,SWC-101
/bdata2/sc/dataset/mainnet/0xba5a172874698491f0e83a447c55735eccd854e3.sol,472,/bdata2/sc/dataset/mainnet/0xba5a172874698491f0e83a447c55735eccd854e3.sol,SOLIDITY_VAR,2,8,v0.4.19,SWC-101
/bdata2/sc/dataset/mainnet/0xdb9822bb9885d844d1986a8949fce1a4ceb5f8b6.sol,866,/bdata2/sc/dataset/mainnet/0xdb9822bb9885d844d1986a8949fce1a4ceb5f8b6.sol,SOLIDITY_VAR,2,13,v0.4.11,SWC-101
/bdata2/sc/dataset/mainnet/0x6e1be153e35f23a9c3b37991e29580e350084403.sol,892,/bdata2/sc/dataset/mainnet/0x6e1be153e35f23a9c3b37991e29580e350084403.sol,SOLIDITY_VAR,2,13,v0.4.21,SWC-101
/bdata2/sc/dataset/mainnet/0xffc08dd84a66775e6236e0a80ee2f340e0042f8c.sol,877,/bdata2/sc/dataset/mainnet/0xffc08dd84a66775e6236e0a80ee2f340e0042f8c.sol,SOLIDITY_VAR,2,13,v0.4.11,SWC-101
/bdata2/sc/dataset/mainnet/0x111D30967038B08d5f3b0502940f8A5df13216A7.sol,549,/bdata2/sc/dataset/mainnet/0x111D30967038B08d5f3b0502940f8A5df13216A7.sol,SOLIDITY_VAR,2,13,v0.4.18,SWC-101
/bdata2/sc/dataset/mainnet/0x111D30967038B08d5f3b0502940f8A5df13216A7.sol,582,/bdata2/sc/dataset/mainnet/0x111D30967038B08d5f3b0502940f8A5df13216A7.sol,SOLIDITY_VAR,2,13,v0.4.18,SWC-101
/bdata2/sc/dataset/mainnet/0xa6aef41be341fb364a432fb04a5d2bdd57546c76.sol,878,/bdata2/sc/dataset/mainnet/0xa6aef41be341fb364a432fb04a5d2bdd57546c76.sol,SOLIDITY_VAR,2,13,v0.4.21,SWC-101
/bdata2/sc/dataset/mainnet/0xa6aef41be341fb364a432fb04a5d2bdd57546c76.sol,1188,/bdata2/sc/dataset/mainnet/0xa6aef41be341fb364a432fb04a5d2bdd57546c76.sol,SOLIDITY_VAR,2,8,v0.4.21,SWC-101
/bdata2/sc/dataset/mainnet/0x81d4703c5b3499b57397c999a72f492fc681410d.sol,139,/bdata2/sc/dataset/mainnet/0x81d4703c5b3499b57397c999a72f492fc681410d.sol,SOLIDITY_VAR,2,16,v0.4.21,SWC-101
/bdata2/sc/dataset/mainnet/0x81d4703c5b3499b57397c999a72f492fc681410d.sol,152,/bdata2/sc/dataset/mainnet/0x81d4703c5b3499b57397c999a72f492fc681410d.sol,SOLIDITY_VAR,2,16,v0.4.21,SWC-101
/bdata2/sc/dataset/mainnet/0x2b48d0f08d4db22fba7259bc67e6c920509813b9.sol,843,/bdata2/sc/dataset/mainnet/0x2b48d0f08d4db22fba7259bc67e6c920509813b9.sol,SOLIDITY_VAR,2,2,v0.4.19,SWC-101
/bdata2/sc/dataset/mainnet/0x2b48d0f08d4db22fba7259bc67e6c920509813b9.sol,857,/bdata2/sc/dataset/mainnet/0x2b48d0f08d4db22fba7259bc67e6c920509813b9.sol,SOLIDITY_VAR,2,2,v0.4.19,SWC-101
/bdata2/sc/dataset/mainnet/0xe344757aea83ac838f22e757991489993e5d3760.sol,843,/bdata2/sc/dataset/mainnet/0xe344757aea83ac838f22e757991489993e5d3760.sol,SOLIDITY_VAR,2,2,v0.4.19,SWC-101
/bdata2/sc/dataset/mainnet/0xe344757aea83ac838f22e757991489993e5d3760.sol,857,/bdata2/sc/dataset/mainnet/0xe344757aea83ac838f22e757991489993e5d3760.sol,SOLIDITY_VAR,2,2,v0.4.19,SWC-101
/bdata2/sc/dataset/mainnet/0xe344757aea83ac838f22e757991489993e5d3760.sol,1070,/bdata2/sc/dataset/mainnet/0xe344757aea83ac838f22e757991489993e5d3760.sol,SOLIDITY_VAR,2,3,v0.4.19,SWC-101
/bdata2/sc/dataset/mainnet/0x37dc39d1bf668e7747ad9a9493455b4867550b8d.sol,843,/bdata2/sc/dataset/mainnet/0x37dc39d1bf668e7747ad9a9493455b4867550b8d.sol,SOLIDITY_VAR,2,2,v0.4.19,SWC-101
/bdata2/sc/dataset/mainnet/0x37dc39d1bf668e7747ad9a9493455b4867550b8d.sol,857,/bdata2/sc/dataset/mainnet/0x37dc39d1bf668e7747ad9a9493455b4867550b8d.sol,SOLIDITY_VAR,2,2,v0.4.19,SWC-101
/bdata2/sc/dataset/mainnet/0x37dc39d1bf668e7747ad9a9493455b4867550b8d.sol,1070,/bdata2/sc/dataset/mainnet/0x37dc39d1bf668e7747ad9a9493455b4867550b8d.sol,SOLIDITY_VAR,2,3,v0.4.19,SWC-101
/bdata2/sc/dataset/mainnet/0xda1e79b074a5500a763132c5bba56aadf564235f.sol,670,/bdata2/sc/dataset/mainnet/0xda1e79b074a5500a763132c5bba56aadf564235f.sol,SOLIDITY_VAR,2,2,v0.4.19,SWC-101
/bdata2/sc/dataset/mainnet/0xda1e79b074a5500a763132c5bba56aadf564235f.sol,684,/bdata2/sc/dataset/mainnet/0xda1e79b074a5500a763132c5bba56aadf564235f.sol,SOLIDITY_VAR,2,2,v0.4.19,SWC-101
/bdata2/sc/dataset/mainnet/0x408db62ff3bcac251c0d11368326579d01762cc5.sol,843,/bdata2/sc/dataset/mainnet/0x408db62ff3bcac251c0d11368326579d01762cc5.sol,SOLIDITY_VAR,2,2,v0.4.19,SWC-101
/bdata2/sc/dataset/mainnet/0x408db62ff3bcac251c0d11368326579d01762cc5.sol,857,/bdata2/sc/dataset/mainnet/0x408db62ff3bcac251c0d11368326579d01762cc5.sol,SOLIDITY_VAR,2,2,v0.4.19,SWC-101
/bdata2/sc/dataset/mainnet/0xf442cd93307678df57e7e879608cfa2bd4542030.sol,843,/bdata2/sc/dataset/mainnet/0xf442cd93307678df57e7e879608cfa2bd4542030.sol,SOLIDITY_VAR,2,2,v0.4.19,SWC-101
/bdata2/sc/dataset/mainnet/0xf442cd93307678df57e7e879608cfa2bd4542030.sol,857,/bdata2/sc/dataset/mainnet/0xf442cd93307678df57e7e879608cfa2bd4542030.sol,SOLIDITY_VAR,2,2,v0.4.19,SWC-101
/bdata2/sc/dataset/mainnet/0xf442cd93307678df57e7e879608cfa2bd4542030.sol,1070,/bdata2/sc/dataset/mainnet/0xf442cd93307678df57e7e879608cfa2bd4542030.sol,SOLIDITY_VAR,2,3,v0.4.19,SWC-101
/bdata2/sc/dataset/mainnet/0xdda1a955543245213eae5aaaf05b45bc202908ac.sol,147,/bdata2/sc/dataset/mainnet/0xdda1a955543245213eae5aaaf05b45bc202908ac.sol,SOLIDITY_VAR,2,2,v0.4.18,SWC-101
/bdata2/sc/dataset/mainnet/0xdda1a955543245213eae5aaaf05b45bc202908ac.sol,235,/bdata2/sc/dataset/mainnet/0xdda1a955543245213eae5aaaf05b45bc202908ac.sol,SOLIDITY_VAR,2,8,v0.4.18,SWC-101
/bdata2/sc/dataset/mainnet/0xdda1a955543245213eae5aaaf05b45bc202908ac.sol,236,/bdata2/sc/dataset/mainnet/0xdda1a955543245213eae5aaaf05b45bc202908ac.sol,SOLIDITY_VAR,2,8,v0.4.18,SWC-101
/bdata2/sc/dataset/mainnet/0xdda1a955543245213eae5aaaf05b45bc202908ac.sol,280,/bdata2/sc/dataset/mainnet/0xdda1a955543245213eae5aaaf05b45bc202908ac.sol,SOLIDITY_VAR,2,2,v0.4.18,SWC-101
/bdata2/sc/dataset/mainnet/0xdda1a955543245213eae5aaaf05b45bc202908ac.sol,343,/bdata2/sc/dataset/mainnet/0xdda1a955543245213eae5aaaf05b45bc202908ac.sol,SOLIDITY_VAR,2,8,v0.4.18,SWC-101
/bdata2/sc/dataset/mainnet/0x8095ff4eea862eefead05b68a2f75f3aef7b81d0.sol,958,/bdata2/sc/dataset/mainnet/0x8095ff4eea862eefead05b68a2f75f3aef7b81d0.sol,SOLIDITY_VAR,2,4,v0.4.18,SWC-101
/bdata2/sc/dataset/mainnet/0x8095ff4eea862eefead05b68a2f75f3aef7b81d0.sol,1364,/bdata2/sc/dataset/mainnet/0x8095ff4eea862eefead05b68a2f75f3aef7b81d0.sol,SOLIDITY_VAR,2,4,v0.4.18,SWC-101
/bdata2/sc/dataset/mainnet/0x8095ff4eea862eefead05b68a2f75f3aef7b81d0.sol,2003,/bdata2/sc/dataset/mainnet/0x8095ff4eea862eefead05b68a2f75f3aef7b81d0.sol,SOLIDITY_VAR,2,6,v0.4.18,SWC-101
/bdata2/sc/dataset/mainnet/0x9B0E5F3278f3AD8C671795102D1FDEc336682F04.sol,139,/bdata2/sc/dataset/mainnet/0x9B0E5F3278f3AD8C671795102D1FDEc336682F04.sol,SOLIDITY_VAR,2,16,v0.4.20,SWC-101
/bdata2/sc/dataset/mainnet/0x9B0E5F3278f3AD8C671795102D1FDEc336682F04.sol,152,/bdata2/sc/dataset/mainnet/0x9B0E5F3278f3AD8C671795102D1FDEc336682F04.sol,SOLIDITY_VAR,2,16,v0.4.20,SWC-101
/bdata2/sc/dataset/mainnet/0xf284e7b147b72200c48efd4d513309b9734a8993.sol,877,/bdata2/sc/dataset/mainnet/0xf284e7b147b72200c48efd4d513309b9734a8993.sol,SOLIDITY_VAR,2,2,v0.4.19,SWC-101
/bdata2/sc/dataset/mainnet/0xf284e7b147b72200c48efd4d513309b9734a8993.sol,891,/bdata2/sc/dataset/mainnet/0xf284e7b147b72200c48efd4d513309b9734a8993.sol,SOLIDITY_VAR,2,2,v0.4.19,SWC-101
/bdata2/sc/dataset/mainnet/0xf284e7b147b72200c48efd4d513309b9734a8993.sol,1030,/bdata2/sc/dataset/mainnet/0xf284e7b147b72200c48efd4d513309b9734a8993.sol,SOLIDITY_VAR,2,3,v0.4.19,SWC-101
/bdata2/sc/dataset/mainnet/0x57db9d1890eb580a5ba18926a7c76f7abaa1831d.sol,642,/bdata2/sc/dataset/mainnet/0x57db9d1890eb580a5ba18926a7c76f7abaa1831d.sol,SOLIDITY_VAR,2,2,v0.4.19,SWC-101
/bdata2/sc/dataset/mainnet/0x57db9d1890eb580a5ba18926a7c76f7abaa1831d.sol,656,/bdata2/sc/dataset/mainnet/0x57db9d1890eb580a5ba18926a7c76f7abaa1831d.sol,SOLIDITY_VAR,2,2,v0.4.19,SWC-101
/bdata2/sc/dataset/mainnet/0xb444b84053f7eca1c02d778f0b6fff99dd4608bb.sol,877,/bdata2/sc/dataset/mainnet/0xb444b84053f7eca1c02d778f0b6fff99dd4608bb.sol,SOLIDITY_VAR,2,2,v0.4.19,SWC-101
/bdata2/sc/dataset/mainnet/0xb444b84053f7eca1c02d778f0b6fff99dd4608bb.sol,891,/bdata2/sc/dataset/mainnet/0xb444b84053f7eca1c02d778f0b6fff99dd4608bb.sol,SOLIDITY_VAR,2,2,v0.4.19,SWC-101
/bdata2/sc/dataset/mainnet/0xb444b84053f7eca1c02d778f0b6fff99dd4608bb.sol,1030,/bdata2/sc/dataset/mainnet/0xb444b84053f7eca1c02d778f0b6fff99dd4608bb.sol,SOLIDITY_VAR,2,3,v0.4.19,SWC-101
/bdata2/sc/dataset/mainnet/0x5fbc020c3ee08c1a6909b2927e7dcab3afce8dea.sol,877,/bdata2/sc/dataset/mainnet/0x5fbc020c3ee08c1a6909b2927e7dcab3afce8dea.sol,SOLIDITY_VAR,2,2,v0.4.19,SWC-101
/bdata2/sc/dataset/mainnet/0x5fbc020c3ee08c1a6909b2927e7dcab3afce8dea.sol,891,/bdata2/sc/dataset/mainnet/0x5fbc020c3ee08c1a6909b2927e7dcab3afce8dea.sol,SOLIDITY_VAR,2,2,v0.4.19,SWC-101
/bdata2/sc/dataset/mainnet/0x5fbc020c3ee08c1a6909b2927e7dcab3afce8dea.sol,1030,/bdata2/sc/dataset/mainnet/0x5fbc020c3ee08c1a6909b2927e7dcab3afce8dea.sol,SOLIDITY_VAR,2,3,v0.4.19,SWC-101
/bdata2/sc/dataset/mainnet/0x0dae5dc78cc470a5e2f7c7c6b63ae7298e65853f.sol,149,/bdata2/sc/dataset/mainnet/0x0dae5dc78cc470a5e2f7c7c6b63ae7298e65853f.sol,SOLIDITY_VAR,2,8,v0.4.13,SWC-101
/bdata2/sc/dataset/mainnet/0xba5a17fd86bcf49b9cc0cad8d894793163e0bc53.sol,479,/bdata2/sc/dataset/mainnet/0xba5a17fd86bcf49b9cc0cad8d894793163e0bc53.sol,SOLIDITY_VAR,2,8,v0.4.19,SWC-101
/bdata2/sc/dataset/mainnet/0xb7918f9099157b1564a6a323caca438b5d2885c7.sol,481,/bdata2/sc/dataset/mainnet/0xb7918f9099157b1564a6a323caca438b5d2885c7.sol,SOLIDITY_VAR,2,8,v0.4.21,SWC-101
/bdata2/sc/dataset/mainnet/0xb7918f9099157b1564a6a323caca438b5d2885c7.sol,482,/bdata2/sc/dataset/mainnet/0xb7918f9099157b1564a6a323caca438b5d2885c7.sol,SOLIDITY_VAR,2,8,v0.4.21,SWC-101
/bdata2/sc/dataset/mainnet/0xb7918f9099157b1564a6a323caca438b5d2885c7.sol,483,/bdata2/sc/dataset/mainnet/0xb7918f9099157b1564a6a323caca438b5d2885c7.sol,SOLIDITY_VAR,2,8,v0.4.21,SWC-101
/bdata2/sc/dataset/mainnet/0xb7918f9099157b1564a6a323caca438b5d2885c7.sol,506,/bdata2/sc/dataset/mainnet/0xb7918f9099157b1564a6a323caca438b5d2885c7.sol,SOLIDITY_VAR,1,8,v0.4.21,SWC-101
/bdata2/sc/dataset/mainnet/0xe9e649c379a64a489da84783431bc79547044342.sol,469,/bdata2/sc/dataset/mainnet/0xe9e649c379a64a489da84783431bc79547044342.sol,SOLIDITY_VAR,2,8,v0.4.21,SWC-101
/bdata2/sc/dataset/mainnet/0xe9e649c379a64a489da84783431bc79547044342.sol,470,/bdata2/sc/dataset/mainnet/0xe9e649c379a64a489da84783431bc79547044342.sol,SOLIDITY_VAR,2,8,v0.4.21,SWC-101
/bdata2/sc/dataset/mainnet/0xe9e649c379a64a489da84783431bc79547044342.sol,471,/bdata2/sc/dataset/mainnet/0xe9e649c379a64a489da84783431bc79547044342.sol,SOLIDITY_VAR,2,8,v0.4.21,SWC-101
/bdata2/sc/dataset/mainnet/0xe9e649c379a64a489da84783431bc79547044342.sol,494,/bdata2/sc/dataset/mainnet/0xe9e649c379a64a489da84783431bc79547044342.sol,SOLIDITY_VAR,1,8,v0.4.21,SWC-101
/bdata2/sc/dataset/mainnet/0xea13bfa584e6d7e4c8409a1178805a367821e2f6.sol,843,/bdata2/sc/dataset/mainnet/0xea13bfa584e6d7e4c8409a1178805a367821e2f6.sol,SOLIDITY_VAR,2,13,v0.4.20,SWC-101
/bdata2/sc/dataset/mainnet/0xea13bfa584e6d7e4c8409a1178805a367821e2f6.sol,2004,/bdata2/sc/dataset/mainnet/0xea13bfa584e6d7e4c8409a1178805a367821e2f6.sol,SOLIDITY_VAR,2,8,v0.4.20,SWC-101
/bdata2/sc/dataset/mainnet/0xcfb7edf27b9234202135dc79dde568284aafbde5.sol,154,/bdata2/sc/dataset/mainnet/0xcfb7edf27b9234202135dc79dde568284aafbde5.sol,SOLIDITY_VAR,2,5,v0.4.13,SWC-101
/bdata2/sc/dataset/mainnet/0xcfb7edf27b9234202135dc79dde568284aafbde5.sol,420,/bdata2/sc/dataset/mainnet/0xcfb7edf27b9234202135dc79dde568284aafbde5.sol,SOLIDITY_VAR,2,4,v0.4.13,SWC-101
/bdata2/sc/dataset/mainnet/0xa9b989224ebe38b52c4ee4c071191cc0fbc05807.sol,154,/bdata2/sc/dataset/mainnet/0xa9b989224ebe38b52c4ee4c071191cc0fbc05807.sol,SOLIDITY_VAR,2,5,v0.4.13,SWC-101
/bdata2/sc/dataset/mainnet/0xa9b989224ebe38b52c4ee4c071191cc0fbc05807.sol,420,/bdata2/sc/dataset/mainnet/0xa9b989224ebe38b52c4ee4c071191cc0fbc05807.sol,SOLIDITY_VAR,2,4,v0.4.13,SWC-101
/bdata2/sc/dataset/mainnet/0x37c50fd444edfaab330436d686d7c64618bf2f4d.sol,116,/bdata2/sc/dataset/mainnet/0x37c50fd444edfaab330436d686d7c64618bf2f4d.sol,SOLIDITY_VAR,2,5,v0.4.13,SWC-101
/bdata2/sc/dataset/mainnet/0x5343f8df57fbe3130571b14ada4823e5cafc78ba.sol,116,/bdata2/sc/dataset/mainnet/0x5343f8df57fbe3130571b14ada4823e5cafc78ba.sol,SOLIDITY_VAR,2,5,v0.4.13,SWC-101
/bdata2/sc/dataset/mainnet/0xd2c5c0d51c8d97d0deb0a5efa416de90600db62d.sol,178,/bdata2/sc/dataset/mainnet/0xd2c5c0d51c8d97d0deb0a5efa416de90600db62d.sol,SOLIDITY_VAR,2,5,v0.4.13,SWC-101
/bdata2/sc/dataset/mainnet/0xd2c5c0d51c8d97d0deb0a5efa416de90600db62d.sol,444,/bdata2/sc/dataset/mainnet/0xd2c5c0d51c8d97d0deb0a5efa416de90600db62d.sol,SOLIDITY_VAR,2,4,v0.4.13,SWC-101
/bdata2/sc/dataset/mainnet/0xdd97853ba34af302f3d6a6415a750ae38e26d1fc.sol,864,/bdata2/sc/dataset/mainnet/0xdd97853ba34af302f3d6a6415a750ae38e26d1fc.sol,SOLIDITY_VAR,2,13,v0.4.14,SWC-101
/bdata2/sc/dataset/mainnet/0xdf83249f0f5c9926f1ee4310caa4e01c2f8abb89.sol,116,/bdata2/sc/dataset/mainnet/0xdf83249f0f5c9926f1ee4310caa4e01c2f8abb89.sol,SOLIDITY_VAR,2,5,v0.4.13,SWC-101
/bdata2/sc/dataset/mainnet/0xd9e8a52f712b0273770581f33b766a76724408d3.sol,892,/bdata2/sc/dataset/mainnet/0xd9e8a52f712b0273770581f33b766a76724408d3.sol,SOLIDITY_VAR,2,13,v0.4.21,SWC-101
/bdata2/sc/dataset/mainnet/0x58ba813f72223696e16ce78f442ace42fbd086d6.sol,924,/bdata2/sc/dataset/mainnet/0x58ba813f72223696e16ce78f442ace42fbd086d6.sol,SOLIDITY_VAR,2,13,v0.4.24,SWC-101
/bdata2/sc/dataset/mainnet/0x10d985f648c00c177fad972248e5787d6f921633.sol,825,/bdata2/sc/dataset/mainnet/0x10d985f648c00c177fad972248e5787d6f921633.sol,SOLIDITY_VAR,2,16,v0.4.24,SWC-101
/bdata2/sc/dataset/mainnet/0xa5bfd6cca5b36c540cb10c16a5732ced8916f6a3.sol,230,/bdata2/sc/dataset/mainnet/0xa5bfd6cca5b36c540cb10c16a5732ced8916f6a3.sol,SOLIDITY_VAR,2,8,v0.4.16,SWC-101
/bdata2/sc/dataset/mainnet/0xE86C98C75450075d096580f843FCd67a858fFd5f.sol,752,/bdata2/sc/dataset/mainnet/0xE86C98C75450075d096580f843FCd67a858fFd5f.sol,SOLIDITY_VAR,1,8,v0.4.12,SWC-101
/bdata2/sc/dataset/mainnet/0x1103849f41222a4c348515331f0e734d4bd9ad34.sol,393,/bdata2/sc/dataset/mainnet/0x1103849f41222a4c348515331f0e734d4bd9ad34.sol,SOLIDITY_VAR,2,4,v0.4.13,SWC-101
/bdata2/sc/dataset/mainnet/0x1103849f41222a4c348515331f0e734d4bd9ad34.sol,401,/bdata2/sc/dataset/mainnet/0x1103849f41222a4c348515331f0e734d4bd9ad34.sol,SOLIDITY_VAR,2,4,v0.4.13,SWC-101
/bdata2/sc/dataset/mainnet/0x1103849f41222a4c348515331f0e734d4bd9ad34.sol,449,/bdata2/sc/dataset/mainnet/0x1103849f41222a4c348515331f0e734d4bd9ad34.sol,SOLIDITY_VAR,2,4,v0.4.13,SWC-101
/bdata2/sc/dataset/mainnet/0x1103849f41222a4c348515331f0e734d4bd9ad34.sol,583,/bdata2/sc/dataset/mainnet/0x1103849f41222a4c348515331f0e734d4bd9ad34.sol,SOLIDITY_VAR,2,4,v0.4.13,SWC-101
/bdata2/sc/dataset/mainnet/0x0d793f640ad69c3b58c4bfe771415d4881a0490f.sol,77,/bdata2/sc/dataset/mainnet/0x0d793f640ad69c3b58c4bfe771415d4881a0490f.sol,SOLIDITY_VAR,2,16,v0.4.19,SWC-101
/bdata2/sc/dataset/mainnet/0xca33815490036a4080960b6c5986a620cd8281bb.sol,1258,/bdata2/sc/dataset/mainnet/0xca33815490036a4080960b6c5986a620cd8281bb.sol,SOLIDITY_VAR,2,8,v0.4.24,SWC-101
/bdata2/sc/dataset/mainnet/0xca33815490036a4080960b6c5986a620cd8281bb.sol,1259,/bdata2/sc/dataset/mainnet/0xca33815490036a4080960b6c5986a620cd8281bb.sol,SOLIDITY_VAR,2,8,v0.4.24,SWC-101
/bdata2/sc/dataset/mainnet/0xca33815490036a4080960b6c5986a620cd8281bb.sol,1260,/bdata2/sc/dataset/mainnet/0xca33815490036a4080960b6c5986a620cd8281bb.sol,SOLIDITY_VAR,2,8,v0.4.24,SWC-101
/bdata2/sc/dataset/mainnet/0x3f44b083973d5cDdAE571d61921d8e8f0248df43.sol,312,/bdata2/sc/dataset/mainnet/0x3f44b083973d5cDdAE571d61921d8e8f0248df43.sol,SOLIDITY_VAR,1,8,v0.4.21,SWC-101
/bdata2/sc/dataset/mainnet/0x00efd61b0d94ccd82f3922d26efdd3ed9859081a.sol,119,/bdata2/sc/dataset/mainnet/0x00efd61b0d94ccd82f3922d26efdd3ed9859081a.sol,SOLIDITY_VAR,2,2,v0.4.20,SWC-101
/bdata2/sc/dataset/mainnet/0x00efd61b0d94ccd82f3922d26efdd3ed9859081a.sol,207,/bdata2/sc/dataset/mainnet/0x00efd61b0d94ccd82f3922d26efdd3ed9859081a.sol,SOLIDITY_VAR,2,8,v0.4.20,SWC-101
/bdata2/sc/dataset/mainnet/0x00efd61b0d94ccd82f3922d26efdd3ed9859081a.sol,208,/bdata2/sc/dataset/mainnet/0x00efd61b0d94ccd82f3922d26efdd3ed9859081a.sol,SOLIDITY_VAR,2,8,v0.4.20,SWC-101
/bdata2/sc/dataset/mainnet/0x00efd61b0d94ccd82f3922d26efdd3ed9859081a.sol,252,/bdata2/sc/dataset/mainnet/0x00efd61b0d94ccd82f3922d26efdd3ed9859081a.sol,SOLIDITY_VAR,2,2,v0.4.20,SWC-101
/bdata2/sc/dataset/mainnet/0x00efd61b0d94ccd82f3922d26efdd3ed9859081a.sol,315,/bdata2/sc/dataset/mainnet/0x00efd61b0d94ccd82f3922d26efdd3ed9859081a.sol,SOLIDITY_VAR,2,8,v0.4.20,SWC-101
/bdata2/sc/dataset/mainnet/0x60eaecdb31a9f931b4369c463ddac5507000684b.sol,936,/bdata2/sc/dataset/mainnet/0x60eaecdb31a9f931b4369c463ddac5507000684b.sol,SOLIDITY_VAR,2,13,v0.4.21,SWC-101
/bdata2/sc/dataset/mainnet/0x906d7b0bae2ae1aca8c5afdf2812d7f8dd999ebe.sol,124,/bdata2/sc/dataset/mainnet/0x906d7b0bae2ae1aca8c5afdf2812d7f8dd999ebe.sol,SOLIDITY_VAR,2,2,v0.4.21,SWC-101
/bdata2/sc/dataset/mainnet/0x906d7b0bae2ae1aca8c5afdf2812d7f8dd999ebe.sol,212,/bdata2/sc/dataset/mainnet/0x906d7b0bae2ae1aca8c5afdf2812d7f8dd999ebe.sol,SOLIDITY_VAR,2,8,v0.4.21,SWC-101
/bdata2/sc/dataset/mainnet/0x906d7b0bae2ae1aca8c5afdf2812d7f8dd999ebe.sol,213,/bdata2/sc/dataset/mainnet/0x906d7b0bae2ae1aca8c5afdf2812d7f8dd999ebe.sol,SOLIDITY_VAR,2,8,v0.4.21,SWC-101
/bdata2/sc/dataset/mainnet/0x906d7b0bae2ae1aca8c5afdf2812d7f8dd999ebe.sol,257,/bdata2/sc/dataset/mainnet/0x906d7b0bae2ae1aca8c5afdf2812d7f8dd999ebe.sol,SOLIDITY_VAR,2,2,v0.4.21,SWC-101
/bdata2/sc/dataset/mainnet/0x906d7b0bae2ae1aca8c5afdf2812d7f8dd999ebe.sol,320,/bdata2/sc/dataset/mainnet/0x906d7b0bae2ae1aca8c5afdf2812d7f8dd999ebe.sol,SOLIDITY_VAR,2,8,v0.4.21,SWC-101
/bdata2/sc/dataset/mainnet/0x45c58bbd535b8661110ef5296e6987573d0c8276.sol,193,/bdata2/sc/dataset/mainnet/0x45c58bbd535b8661110ef5296e6987573d0c8276.sol,SOLIDITY_VAR,2,8,v0.4.21,SWC-101
/bdata2/sc/dataset/mainnet/0x45c58bbd535b8661110ef5296e6987573d0c8276.sol,2171,/bdata2/sc/dataset/mainnet/0x45c58bbd535b8661110ef5296e6987573d0c8276.sol,SOLIDITY_VAR,2,8,v0.4.21,SWC-101
/bdata2/sc/dataset/mainnet/0x1f6f71e1e6a56dc348f1ec9a22b200ac44459fe4.sol,857,/bdata2/sc/dataset/mainnet/0x1f6f71e1e6a56dc348f1ec9a22b200ac44459fe4.sol,SOLIDITY_VAR,2,4,v0.4.18,SWC-101
/bdata2/sc/dataset/mainnet/0x1f6f71e1e6a56dc348f1ec9a22b200ac44459fe4.sol,1263,/bdata2/sc/dataset/mainnet/0x1f6f71e1e6a56dc348f1ec9a22b200ac44459fe4.sol,SOLIDITY_VAR,2,4,v0.4.18,SWC-101
/bdata2/sc/dataset/mainnet/0x6a5309dc905e85ce88f33bcd4d4d9a03ac68f847.sol,958,/bdata2/sc/dataset/mainnet/0x6a5309dc905e85ce88f33bcd4d4d9a03ac68f847.sol,SOLIDITY_VAR,2,4,v0.4.18,SWC-101
/bdata2/sc/dataset/mainnet/0x6a5309dc905e85ce88f33bcd4d4d9a03ac68f847.sol,1461,/bdata2/sc/dataset/mainnet/0x6a5309dc905e85ce88f33bcd4d4d9a03ac68f847.sol,SOLIDITY_VAR,2,4,v0.4.18,SWC-101
/bdata2/sc/dataset/mainnet/0x6a5309dc905e85ce88f33bcd4d4d9a03ac68f847.sol,1512,/bdata2/sc/dataset/mainnet/0x6a5309dc905e85ce88f33bcd4d4d9a03ac68f847.sol,SOLIDITY_VAR,2,6,v0.4.18,SWC-101
/bdata2/sc/dataset/mainnet/0x6a5309dc905e85ce88f33bcd4d4d9a03ac68f847.sol,1555,/bdata2/sc/dataset/mainnet/0x6a5309dc905e85ce88f33bcd4d4d9a03ac68f847.sol,SOLIDITY_VAR,2,8,v0.4.18,SWC-101
/bdata2/sc/dataset/mainnet/0x6a5309dc905e85ce88f33bcd4d4d9a03ac68f847.sol,1596,/bdata2/sc/dataset/mainnet/0x6a5309dc905e85ce88f33bcd4d4d9a03ac68f847.sol,SOLIDITY_VAR,2,6,v0.4.18,SWC-101
/bdata2/sc/dataset/mainnet/0x6a5309dc905e85ce88f33bcd4d4d9a03ac68f847.sol,1627,/bdata2/sc/dataset/mainnet/0x6a5309dc905e85ce88f33bcd4d4d9a03ac68f847.sol,SOLIDITY_VAR,2,4,v0.4.18,SWC-101
/bdata2/sc/dataset/mainnet/0xa681aa05399c323442a6622a61717312a879ec25.sol,958,/bdata2/sc/dataset/mainnet/0xa681aa05399c323442a6622a61717312a879ec25.sol,SOLIDITY_VAR,2,4,v0.4.18,SWC-101
/bdata2/sc/dataset/mainnet/0xa681aa05399c323442a6622a61717312a879ec25.sol,1364,/bdata2/sc/dataset/mainnet/0xa681aa05399c323442a6622a61717312a879ec25.sol,SOLIDITY_VAR,2,4,v0.4.18,SWC-101
/bdata2/sc/dataset/mainnet/0xa681aa05399c323442a6622a61717312a879ec25.sol,1841,/bdata2/sc/dataset/mainnet/0xa681aa05399c323442a6622a61717312a879ec25.sol,SOLIDITY_VAR,2,6,v0.4.18,SWC-101
/bdata2/sc/dataset/mainnet/0x39415a1d39ff4fbe483b27e7ee3ec486cf7f7e76.sol,40,/bdata2/sc/dataset/mainnet/0x39415a1d39ff4fbe483b27e7ee3ec486cf7f7e76.sol,SOLIDITY_VAR,1,8,v0.4.11,SWC-101
/bdata2/sc/dataset/mainnet/0x39415a1d39ff4fbe483b27e7ee3ec486cf7f7e76.sol,48,/bdata2/sc/dataset/mainnet/0x39415a1d39ff4fbe483b27e7ee3ec486cf7f7e76.sol,SOLIDITY_VAR,1,8,v0.4.11,SWC-101
/bdata2/sc/dataset/mainnet/0x678aa5979b5a0e5b8e2fd5ab400a64616bc78aa3.sol,40,/bdata2/sc/dataset/mainnet/0x678aa5979b5a0e5b8e2fd5ab400a64616bc78aa3.sol,SOLIDITY_VAR,1,8,v0.4.11,SWC-101
/bdata2/sc/dataset/mainnet/0x678aa5979b5a0e5b8e2fd5ab400a64616bc78aa3.sol,48,/bdata2/sc/dataset/mainnet/0x678aa5979b5a0e5b8e2fd5ab400a64616bc78aa3.sol,SOLIDITY_VAR,1,8,v0.4.11,SWC-101
/bdata2/sc/dataset/mainnet/0xc58f14af29ec15bbbf2734fe7f4fe8bc4448d38f.sol,335,/bdata2/sc/dataset/mainnet/0xc58f14af29ec15bbbf2734fe7f4fe8bc4448d38f.sol,SOLIDITY_VAR,2,12,v0.4.11,SWC-101
/bdata2/sc/dataset/mainnet/0xc58f14af29ec15bbbf2734fe7f4fe8bc4448d38f.sol,59,/bdata2/sc/dataset/mainnet/0xc58f14af29ec15bbbf2734fe7f4fe8bc4448d38f.sol,SOLIDITY_VAR,1,8,v0.4.11,SWC-101
/bdata2/sc/dataset/mainnet/0xc58f14af29ec15bbbf2734fe7f4fe8bc4448d38f.sol,67,/bdata2/sc/dataset/mainnet/0xc58f14af29ec15bbbf2734fe7f4fe8bc4448d38f.sol,SOLIDITY_VAR,1,8,v0.4.11,SWC-101
/bdata2/sc/dataset/mainnet/0x2eCae89ebd1DdE40E39D04f515E1f8E64AB939bd.sol,335,/bdata2/sc/dataset/mainnet/0x2eCae89ebd1DdE40E39D04f515E1f8E64AB939bd.sol,SOLIDITY_VAR,2,12,v0.4.11,SWC-101
/bdata2/sc/dataset/mainnet/0x2eCae89ebd1DdE40E39D04f515E1f8E64AB939bd.sol,59,/bdata2/sc/dataset/mainnet/0x2eCae89ebd1DdE40E39D04f515E1f8E64AB939bd.sol,SOLIDITY_VAR,1,8,v0.4.11,SWC-101
/bdata2/sc/dataset/mainnet/0x2eCae89ebd1DdE40E39D04f515E1f8E64AB939bd.sol,67,/bdata2/sc/dataset/mainnet/0x2eCae89ebd1DdE40E39D04f515E1f8E64AB939bd.sol,SOLIDITY_VAR,1,8,v0.4.11,SWC-101
/bdata2/sc/dataset/mainnet/0x6be4e8a44c9d22f39db262cf1a54c1172da3b864.sol,335,/bdata2/sc/dataset/mainnet/0x6be4e8a44c9d22f39db262cf1a54c1172da3b864.sol,SOLIDITY_VAR,2,12,v0.4.11,SWC-101
/bdata2/sc/dataset/mainnet/0x6be4e8a44c9d22f39db262cf1a54c1172da3b864.sol,59,/bdata2/sc/dataset/mainnet/0x6be4e8a44c9d22f39db262cf1a54c1172da3b864.sol,SOLIDITY_VAR,1,8,v0.4.11,SWC-101
/bdata2/sc/dataset/mainnet/0x6be4e8a44c9d22f39db262cf1a54c1172da3b864.sol,67,/bdata2/sc/dataset/mainnet/0x6be4e8a44c9d22f39db262cf1a54c1172da3b864.sol,SOLIDITY_VAR,1,8,v0.4.11,SWC-101
/bdata2/sc/dataset/mainnet/0xe86b6cd49bcf43f94e3566cfaf5e0d136e3cf8fd.sol,335,/bdata2/sc/dataset/mainnet/0xe86b6cd49bcf43f94e3566cfaf5e0d136e3cf8fd.sol,SOLIDITY_VAR,2,12,v0.4.11,SWC-101
/bdata2/sc/dataset/mainnet/0xe86b6cd49bcf43f94e3566cfaf5e0d136e3cf8fd.sol,59,/bdata2/sc/dataset/mainnet/0xe86b6cd49bcf43f94e3566cfaf5e0d136e3cf8fd.sol,SOLIDITY_VAR,1,8,v0.4.11,SWC-101
/bdata2/sc/dataset/mainnet/0xe86b6cd49bcf43f94e3566cfaf5e0d136e3cf8fd.sol,67,/bdata2/sc/dataset/mainnet/0xe86b6cd49bcf43f94e3566cfaf5e0d136e3cf8fd.sol,SOLIDITY_VAR,1,8,v0.4.11,SWC-101
/bdata2/sc/dataset/mainnet/0xb113c80cb0368792294d1e706b8ed8217b7bcaa4.sol,59,/bdata2/sc/dataset/mainnet/0xb113c80cb0368792294d1e706b8ed8217b7bcaa4.sol,SOLIDITY_VAR,1,8,v0.4.11,SWC-101
/bdata2/sc/dataset/mainnet/0xb113c80cb0368792294d1e706b8ed8217b7bcaa4.sol,67,/bdata2/sc/dataset/mainnet/0xb113c80cb0368792294d1e706b8ed8217b7bcaa4.sol,SOLIDITY_VAR,1,8,v0.4.11,SWC-101
/bdata2/sc/dataset/mainnet/0x7221816f73e710eb952ce08bcaf54a31600fae6c.sol,59,/bdata2/sc/dataset/mainnet/0x7221816f73e710eb952ce08bcaf54a31600fae6c.sol,SOLIDITY_VAR,1,8,v0.4.11,SWC-101
/bdata2/sc/dataset/mainnet/0x7221816f73e710eb952ce08bcaf54a31600fae6c.sol,67,/bdata2/sc/dataset/mainnet/0x7221816f73e710eb952ce08bcaf54a31600fae6c.sol,SOLIDITY_VAR,1,8,v0.4.11,SWC-101
/bdata2/sc/dataset/mainnet/0xc9e025b5e175563df160e385b6c65a1abb8e1ecf.sol,40,/bdata2/sc/dataset/mainnet/0xc9e025b5e175563df160e385b6c65a1abb8e1ecf.sol,SOLIDITY_VAR,1,8,v0.4.11,SWC-101
/bdata2/sc/dataset/mainnet/0xc9e025b5e175563df160e385b6c65a1abb8e1ecf.sol,48,/bdata2/sc/dataset/mainnet/0xc9e025b5e175563df160e385b6c65a1abb8e1ecf.sol,SOLIDITY_VAR,1,8,v0.4.11,SWC-101
/bdata2/sc/dataset/mainnet/0xc1cf225f89d47380a017da7f7d7fd8adf4b10bb7.sol,40,/bdata2/sc/dataset/mainnet/0xc1cf225f89d47380a017da7f7d7fd8adf4b10bb7.sol,SOLIDITY_VAR,1,8,v0.4.11,SWC-101
/bdata2/sc/dataset/mainnet/0xc1cf225f89d47380a017da7f7d7fd8adf4b10bb7.sol,48,/bdata2/sc/dataset/mainnet/0xc1cf225f89d47380a017da7f7d7fd8adf4b10bb7.sol,SOLIDITY_VAR,1,8,v0.4.11,SWC-101
/bdata2/sc/dataset/mainnet/0x29f0b7c3d8Ee8f6471922F089F459cAb53029113.sol,59,/bdata2/sc/dataset/mainnet/0x29f0b7c3d8Ee8f6471922F089F459cAb53029113.sol,SOLIDITY_VAR,1,8,v0.4.11,SWC-101
/bdata2/sc/dataset/mainnet/0x29f0b7c3d8Ee8f6471922F089F459cAb53029113.sol,67,/bdata2/sc/dataset/mainnet/0x29f0b7c3d8Ee8f6471922F089F459cAb53029113.sol,SOLIDITY_VAR,1,8,v0.4.11,SWC-101
/bdata2/sc/dataset/mainnet/0x7c5a0ce9267ed19b22f8cae653f198e3e8daf098.sol,59,/bdata2/sc/dataset/mainnet/0x7c5a0ce9267ed19b22f8cae653f198e3e8daf098.sol,SOLIDITY_VAR,1,8,v0.4.11,SWC-101
/bdata2/sc/dataset/mainnet/0x7c5a0ce9267ed19b22f8cae653f198e3e8daf098.sol,67,/bdata2/sc/dataset/mainnet/0x7c5a0ce9267ed19b22f8cae653f198e3e8daf098.sol,SOLIDITY_VAR,1,8,v0.4.11,SWC-101
/bdata2/sc/dataset/mainnet/0xa643a2272b6170994872bb24759f4d928631d940.sol,335,/bdata2/sc/dataset/mainnet/0xa643a2272b6170994872bb24759f4d928631d940.sol,SOLIDITY_VAR,2,12,v0.4.11,SWC-101
/bdata2/sc/dataset/mainnet/0xa643a2272b6170994872bb24759f4d928631d940.sol,59,/bdata2/sc/dataset/mainnet/0xa643a2272b6170994872bb24759f4d928631d940.sol,SOLIDITY_VAR,1,8,v0.4.11,SWC-101
/bdata2/sc/dataset/mainnet/0xa643a2272b6170994872bb24759f4d928631d940.sol,67,/bdata2/sc/dataset/mainnet/0xa643a2272b6170994872bb24759f4d928631d940.sol,SOLIDITY_VAR,1,8,v0.4.11,SWC-101
/bdata2/sc/dataset/mainnet/0xfdbbb6bc95b9817fac3a1a2e17728fe7235a0c18.sol,40,/bdata2/sc/dataset/mainnet/0xfdbbb6bc95b9817fac3a1a2e17728fe7235a0c18.sol,SOLIDITY_VAR,1,8,v0.4.11,SWC-101
/bdata2/sc/dataset/mainnet/0xfdbbb6bc95b9817fac3a1a2e17728fe7235a0c18.sol,48,/bdata2/sc/dataset/mainnet/0xfdbbb6bc95b9817fac3a1a2e17728fe7235a0c18.sol,SOLIDITY_VAR,1,8,v0.4.11,SWC-101
/bdata2/sc/dataset/mainnet/0xda2cf810c5718135247628689d84f94c61b41d6a.sol,335,/bdata2/sc/dataset/mainnet/0xda2cf810c5718135247628689d84f94c61b41d6a.sol,SOLIDITY_VAR,2,12,v0.4.11,SWC-101
/bdata2/sc/dataset/mainnet/0xda2cf810c5718135247628689d84f94c61b41d6a.sol,59,/bdata2/sc/dataset/mainnet/0xda2cf810c5718135247628689d84f94c61b41d6a.sol,SOLIDITY_VAR,1,8,v0.4.11,SWC-101
/bdata2/sc/dataset/mainnet/0xda2cf810c5718135247628689d84f94c61b41d6a.sol,67,/bdata2/sc/dataset/mainnet/0xda2cf810c5718135247628689d84f94c61b41d6a.sol,SOLIDITY_VAR,1,8,v0.4.11,SWC-101
/bdata2/sc/dataset/mainnet/0x6fa8cd6a1a35542ba289437fe69e8f21ca1fa614.sol,59,/bdata2/sc/dataset/mainnet/0x6fa8cd6a1a35542ba289437fe69e8f21ca1fa614.sol,SOLIDITY_VAR,1,8,v0.4.11,SWC-101
/bdata2/sc/dataset/mainnet/0x6fa8cd6a1a35542ba289437fe69e8f21ca1fa614.sol,67,/bdata2/sc/dataset/mainnet/0x6fa8cd6a1a35542ba289437fe69e8f21ca1fa614.sol,SOLIDITY_VAR,1,8,v0.4.11,SWC-101
/bdata2/sc/dataset/mainnet/0x10D6fCf71a3f702df06C443B812b187f6c7D5d6B.sol,40,/bdata2/sc/dataset/mainnet/0x10D6fCf71a3f702df06C443B812b187f6c7D5d6B.sol,SOLIDITY_VAR,1,8,v0.4.11,SWC-101
/bdata2/sc/dataset/mainnet/0x10D6fCf71a3f702df06C443B812b187f6c7D5d6B.sol,48,/bdata2/sc/dataset/mainnet/0x10D6fCf71a3f702df06C443B812b187f6c7D5d6B.sol,SOLIDITY_VAR,1,8,v0.4.11,SWC-101
/bdata2/sc/dataset/mainnet/0x4df6de08d11f11ebad5d9e136b768849426fb8a7.sol,878,/bdata2/sc/dataset/mainnet/0x4df6de08d11f11ebad5d9e136b768849426fb8a7.sol,SOLIDITY_VAR,2,13,v0.4.21,SWC-101
/bdata2/sc/dataset/mainnet/0x4df6de08d11f11ebad5d9e136b768849426fb8a7.sol,1188,/bdata2/sc/dataset/mainnet/0x4df6de08d11f11ebad5d9e136b768849426fb8a7.sol,SOLIDITY_VAR,2,8,v0.4.21,SWC-101
/bdata2/sc/dataset/mainnet/0x124374f24bff86cf043e31344077ece93bd46b57.sol,103,/bdata2/sc/dataset/mainnet/0x124374f24bff86cf043e31344077ece93bd46b57.sol,SOLIDITY_VAR,2,2,v0.4.21,SWC-101
/bdata2/sc/dataset/mainnet/0x124374f24bff86cf043e31344077ece93bd46b57.sol,191,/bdata2/sc/dataset/mainnet/0x124374f24bff86cf043e31344077ece93bd46b57.sol,SOLIDITY_VAR,2,8,v0.4.21,SWC-101
/bdata2/sc/dataset/mainnet/0x124374f24bff86cf043e31344077ece93bd46b57.sol,192,/bdata2/sc/dataset/mainnet/0x124374f24bff86cf043e31344077ece93bd46b57.sol,SOLIDITY_VAR,2,8,v0.4.21,SWC-101
/bdata2/sc/dataset/mainnet/0x124374f24bff86cf043e31344077ece93bd46b57.sol,236,/bdata2/sc/dataset/mainnet/0x124374f24bff86cf043e31344077ece93bd46b57.sol,SOLIDITY_VAR,2,2,v0.4.21,SWC-101
/bdata2/sc/dataset/mainnet/0x124374f24bff86cf043e31344077ece93bd46b57.sol,299,/bdata2/sc/dataset/mainnet/0x124374f24bff86cf043e31344077ece93bd46b57.sol,SOLIDITY_VAR,2,8,v0.4.21,SWC-101
/bdata2/sc/dataset/mainnet/0x2d05359a51ca13c4ac5f4437585afaf5bf2050f9.sol,878,/bdata2/sc/dataset/mainnet/0x2d05359a51ca13c4ac5f4437585afaf5bf2050f9.sol,SOLIDITY_VAR,2,13,v0.4.21,SWC-101
/bdata2/sc/dataset/mainnet/0x2d05359a51ca13c4ac5f4437585afaf5bf2050f9.sol,1188,/bdata2/sc/dataset/mainnet/0x2d05359a51ca13c4ac5f4437585afaf5bf2050f9.sol,SOLIDITY_VAR,2,8,v0.4.21,SWC-101
/bdata2/sc/dataset/mainnet/0x3bcaf56923335062e8f272d011efd2e40fa42147.sol,101,/bdata2/sc/dataset/mainnet/0x3bcaf56923335062e8f272d011efd2e40fa42147.sol,SOLIDITY_VAR,2,2,v0.4.11,SWC-101
/bdata2/sc/dataset/mainnet/0x1bcbc54166f6ba149934870b60506199b6c9db6d.sol,868,/bdata2/sc/dataset/mainnet/0x1bcbc54166f6ba149934870b60506199b6c9db6d.sol,SOLIDITY_VAR,2,13,v0.4.11,SWC-101
/bdata2/sc/dataset/mainnet/0x4b37d3d8519172597a6a49c8079208dc1ef994ee.sol,864,/bdata2/sc/dataset/mainnet/0x4b37d3d8519172597a6a49c8079208dc1ef994ee.sol,SOLIDITY_VAR,2,13,v0.4.14,SWC-101
/bdata2/sc/dataset/mainnet/0xb23fecec4202b868c228ac0a59cc12a9f93bd605.sol,508,/bdata2/sc/dataset/mainnet/0xb23fecec4202b868c228ac0a59cc12a9f93bd605.sol,SOLIDITY_VAR,2,13,v0.4.11,SWC-101
/bdata2/sc/dataset/mainnet/0x3023d5ee05ebee74b61f940433b7783eac1f221e.sol,881,/bdata2/sc/dataset/mainnet/0x3023d5ee05ebee74b61f940433b7783eac1f221e.sol,SOLIDITY_VAR,2,13,v0.4.11,SWC-101
/bdata2/sc/dataset/mainnet/0x96fe4328429a14b9cb0872a6337d6f8422d422a6.sol,848,/bdata2/sc/dataset/mainnet/0x96fe4328429a14b9cb0872a6337d6f8422d422a6.sol,SOLIDITY_VAR,2,13,v0.4.17,SWC-101
/bdata2/sc/dataset/mainnet/0xfa6512358d241b636edf5f8ccaaf86676dec21a7.sol,310,/bdata2/sc/dataset/mainnet/0xfa6512358d241b636edf5f8ccaaf86676dec21a7.sol,SOLIDITY_VAR,2,6,v0.4.18,SWC-101
/bdata2/sc/dataset/mainnet/0x43f208d94a82cc2749a140b5e82636f31ce0390d.sol,864,/bdata2/sc/dataset/mainnet/0x43f208d94a82cc2749a140b5e82636f31ce0390d.sol,SOLIDITY_VAR,2,13,v0.4.14,SWC-101
/bdata2/sc/dataset/mainnet/0xf0a924661b0263e5ce12756d07f45b8668c53380.sol,154,/bdata2/sc/dataset/mainnet/0xf0a924661b0263e5ce12756d07f45b8668c53380.sol,SOLIDITY_VAR,2,5,v0.4.13,SWC-101
/bdata2/sc/dataset/mainnet/0xf0a924661b0263e5ce12756d07f45b8668c53380.sol,420,/bdata2/sc/dataset/mainnet/0xf0a924661b0263e5ce12756d07f45b8668c53380.sol,SOLIDITY_VAR,2,4,v0.4.13,SWC-101
/bdata2/sc/dataset/mainnet/0xa279111bac7ea963b0ee35a562304fb59c97807b.sol,116,/bdata2/sc/dataset/mainnet/0xa279111bac7ea963b0ee35a562304fb59c97807b.sol,SOLIDITY_VAR,2,5,v0.4.13,SWC-101
/bdata2/sc/dataset/mainnet/0x1fbc216fe162d86ffcb146302c418170809b014a.sol,418,/bdata2/sc/dataset/mainnet/0x1fbc216fe162d86ffcb146302c418170809b014a.sol,SOLIDITY_VAR,2,11,v0.4.11,SWC-101
/bdata2/sc/dataset/mainnet/0x1fbc216fe162d86ffcb146302c418170809b014a.sol,423,/bdata2/sc/dataset/mainnet/0x1fbc216fe162d86ffcb146302c418170809b014a.sol,SOLIDITY_VAR,2,13,v0.4.11,SWC-101
/bdata2/sc/dataset/mainnet/0x1fbc216fe162d86ffcb146302c418170809b014a.sol,632,/bdata2/sc/dataset/mainnet/0x1fbc216fe162d86ffcb146302c418170809b014a.sol,SOLIDITY_VAR,2,9,v0.4.11,SWC-101
/bdata2/sc/dataset/mainnet/0x1fbc216fe162d86ffcb146302c418170809b014a.sol,637,/bdata2/sc/dataset/mainnet/0x1fbc216fe162d86ffcb146302c418170809b014a.sol,SOLIDITY_VAR,2,11,v0.4.11,SWC-101
/bdata2/sc/dataset/mainnet/0x9c18a41b38545bcec4344afd50dac9c0d9a5524c.sol,241,/bdata2/sc/dataset/mainnet/0x9c18a41b38545bcec4344afd50dac9c0d9a5524c.sol,SOLIDITY_VAR,2,12,v0.4.13,SWC-101
/bdata2/sc/dataset/mainnet/0x9c18a41b38545bcec4344afd50dac9c0d9a5524c.sol,263,/bdata2/sc/dataset/mainnet/0x9c18a41b38545bcec4344afd50dac9c0d9a5524c.sol,SOLIDITY_VAR,2,12,v0.4.13,SWC-101
/bdata2/sc/dataset/mainnet/0x9c18a41b38545bcec4344afd50dac9c0d9a5524c.sol,655,/bdata2/sc/dataset/mainnet/0x9c18a41b38545bcec4344afd50dac9c0d9a5524c.sol,SOLIDITY_VAR,2,12,v0.4.13,SWC-101
/bdata2/sc/dataset/mainnet/0xba5a172c797c894737760aaa9e9d1558a72ace60.sol,449,/bdata2/sc/dataset/mainnet/0xba5a172c797c894737760aaa9e9d1558a72ace60.sol,SOLIDITY_VAR,2,8,v0.4.22,SWC-101
/bdata2/sc/dataset/mainnet/0xe994c93026b13337fda5a96c4141e2e3bc7c47af.sol,1213,/bdata2/sc/dataset/mainnet/0xe994c93026b13337fda5a96c4141e2e3bc7c47af.sol,SOLIDITY_VAR,2,8,v0.4.20,SWC-101
/bdata2/sc/dataset/mainnet/0x96fc54eddaa481eb03d0566254a3c312fbfc4dcb.sol,915,/bdata2/sc/dataset/mainnet/0x96fc54eddaa481eb03d0566254a3c312fbfc4dcb.sol,SOLIDITY_VAR,2,13,v0.4.24,SWC-101
/bdata2/sc/dataset/mainnet/0xc99f6077fea33661de0c54b8f7bd9b813a2ca45e.sol,838,/bdata2/sc/dataset/mainnet/0xc99f6077fea33661de0c54b8f7bd9b813a2ca45e.sol,SOLIDITY_VAR,2,2,v0.4.19,SWC-101
/bdata2/sc/dataset/mainnet/0xc99f6077fea33661de0c54b8f7bd9b813a2ca45e.sol,852,/bdata2/sc/dataset/mainnet/0xc99f6077fea33661de0c54b8f7bd9b813a2ca45e.sol,SOLIDITY_VAR,2,2,v0.4.19,SWC-101
/bdata2/sc/dataset/mainnet/0xc99f6077fea33661de0c54b8f7bd9b813a2ca45e.sol,1054,/bdata2/sc/dataset/mainnet/0xc99f6077fea33661de0c54b8f7bd9b813a2ca45e.sol,SOLIDITY_VAR,2,3,v0.4.19,SWC-101
/bdata2/sc/dataset/mainnet/0xb80f7ad4db894093658474ae57d94345bea474f4.sol,838,/bdata2/sc/dataset/mainnet/0xb80f7ad4db894093658474ae57d94345bea474f4.sol,SOLIDITY_VAR,2,2,v0.4.19,SWC-101
/bdata2/sc/dataset/mainnet/0xb80f7ad4db894093658474ae57d94345bea474f4.sol,852,/bdata2/sc/dataset/mainnet/0xb80f7ad4db894093658474ae57d94345bea474f4.sol,SOLIDITY_VAR,2,2,v0.4.19,SWC-101
/bdata2/sc/dataset/mainnet/0xd8479c546b80ce91916c7800c1840bd6446b06ce.sol,838,/bdata2/sc/dataset/mainnet/0xd8479c546b80ce91916c7800c1840bd6446b06ce.sol,SOLIDITY_VAR,2,2,v0.4.19,SWC-101
/bdata2/sc/dataset/mainnet/0xd8479c546b80ce91916c7800c1840bd6446b06ce.sol,852,/bdata2/sc/dataset/mainnet/0xd8479c546b80ce91916c7800c1840bd6446b06ce.sol,SOLIDITY_VAR,2,2,v0.4.19,SWC-101
/bdata2/sc/dataset/mainnet/0xd8479c546b80ce91916c7800c1840bd6446b06ce.sol,1054,/bdata2/sc/dataset/mainnet/0xd8479c546b80ce91916c7800c1840bd6446b06ce.sol,SOLIDITY_VAR,2,3,v0.4.19,SWC-101
/bdata2/sc/dataset/mainnet/0xb47841728f10f39abad9d799e8f6ba05e30c1b9d.sol,103,/bdata2/sc/dataset/mainnet/0xb47841728f10f39abad9d799e8f6ba05e30c1b9d.sol,SOLIDITY_VAR,2,2,v0.4.21,SWC-101
/bdata2/sc/dataset/mainnet/0xb47841728f10f39abad9d799e8f6ba05e30c1b9d.sol,191,/bdata2/sc/dataset/mainnet/0xb47841728f10f39abad9d799e8f6ba05e30c1b9d.sol,SOLIDITY_VAR,2,8,v0.4.21,SWC-101
/bdata2/sc/dataset/mainnet/0xb47841728f10f39abad9d799e8f6ba05e30c1b9d.sol,192,/bdata2/sc/dataset/mainnet/0xb47841728f10f39abad9d799e8f6ba05e30c1b9d.sol,SOLIDITY_VAR,2,8,v0.4.21,SWC-101
/bdata2/sc/dataset/mainnet/0xb47841728f10f39abad9d799e8f6ba05e30c1b9d.sol,236,/bdata2/sc/dataset/mainnet/0xb47841728f10f39abad9d799e8f6ba05e30c1b9d.sol,SOLIDITY_VAR,2,2,v0.4.21,SWC-101
/bdata2/sc/dataset/mainnet/0xb47841728f10f39abad9d799e8f6ba05e30c1b9d.sol,299,/bdata2/sc/dataset/mainnet/0xb47841728f10f39abad9d799e8f6ba05e30c1b9d.sol,SOLIDITY_VAR,2,8,v0.4.21,SWC-101
/bdata2/sc/dataset/mainnet/0x48c71f27e217f16962c9a39ff43d815d74f417e1.sol,861,/bdata2/sc/dataset/mainnet/0x48c71f27e217f16962c9a39ff43d815d74f417e1.sol,SOLIDITY_VAR,2,13,v0.4.21,SWC-101
/bdata2/sc/dataset/mainnet/0x480ec0cd951e42c626cf8db18e5ed99da076e074.sol,864,/bdata2/sc/dataset/mainnet/0x480ec0cd951e42c626cf8db18e5ed99da076e074.sol,SOLIDITY_VAR,2,13,v0.4.15,SWC-101
/bdata2/sc/dataset/mainnet/0xbd1e1ea13de6f320e89f33a7076b29d1a00506d8.sol,141,/bdata2/sc/dataset/mainnet/0xbd1e1ea13de6f320e89f33a7076b29d1a00506d8.sol,SOLIDITY_VAR,2,16,v0.4.15,SWC-101
/bdata2/sc/dataset/mainnet/0xEa6278DbbE7CBb567E9E825d998c05432f0bdCf3.sol,416,/bdata2/sc/dataset/mainnet/0xEa6278DbbE7CBb567E9E825d998c05432f0bdCf3.sol,SOLIDITY_VAR,2,3,v0.4.14,SWC-101
/bdata2/sc/dataset/mainnet/0xEa6278DbbE7CBb567E9E825d998c05432f0bdCf3.sol,446,/bdata2/sc/dataset/mainnet/0xEa6278DbbE7CBb567E9E825d998c05432f0bdCf3.sol,SOLIDITY_VAR,2,5,v0.4.14,SWC-101
/bdata2/sc/dataset/mainnet/0xEa6278DbbE7CBb567E9E825d998c05432f0bdCf3.sol,477,/bdata2/sc/dataset/mainnet/0xEa6278DbbE7CBb567E9E825d998c05432f0bdCf3.sol,SOLIDITY_VAR,2,3,v0.4.14,SWC-101
/bdata2/sc/dataset/mainnet/0x9f51e7e4ceb88982da1695297ff7ca591ca2327a.sol,642,/bdata2/sc/dataset/mainnet/0x9f51e7e4ceb88982da1695297ff7ca591ca2327a.sol,SOLIDITY_VAR,2,2,v0.4.19,SWC-101
/bdata2/sc/dataset/mainnet/0x9f51e7e4ceb88982da1695297ff7ca591ca2327a.sol,656,/bdata2/sc/dataset/mainnet/0x9f51e7e4ceb88982da1695297ff7ca591ca2327a.sol,SOLIDITY_VAR,2,2,v0.4.19,SWC-101
/bdata2/sc/dataset/mainnet/0xa9c81661c85e3b09ac5d04683cb344a13dd2a5ab.sol,642,/bdata2/sc/dataset/mainnet/0xa9c81661c85e3b09ac5d04683cb344a13dd2a5ab.sol,SOLIDITY_VAR,2,2,v0.4.19,SWC-101
/bdata2/sc/dataset/mainnet/0xa9c81661c85e3b09ac5d04683cb344a13dd2a5ab.sol,656,/bdata2/sc/dataset/mainnet/0xa9c81661c85e3b09ac5d04683cb344a13dd2a5ab.sol,SOLIDITY_VAR,2,2,v0.4.19,SWC-101
/bdata2/sc/dataset/mainnet/0xf4c3a48f27666ef8bedab8d73c0117e1aeaf1ba0.sol,118,/bdata2/sc/dataset/mainnet/0xf4c3a48f27666ef8bedab8d73c0117e1aeaf1ba0.sol,SOLIDITY_VAR,2,5,v0.4.21,SWC-101
/bdata2/sc/dataset/mainnet/0xf4c3a48f27666ef8bedab8d73c0117e1aeaf1ba0.sol,165,/bdata2/sc/dataset/mainnet/0xf4c3a48f27666ef8bedab8d73c0117e1aeaf1ba0.sol,SOLIDITY_VAR,2,5,v0.4.21,SWC-101
/bdata2/sc/dataset/mainnet/0x38e9d51419dc53bb8c899a5fd473ce111b1757c4.sol,878,/bdata2/sc/dataset/mainnet/0x38e9d51419dc53bb8c899a5fd473ce111b1757c4.sol,SOLIDITY_VAR,2,13,v0.4.20,SWC-101
/bdata2/sc/dataset/mainnet/0x38e9d51419dc53bb8c899a5fd473ce111b1757c4.sol,1188,/bdata2/sc/dataset/mainnet/0x38e9d51419dc53bb8c899a5fd473ce111b1757c4.sol,SOLIDITY_VAR,2,8,v0.4.20,SWC-101
/bdata2/sc/dataset/mainnet/0xeb4844a87937c9ee3ae6c89268806c0ab5bd5dff.sol,865,/bdata2/sc/dataset/mainnet/0xeb4844a87937c9ee3ae6c89268806c0ab5bd5dff.sol,SOLIDITY_VAR,2,13,v0.4.16,SWC-101
/bdata2/sc/dataset/mainnet/0xd2ea3d1be7b482966ba8627ff009b84bac3bf51e.sol,19,/bdata2/sc/dataset/mainnet/0xd2ea3d1be7b482966ba8627ff009b84bac3bf51e.sol,SOLIDITY_VAR,2,16,v0.4.24,SWC-101
/bdata2/sc/dataset/mainnet/0xa3a07912e74acf57f3362d8b4cda85ce652fc887.sol,864,/bdata2/sc/dataset/mainnet/0xa3a07912e74acf57f3362d8b4cda85ce652fc887.sol,SOLIDITY_VAR,2,13,v0.4.16,SWC-101
/bdata2/sc/dataset/mainnet/0xf5f5e8c926395653811f0fc350cd5135a26db9b4.sol,232,/bdata2/sc/dataset/mainnet/0xf5f5e8c926395653811f0fc350cd5135a26db9b4.sol,SOLIDITY_VAR,2,8,v0.4.16,SWC-101
/bdata2/sc/dataset/mainnet/0xd7dc42b78b5ca37ff5493598d5b6978dc98c3b38.sol,866,/bdata2/sc/dataset/mainnet/0xd7dc42b78b5ca37ff5493598d5b6978dc98c3b38.sol,SOLIDITY_VAR,2,13,v0.4.16,SWC-101
/bdata2/sc/dataset/mainnet/0xaa3e80a42e7bac1072bee7ee5ac72123969b8400.sol,54,/bdata2/sc/dataset/mainnet/0xaa3e80a42e7bac1072bee7ee5ac72123969b8400.sol,SOLIDITY_VAR,2,12,v0.4.15,SWC-101
/bdata2/sc/dataset/mainnet/0xaa3e80a42e7bac1072bee7ee5ac72123969b8400.sol,749,/bdata2/sc/dataset/mainnet/0xaa3e80a42e7bac1072bee7ee5ac72123969b8400.sol,SOLIDITY_VAR,2,12,v0.4.15,SWC-101
/bdata2/sc/dataset/mainnet/0xfdbfe77f588cb4839193dddd9c47d9983991e108.sol,958,/bdata2/sc/dataset/mainnet/0xfdbfe77f588cb4839193dddd9c47d9983991e108.sol,SOLIDITY_VAR,2,4,v0.4.18,SWC-101
/bdata2/sc/dataset/mainnet/0xfdbfe77f588cb4839193dddd9c47d9983991e108.sol,1364,/bdata2/sc/dataset/mainnet/0xfdbfe77f588cb4839193dddd9c47d9983991e108.sol,SOLIDITY_VAR,2,4,v0.4.18,SWC-101
/bdata2/sc/dataset/mainnet/0x65c3f232177c8c73e81db28c957d8704ea39eb93.sol,958,/bdata2/sc/dataset/mainnet/0x65c3f232177c8c73e81db28c957d8704ea39eb93.sol,SOLIDITY_VAR,2,4,v0.4.18,SWC-101
/bdata2/sc/dataset/mainnet/0x65c3f232177c8c73e81db28c957d8704ea39eb93.sol,1364,/bdata2/sc/dataset/mainnet/0x65c3f232177c8c73e81db28c957d8704ea39eb93.sol,SOLIDITY_VAR,2,4,v0.4.18,SWC-101
/bdata2/sc/dataset/mainnet/0xf01a853233f869150834d6db88df694db9bba100.sol,958,/bdata2/sc/dataset/mainnet/0xf01a853233f869150834d6db88df694db9bba100.sol,SOLIDITY_VAR,2,4,v0.4.18,SWC-101
/bdata2/sc/dataset/mainnet/0xf01a853233f869150834d6db88df694db9bba100.sol,1364,/bdata2/sc/dataset/mainnet/0xf01a853233f869150834d6db88df694db9bba100.sol,SOLIDITY_VAR,2,4,v0.4.18,SWC-101
/bdata2/sc/dataset/mainnet/0x9d7db617fbf50ae4860d3f8a5383149656778a6e.sol,958,/bdata2/sc/dataset/mainnet/0x9d7db617fbf50ae4860d3f8a5383149656778a6e.sol,SOLIDITY_VAR,2,4,v0.4.18,SWC-101
/bdata2/sc/dataset/mainnet/0x9d7db617fbf50ae4860d3f8a5383149656778a6e.sol,1364,/bdata2/sc/dataset/mainnet/0x9d7db617fbf50ae4860d3f8a5383149656778a6e.sol,SOLIDITY_VAR,2,4,v0.4.18,SWC-101
/bdata2/sc/dataset/mainnet/0x9d7db617fbf50ae4860d3f8a5383149656778a6e.sol,1983,/bdata2/sc/dataset/mainnet/0x9d7db617fbf50ae4860d3f8a5383149656778a6e.sol,SOLIDITY_VAR,2,6,v0.4.18,SWC-101
/bdata2/sc/dataset/mainnet/0x44033f223f8d1c1bc40a0bcca30c37f9737425a3.sol,865,/bdata2/sc/dataset/mainnet/0x44033f223f8d1c1bc40a0bcca30c37f9737425a3.sol,SOLIDITY_VAR,2,13,v0.4.14,SWC-101
/bdata2/sc/dataset/mainnet/0xe319847f14624ad62a99c7eb5e6d738f61fcf185.sol,172,/bdata2/sc/dataset/mainnet/0xe319847f14624ad62a99c7eb5e6d738f61fcf185.sol,SOLIDITY_VAR,2,8,v0.4.21,SWC-101
/bdata2/sc/dataset/mainnet/0xe319847f14624ad62a99c7eb5e6d738f61fcf185.sol,173,/bdata2/sc/dataset/mainnet/0xe319847f14624ad62a99c7eb5e6d738f61fcf185.sol,SOLIDITY_VAR,2,8,v0.4.21,SWC-101
/bdata2/sc/dataset/mainnet/0xe319847f14624ad62a99c7eb5e6d738f61fcf185.sol,223,/bdata2/sc/dataset/mainnet/0xe319847f14624ad62a99c7eb5e6d738f61fcf185.sol,SOLIDITY_VAR,2,6,v0.4.21,SWC-101
/bdata2/sc/dataset/mainnet/0xe319847f14624ad62a99c7eb5e6d738f61fcf185.sol,243,/bdata2/sc/dataset/mainnet/0xe319847f14624ad62a99c7eb5e6d738f61fcf185.sol,SOLIDITY_VAR,2,15,v0.4.21,SWC-101
/bdata2/sc/dataset/mainnet/0xe319847f14624ad62a99c7eb5e6d738f61fcf185.sol,324,/bdata2/sc/dataset/mainnet/0xe319847f14624ad62a99c7eb5e6d738f61fcf185.sol,SOLIDITY_VAR,2,6,v0.4.21,SWC-101
/bdata2/sc/dataset/mainnet/0xe319847f14624ad62a99c7eb5e6d738f61fcf185.sol,355,/bdata2/sc/dataset/mainnet/0xe319847f14624ad62a99c7eb5e6d738f61fcf185.sol,SOLIDITY_VAR,2,15,v0.4.21,SWC-101
/bdata2/sc/dataset/mainnet/0xe319847f14624ad62a99c7eb5e6d738f61fcf185.sol,363,/bdata2/sc/dataset/mainnet/0xe319847f14624ad62a99c7eb5e6d738f61fcf185.sol,SOLIDITY_VAR,2,9,v0.4.21,SWC-101
/bdata2/sc/dataset/mainnet/0xfa873749f1d325b60a0528a3d457e89f115b1763.sol,880,/bdata2/sc/dataset/mainnet/0xfa873749f1d325b60a0528a3d457e89f115b1763.sol,SOLIDITY_VAR,2,13,v0.4.24,SWC-101
/bdata2/sc/dataset/mainnet/0x9a4fe70bb7b39127f4772acaf0d000578644b39d.sol,841,/bdata2/sc/dataset/mainnet/0x9a4fe70bb7b39127f4772acaf0d000578644b39d.sol,SOLIDITY_VAR,2,13,v0.4.13,SWC-101
/bdata2/sc/dataset/mainnet/0x323eb855d59f07db88c9ce18ec08939c7c45828b.sol,166,/bdata2/sc/dataset/mainnet/0x323eb855d59f07db88c9ce18ec08939c7c45828b.sol,SOLIDITY_VAR,1,12,v0.4.13,SWC-101
/bdata2/sc/dataset/mainnet/0x41ff0796a6c7a201476bff53c4cb2c48b084e5e0.sol,866,/bdata2/sc/dataset/mainnet/0x41ff0796a6c7a201476bff53c4cb2c48b084e5e0.sol,SOLIDITY_VAR,2,13,v0.4.13,SWC-101
/bdata2/sc/dataset/mainnet/0xa53b9b044bb919db3e06a35d57a06d057f3e0424.sol,60,/bdata2/sc/dataset/mainnet/0xa53b9b044bb919db3e06a35d57a06d057f3e0424.sol,SOLIDITY_VAR,1,8,v0.4.13,SWC-101
/bdata2/sc/dataset/mainnet/0xa53b9b044bb919db3e06a35d57a06d057f3e0424.sol,68,/bdata2/sc/dataset/mainnet/0xa53b9b044bb919db3e06a35d57a06d057f3e0424.sol,SOLIDITY_VAR,1,8,v0.4.13,SWC-101
/bdata2/sc/dataset/mainnet/0xee87fcb3b7d1ebe916193321f54cfefa41c1604d.sol,166,/bdata2/sc/dataset/mainnet/0xee87fcb3b7d1ebe916193321f54cfefa41c1604d.sol,SOLIDITY_VAR,1,12,v0.4.13,SWC-101
/bdata2/sc/dataset/mainnet/0x812849100450a393c86ab8aa3fbb62119ee383c9.sol,59,/bdata2/sc/dataset/mainnet/0x812849100450a393c86ab8aa3fbb62119ee383c9.sol,SOLIDITY_VAR,1,8,v0.4.13,SWC-101
/bdata2/sc/dataset/mainnet/0x812849100450a393c86ab8aa3fbb62119ee383c9.sol,67,/bdata2/sc/dataset/mainnet/0x812849100450a393c86ab8aa3fbb62119ee383c9.sol,SOLIDITY_VAR,1,8,v0.4.13,SWC-101
