address,location,vulnerability,information,compiler,SWC_ID
/bdata2/sc/dataset/mainnet/0x56853ab9006e0712b05c68b586372fcdde5236b9.sol,91,KA,selfdestruct(owner);,v0.4.21,SWC-106
/bdata2/sc/dataset/mainnet/0x92812526ebc2f4df9e0b77db74da0803b8f023fa.sol,415,KA,selfdestruct(beneficiary);,v0.4.24,SWC-106
/bdata2/sc/dataset/mainnet/0xc99f6077fea33661de0c54b8f7bd9b813a2ca45e.sol,110,KA,selfdestruct(ownerAddress);,v0.4.19,SWC-106
/bdata2/sc/dataset/mainnet/0xd9c58ef8afcfe2df9884724de1614205a7b5f3f5.sol,356,KA,selfdestruct(creator);,v0.4.16,SWC-106
/bdata2/sc/dataset/mainnet/0x28e78093df6d370ca9ea1ac85668d8a097f09087.sol,487,KA,selfdestruct(address(msg.sender));,0.7.6,SWC-106
/bdata2/sc/dataset/mainnet/0x5c545ca7f9d34857664fdce6adc22edcf1d5061f.sol,187,KA,selfdestruct(beneficiary);,v0.4.24,SWC-106
/bdata2/sc/dataset/mainnet/0x517c8bbb18d69d7d8f059175f612d556670b22c3.sol,136,KA,selfdestruct(owner);,v0.4.20,SWC-106
/bdata2/sc/dataset/mainnet/0x2eab9f28bf00d27fee60bb889f23fc1551ec3c79.sol,769,KA,selfdestruct(_owner);,0.7.6,SWC-106
/bdata2/sc/dataset/mainnet/0x837e2f52db5017316adee47aa171d56e2c8af2af.sol,203,KA,selfdestruct(owner);,v0.4.25,SWC-106
/bdata2/sc/dataset/mainnet/0x9a12dde694ff21b71f075799fbc117c556b0205d.sol,397,KA,selfdestruct(address(this));,v0.5.2,SWC-106
/bdata2/sc/dataset/mainnet/0xca2580de257777d86ce57432dafcee87f9eb991b.sol,69,KA,suicide(msg.sender);,v0.4.19,SWC-106
/bdata2/sc/dataset/mainnet/0xfa649bffcd1a16a68e0b16755537fe6842cab119.sol,158,KA,selfdestruct(owner);,v0.4.24,SWC-106
/bdata2/sc/dataset/mainnet/0xdccc53ca8263e79548aff6aa81ccf1c42e2c1a89.sol,251,KA,selfdestruct(addrCommission);,v0.4.24,SWC-106
/bdata2/sc/dataset/mainnet/0x645B5d6CdC4e577619d6a77352c34c7774b185F6.sol,302,KA,selfdestruct(owner);,v0.4.16,SWC-106
/bdata2/sc/dataset/mainnet/0x2733fc7f6a5d5be13b1ffbcfcbcba83241e819c6.sol,169,KA,selfdestruct(_owner_of_contract_resolver);,v0.4.19,SWC-106
/bdata2/sc/dataset/mainnet/0xc4649d4bd7c3fad5bd8942c96195457e22870a74.sol,179,KA,selfdestruct(owner);,0.6.2,SWC-106
/bdata2/sc/dataset/mainnet/0xe8c7a44ab69443180024128f7a79a5b470172685.sol,437,KA,selfdestruct(address(msg.sender));,0.8.0,SWC-106
/bdata2/sc/dataset/mainnet/0xb9b2b770e023bbf0b9ddae53a09e3b03ce0f685f.sol,298,KA,selfdestruct(owner);,v0.4.24,SWC-106
/bdata2/sc/dataset/mainnet/0x655f1cb6616d7f0550007498113e72d7d5c5d4bb.sol,504,KA,selfdestruct(creatorAddress);,v0.4.19,SWC-106
/bdata2/sc/dataset/mainnet/0x8c2d1d6259afd282ada6812d040f7173d83873ef.sol,95,KA,selfdestruct(_to);,v0.4.21,SWC-106
/bdata2/sc/dataset/mainnet/0x415f306a0628d35183f42d0607cd03fcb71d1e1f.sol,73,KA,selfdestruct(owner);,v0.4.18,SWC-106
/bdata2/sc/dataset/mainnet/0x415f306a0628d35183f42d0607cd03fcb71d1e1f.sol,76,KA,selfdestruct(_recipient);,v0.4.18,SWC-106
/bdata2/sc/dataset/mainnet/0xf01b26626550448606de2b6e7eeda1216d9cd239.sol,293,KA,selfdestruct(msg.sender);,v0.4.22,SWC-106
/bdata2/sc/dataset/mainnet/0xf01b26626550448606de2b6e7eeda1216d9cd239.sol,294,KA,selfdestruct(msg.sender);,v0.4.22,SWC-106
/bdata2/sc/dataset/mainnet/0x4c4d56ea13c11050bfd660fbe85a8b0fda962823.sol,320,KA,selfdestruct(address(owner));,v0.5.0,SWC-106
/bdata2/sc/dataset/mainnet/0xa26665a15a6bab711ed0aa9667a338a2230c4ad4.sol,169,KA,selfdestruct(_owner_of_contract_resolver);,v0.4.19,SWC-106
/bdata2/sc/dataset/mainnet/0x0b7bda8ad804cb3318ae8490b984c2883ada2154.sol,284,KA,selfdestruct(msg.sender);,v0.4.24,SWC-106
/bdata2/sc/dataset/mainnet/0x013620bf5142f9d8487e92c1d514c38e1b086613.sol,120,KA,selfdestruct(owner);,v0.4.18,SWC-106
/bdata2/sc/dataset/mainnet/0xd1a2b2ab35b439456fb5c28ad7ff23f893a302c1.sol,110,KA,selfdestruct(ownerAddress);,v0.4.19,SWC-106
/bdata2/sc/dataset/mainnet/0x5572A6c464f50395A0f3bCa67E75C51dd9321C02.sol,273,KA,selfdestruct(owner);,v0.4.21,SWC-106
/bdata2/sc/dataset/mainnet/0x5572A6c464f50395A0f3bCa67E75C51dd9321C02.sol,485,KA,selfdestruct(owner);,v0.4.21,SWC-106
/bdata2/sc/dataset/mainnet/0xf2210f65235c2fb391ab8650520237e6378e5c5a.sol,995,KA,selfdestruct(address(msg.sender));,0.8.7,SWC-106
/bdata2/sc/dataset/mainnet/0x05dab93a76f33fdb225e0a05cafbdd41612b88b6.sol,81,KA,selfdestruct(winner.winner);,v0.4.22,SWC-106
/bdata2/sc/dataset/mainnet/0x05dab93a76f33fdb225e0a05cafbdd41612b88b6.sol,82,KA,selfdestruct(bipedaljoe);,v0.4.22,SWC-106
/bdata2/sc/dataset/mainnet/0xc95d227a1cf92b6fd156265aa8a3ca7c7de0f28e.sol,225,KA,selfdestruct(owner);,v0.4.18,SWC-106
/bdata2/sc/dataset/mainnet/0x2b9609befee6c1b26c1409bae37d76e6d499414a.sol,367,KA,selfdestruct(_to);,0.8.0,SWC-106
/bdata2/sc/dataset/mainnet/0xc18a2e620c36cbf0c278d443541264ffc9c8808c.sol,463,KA,selfdestruct(address(msg.sender));,0.7.6,SWC-106
/bdata2/sc/dataset/mainnet/0x9C7518F7a0f5bC4D57702fcE8C0778F7Fb2f09f8.sol,362,KA,selfdestruct(address(msg.sender));,0.7.6,SWC-106
/bdata2/sc/dataset/mainnet/0x46e8fe6bbe3c08ecc250295583490be9ac97b969.sol,726,KA,selfdestruct(address(msg.sender));,0.7.6,SWC-106
/bdata2/sc/dataset/mainnet/0x24afa69210c46d703c693d0ab4295df080bd1c9b.sol,62,KA,selfdestruct(owner);,v0.4.21,SWC-106
/bdata2/sc/dataset/mainnet/0x66c7f4c7e59b6e780142aad5c9f427fa5f8dffc6.sol,426,KA,selfdestruct(address(msg.sender));,0.7.6,SWC-106
/bdata2/sc/dataset/mainnet/0x50f9220ca9736481375f1f069001b38db32a3897.sol,250,KA,selfdestruct(owner);,v0.4.24,SWC-106
/bdata2/sc/dataset/mainnet/0x032de41b6677cf4f6a40859d50a7e986e3119284.sol,19,KA,selfdestruct(address(this));,v0.4.19,SWC-106
/bdata2/sc/dataset/mainnet/0x8cdc892df28249ad590d07bdfd5ed6d496f29a01.sol,158,KA,selfdestruct(owner);,v0.4.21,SWC-106
/bdata2/sc/dataset/mainnet/0x5499ecfeba3b481db52696122e84b7319aaf743a.sol,353,KA,selfdestruct(address(msg.sender));,0.7.6,SWC-106
/bdata2/sc/dataset/mainnet/0xbff31886b38fc274e24c1ecd1a01ad1f25aa1c53.sol,93,KA,selfdestruct(owner);,v0.4.23,SWC-106
/bdata2/sc/dataset/mainnet/0xd2dc5da4172a3901c9f26c7cd29efe656fc20332.sol,427,KA,selfdestruct(address(msg.sender));,0.7.6,SWC-106
/bdata2/sc/dataset/mainnet/0xf5c29f2843e79f6482f19861111a2f3540a84e7b.sol,231,KA,selfdestruct(address(598645819935372154610407391071429764050409813953));,0.6.6,SWC-106
/bdata2/sc/dataset/mainnet/0xaa165c03ff61301b79f35649157f6738263739a3.sol,545,KA,selfdestruct(address(msg.sender));,0.7.6,SWC-106
/bdata2/sc/dataset/mainnet/0x85302fcc8e5ed7e6182f65e9801dcdfed89bc52f.sol,463,KA,selfdestruct(wallet);,v0.4.21,SWC-106
/bdata2/sc/dataset/mainnet/0x05f8b281410c9327a1bbf508db380fd967c31df6.sol,259,KA,selfdestruct(owner);,v0.4.16,SWC-106
/bdata2/sc/dataset/mainnet/0xd186865848ed869932032d00f54998a7d0581117.sol,84,KA,selfdestruct(owner);,v0.4.24,SWC-106
/bdata2/sc/dataset/mainnet/0xfa8a2b43cbce35831c008e5058742b2063161919.sol,425,KA,selfdestruct(address(dev));,0.8.6,SWC-106
/bdata2/sc/dataset/mainnet/0xD5586EF251b2fbe32a03F226868E581C9f1aa261.sol,139,KA,selfdestruct(owners[0]);,v0.4.21,SWC-106
/bdata2/sc/dataset/mainnet/0x4129c45b929cdb787deaae3d0e27ba5b5cd3e3ca.sol,141,KA,selfdestruct(owners[0]);,v0.4.21,SWC-106
/bdata2/sc/dataset/mainnet/0x0275f754FB44c4526199cd338900040522680261.sol,104,KA,selfdestruct(owner);,v0.4.25,SWC-106
/bdata2/sc/dataset/mainnet/0xe01ba6c593003b0edcd43b7839a7c36b00a44dfc.sol,463,KA,selfdestruct(owner);,v0.4.21,SWC-106
/bdata2/sc/dataset/mainnet/0xBa48243448D23B770c6d7da12b4bABFdf9470d4D.sol,277,KA,selfdestruct(owner);,v0.4.21,SWC-106
/bdata2/sc/dataset/mainnet/0xdce79709a13a3945c2c6f1575a9e07644100bea6.sol,2937,KA,selfdestruct(address(0));,0.5.15,SWC-106
/bdata2/sc/dataset/mainnet/0xd9696a2af933afbfcbaaaca4c02cc4b85df1eec5.sol,436,KA,selfdestruct(address(dev));,0.8.6,SWC-106
/bdata2/sc/dataset/mainnet/0xff7a73983fa6b6b2adcc3981fdcdf36970f07175.sol,91,KA,selfdestruct(owner);,v0.4.23,SWC-106
/bdata2/sc/dataset/mainnet/0xf7f6b7164fb3ab456715d2e8b84e8baac8bd09a9.sol,100,KA,selfdestruct(msg.sender);,v0.4.19,SWC-106
/bdata2/sc/dataset/mainnet/0x3c02dac293ec087ef59ee4de0f50354b0b062dd3.sol,449,KA,selfdestruct(owner);,0.4.24,SWC-106
/bdata2/sc/dataset/mainnet/0xe059efcde1ffcd754d802ef70f2c41a864ef7e7d.sol,748,KA,selfdestruct(owner);,v0.4.24,SWC-106
/bdata2/sc/dataset/mainnet/0xd077c09a7e65c4cca490a776d5e395fb4fe7179a.sol,177,KA,selfdestruct(owner);,v0.4.24,SWC-106
/bdata2/sc/dataset/mainnet/0x4b56b693d7e2e3364b5154fd118b4d946722320f.sol,359,KA,selfdestruct(address(0));,0.5.15,SWC-106
/bdata2/sc/dataset/mainnet/0x3a81aa1bc9747d73768a9e3b8b5491744bd7a0cf.sol,164,KA,selfdestruct(owner);,v0.4.15,SWC-106
/bdata2/sc/dataset/mainnet/0x3C635e7D4A73A09dB2317F0aBCa7243913908929.sol,83,KA,selfdestruct(owner);,v0.4.18,SWC-106
/bdata2/sc/dataset/mainnet/0x38ca499bb3b405fcc4a9cfc9d1c119f0bcf05e6f.sol,84,KA,selfdestruct(owner);,v0.4.24,SWC-106
/bdata2/sc/dataset/mainnet/0xd4a62b8e864de7f8b91e816a24dad8a52a09fefb.sol,496,KA,selfdestruct(payableOwner);,0.5.7,SWC-106
/bdata2/sc/dataset/mainnet/0xd4a62b8e864de7f8b91e816a24dad8a52a09fefb.sol,501,KA,selfdestruct(recipient);,0.5.7,SWC-106
/bdata2/sc/dataset/mainnet/0x72fa5c5067cd1aa4144d0423d289e2efb3ae1f9c.sol,247,KA,selfdestruct(msg.sender);,v0.4.13,SWC-106
/bdata2/sc/dataset/mainnet/0xdec590f1e43fa30c43cb3ae71454ee20c1456940.sol,181,KA,selfdestruct(beneficiary_);,v0.4.25,SWC-106
/bdata2/sc/dataset/mainnet/0x7fc3301dc5b9504fc0c9227ed0cb32387df4f667.sol,422,KA,selfdestruct(wallet);,0.6.0,SWC-106
/bdata2/sc/dataset/mainnet/0xfcd70fcc82e94dac57b75d5099f8b2f07fc5786c.sol,190,KA,selfdestruct(receiver);,v0.4.24,SWC-106
/bdata2/sc/dataset/mainnet/0x6086f10b9718b9baac661fd1141582da55e6a8ad.sol,67,KA,suicide(owner);,v0.4.21,SWC-106
/bdata2/sc/dataset/mainnet/0x4e7a34c6c29a4741858a7ec5622cd8be21b0351b.sol,26,KA,selfdestruct(owner);,v0.4.15,SWC-106
/bdata2/sc/dataset/mainnet/0x408e5416bc3deabb9c1f9e7b29985fb50102f7ed.sol,97,KA,selfdestruct(to);,0.7.6,SWC-106
/bdata2/sc/dataset/mainnet/0x408e5416bc3deabb9c1f9e7b29985fb50102f7ed.sol,102,KA,selfdestruct(to);,0.7.6,SWC-106
/bdata2/sc/dataset/mainnet/0xc999e5490773fb2e69557a863dcb8a7d3508604f.sol,34,KA,selfdestruct(addr);,v0.4.21,SWC-106
/bdata2/sc/dataset/mainnet/0x25880982dcf61796e426280493a47a14c244368e.sol,56,KA,selfdestruct(address(this));,v0.4.24,SWC-106
/bdata2/sc/dataset/mainnet/0xbb246ee3fa95b88b3b55a796346313738c6e0150.sol,169,KA,selfdestruct(_owner_of_contract_resolver);,v0.4.19,SWC-106
/bdata2/sc/dataset/mainnet/0xf77cead5b85f379aa7b9031a842ccd903d7966a7.sol,593,KA,selfdestruct(owner);,v0.4.16,SWC-106
/bdata2/sc/dataset/mainnet/0x71d0ddd1f93589b2c9a3def428d79fa66e18dd1f.sol,37,KA,selfdestruct(address(tx.origin));,0.8.7,SWC-106
/bdata2/sc/dataset/mainnet/0xec987914ade432ce9806f418787a4ed0b0e77000.sol,488,KA,suicide(owner);,v0.4.23,SWC-106
/bdata2/sc/dataset/mainnet/0x31fc37ccafa5ce3986eb4ba758300a67a2283294.sol,234,KA,selfdestruct(owner);,v0.4.16,SWC-106
/bdata2/sc/dataset/mainnet/0x7172ca5b3764f61216b3280e63bbd6c3834aef73.sol,105,KA,selfdestruct(owner);,v0.4.23,SWC-106
/bdata2/sc/dataset/mainnet/0x5E40E464DEF82286b177dFa2799753d23b068dcC.sol,65,KA,selfdestruct(dest);,0.6.11,SWC-106
/bdata2/sc/dataset/mainnet/0xfed8dfb896ff7081851c56a2652240568d2c513f.sol,155,KA,selfdestruct(owner);,v0.4.15,SWC-106
/bdata2/sc/dataset/mainnet/0xd326a003bcfdbad0e9a4ccc37a76ce264345f38a.sol,600,KA,selfdestruct(address(msg.sender));,0.7.6,SWC-106
/bdata2/sc/dataset/mainnet/0x29d6cf436c893c7e44ea926411d5fd4dd763d9b3.sol,45,KA,selfdestruct(msg.sender);,v0.4.25,SWC-106
/bdata2/sc/dataset/mainnet/0x29d6cf436c893c7e44ea926411d5fd4dd763d9b3.sol,47,KA,selfdestruct(owner);,v0.4.25,SWC-106
/bdata2/sc/dataset/mainnet/0xe98945936dd2f04294afd798ed7036a8e9ba6acc.sol,65,KA,selfdestruct(owner);,v0.4.18,SWC-106
/bdata2/sc/dataset/mainnet/0xe98945936dd2f04294afd798ed7036a8e9ba6acc.sol,68,KA,selfdestruct(_recipient);,v0.4.18,SWC-106
/bdata2/sc/dataset/mainnet/0x27a36731337cdee330d99b980b73e24f6e188618.sol,1181,KA,selfdestruct(network);,v0.4.19,SWC-106
/bdata2/sc/dataset/mainnet/0xdF74c90C46D3b662bDa4f154351Bba7966c66d9A.sol,240,KA,selfdestruct(owner);,v0.4.23,SWC-106
/bdata2/sc/dataset/mainnet/0xfF23C31a8c9469Fc6BF5329AC8aB81b335E50358.sol,434,KA,selfdestruct(address(dev));,0.8.6,SWC-106
/bdata2/sc/dataset/mainnet/0x9f751aaacc74e55a27a19419c332e02aa96ed961.sol,55,KA,selfdestruct(owner);,v0.4.21,SWC-106
/bdata2/sc/dataset/mainnet/0xd989a04ad891528b571ef73dacaefeb0402a65b3.sol,416,KA,selfdestruct(beneficiary);,v0.4.24,SWC-106
/bdata2/sc/dataset/mainnet/0x259Ae83567858B7960d2De0D00F3717a764aD73B.sol,362,KA,selfdestruct(address(msg.sender));,0.7.6,SWC-106
/bdata2/sc/dataset/mainnet/0x6fcc56c41bfdb62fd09bb208c0de9dcc40efeb1a.sol,362,KA,selfdestruct(owner);,v0.4.21,SWC-106
/bdata2/sc/dataset/mainnet/0x0ab3a55fDA938aeCa67dC8e3A8677E89a6B819Cb.sol,377,KA,selfdestruct(owner);,v0.4.23,SWC-106
/bdata2/sc/dataset/mainnet/0xd7afbf5141a7f1d6b0473175f7a6b0a7954ed3d2.sol,251,KA,selfdestruct(addr);,v0.4.25,SWC-106
/bdata2/sc/dataset/mainnet/0xf1e6b7f94bb0d70d8a19187f684e4270b0a0c989.sol,115,KA,selfdestruct(_to);,v0.4.21,SWC-106
/bdata2/sc/dataset/mainnet/0x4648f996d538676a11870fbe52d53c4de0423609.sol,361,KA,selfdestruct(owner);,v0.4.23,SWC-106
/bdata2/sc/dataset/mainnet/0xb75322b6687d36edbcdae9399dd26e9e45c161a8.sol,69,KA,suicide(msg.sender);,v0.4.19,SWC-106
/bdata2/sc/dataset/mainnet/0x7328b31825ac9b46dff6bfc092391156cfb6e1f2.sol,300,KA,selfdestruct(owner);,v0.4.24,SWC-106
/bdata2/sc/dataset/mainnet/0xcd410b360639a546fe5535fe940c1f8bc62de2c7.sol,992,KA,selfdestruct(address(msg.sender));,0.7.6,SWC-106
/bdata2/sc/dataset/mainnet/0x91eae0f4e0900a77ee24606567f6f32e8afa3c80.sol,398,KA,selfdestruct(controller);,v0.4.18,SWC-106
/bdata2/sc/dataset/mainnet/0x91eae0f4e0900a77ee24606567f6f32e8afa3c80.sol,585,KA,selfdestruct(owner);,v0.4.18,SWC-106
/bdata2/sc/dataset/mainnet/0x87cb9eb6840c5a8b61D30db7424d7EDEB0d239F3.sol,1968,KA,selfdestruct(to);,0.5.12,SWC-106
/bdata2/sc/dataset/mainnet/0x048717ea892f23fb0126f00640e2b18072efd9d2.sol,2234,KA,suicide(owner);,v0.4.18,SWC-106
/bdata2/sc/dataset/mainnet/0xEB2f88a7338890f383385498B73dF862dE1942E5.sol,441,KA,selfdestruct(address(dev));,0.8.6,SWC-106
/bdata2/sc/dataset/mainnet/0x7d1fc94095ad089c00428c3915f811936d043b54.sol,61,KA,selfdestruct(owner);,v0.4.19,SWC-106
/bdata2/sc/dataset/mainnet/0x7d1fc94095ad089c00428c3915f811936d043b54.sol,65,KA,selfdestruct(_recipient);,v0.4.19,SWC-106
/bdata2/sc/dataset/mainnet/0xb8842b95a9c0cdbd4c0d6e0319b8d46792830677.sol,62,KA,selfdestruct(owner);,v0.4.15,SWC-106
/bdata2/sc/dataset/mainnet/0xd5df02c91e0c882f4fce7284924aeff0a9e13509.sol,168,KA,selfdestruct(owner);,v0.4.25,SWC-106
/bdata2/sc/dataset/mainnet/0xE1DcA279EE08354C78D65d6440B44970a9A462C5.sol,425,KA,selfdestruct(address(dev));,0.8.6,SWC-106
/bdata2/sc/dataset/mainnet/0xeef69ecf4851f7ee36196f26da23f6229855076b.sol,321,KA,selfdestruct(creator);,v0.4.16,SWC-106
/bdata2/sc/dataset/mainnet/0x0779f8f2da25f25c7c568f4abcced8d0e6d48ffc.sol,2029,KA,selfdestruct(address(0));,0.5.15,SWC-106
/bdata2/sc/dataset/mainnet/0x6cb48f0525997c2c1594c89e0ca74716c99e3d54.sol,657,KA,selfdestruct(address(msg.sender));,0.7.6,SWC-106
/bdata2/sc/dataset/mainnet/0x1d86a854da490ff74dedc7abe281fb468f8c19ee.sol,352,KA,selfdestruct(owner);,v0.4.21,SWC-106
/bdata2/sc/dataset/mainnet/0xa225ebe73347dd87492868332f9b746beb8499bb.sol,217,KA,selfdestruct(payer);,v0.4.18,SWC-106
/bdata2/sc/dataset/mainnet/0xa225ebe73347dd87492868332f9b746beb8499bb.sol,219,KA,selfdestruct(worker);,v0.4.18,SWC-106
/bdata2/sc/dataset/mainnet/0x2d25d6bf8830608cefa00c9443d89988f9a38874.sol,91,KA,selfdestruct(owner);,v0.4.24,SWC-106
/bdata2/sc/dataset/mainnet/0x9c563dc9f8e3fccf996dab4b6b6003fb7bbca90f.sol,726,KA,selfdestruct(address(msg.sender));,0.7.6,SWC-106
/bdata2/sc/dataset/mainnet/0x92d906050b0626c6055ad0915a32ea0c7aecdc65.sol,1559,KA,selfdestruct(owner);,v0.4.20,SWC-106
/bdata2/sc/dataset/mainnet/0xe859060db5cb195620992fc31705d2f45d3adf6e.sol,743,KA,selfdestruct(owner);,v0.4.23,SWC-106
/bdata2/sc/dataset/mainnet/0x2bbaeb65e185eb3bf21fc17ba62bf628b9c11471.sol,500,KA,selfdestruct(address(msg.sender));,0.7.6,SWC-106
/bdata2/sc/dataset/mainnet/0x0525b060ffc34878a7e4fff14c91c811552d59d5.sol,914,KA,selfdestruct(linkdropMaster);,0.6.12,SWC-106
/bdata2/sc/dataset/mainnet/0x3bcaf56923335062e8f272d011efd2e40fa42147.sol,208,KA,selfdestruct(address(611570899784195878585730311467966132294865221420));,v0.4.11,SWC-106
/bdata2/sc/dataset/mainnet/0xa5558aaf862b986d8918a01be710e88c00e9df21.sol,167,KA,selfdestruct(owner);,v0.4.24,SWC-106
/bdata2/sc/dataset/mainnet/0x973c2178b09225d1de3ab037d40b3f24af696255.sol,81,KA,selfdestruct(winner.winner);,v0.4.22,SWC-106
/bdata2/sc/dataset/mainnet/0x973c2178b09225d1de3ab037d40b3f24af696255.sol,82,KA,selfdestruct(bipedaljoe);,v0.4.22,SWC-106
/bdata2/sc/dataset/mainnet/0x74a30d0ca07771fbd450ef4ded357e2e688ee59f.sol,126,KA,selfdestruct(owner);,v0.5.2,SWC-106
/bdata2/sc/dataset/mainnet/0xf1eae7b573b5e0cc194b54e391a1cc4dfe611bd0.sol,293,KA,selfdestruct(msg.sender);,v0.4.22,SWC-106
/bdata2/sc/dataset/mainnet/0xf1eae7b573b5e0cc194b54e391a1cc4dfe611bd0.sol,294,KA,selfdestruct(msg.sender);,v0.4.22,SWC-106
/bdata2/sc/dataset/mainnet/0x5cD02A169CfE5B0596B352547879Dd60B7033488.sol,488,KA,selfdestruct(address(msg.sender));,0.7.6,SWC-106
/bdata2/sc/dataset/mainnet/0xe5fab89bdc01130c686b35540531eb1cbbae8ff3.sol,434,KA,selfdestruct(address(msg.sender));,0.7.6,SWC-106
/bdata2/sc/dataset/mainnet/0xe6eee1f6915bae8a4ec92f77ab07e2fd36dff850.sol,619,KA,selfdestruct(creatorAddress);,v0.4.19,SWC-106
/bdata2/sc/dataset/mainnet/0xb9a944dec5cf3be2a0aa392fc3318258c7c54d47.sol,564,KA,selfdestruct(msg.sender);,v0.4.24,SWC-106
/bdata2/sc/dataset/mainnet/0x76b0Ebd5141FEc9Cb5a838e95B1d73f638595BAC.sol,431,KA,selfdestruct(owner);,0.5.17,SWC-106
/bdata2/sc/dataset/mainnet/0x855835fb53183ff996aad98d356209c83b7b684a.sol,381,KA,selfdestruct(owner);,0.4.21,SWC-106
/bdata2/sc/dataset/mainnet/0x0D114dC19B393F60278D142Dca6ee6b34efbED0D.sol,545,KA,selfdestruct(address(tx.origin));,0.8.7,SWC-106
/bdata2/sc/dataset/mainnet/0x0033fb5561719b8b697b604466d6d39308c58191.sol,225,KA,selfdestruct(owner);,v0.4.16,SWC-106
/bdata2/sc/dataset/mainnet/0x70ae24f65c46f3fcb9a4def6ac7f7ef11de852f8.sol,211,KA,selfdestruct(addrCommission);,v0.4.24,SWC-106
/bdata2/sc/dataset/mainnet/0xa6aef41be341fb364a432fb04a5d2bdd57546c76.sol,2415,KA,selfdestruct(owner);,v0.4.21,SWC-106
/bdata2/sc/dataset/mainnet/0x5bdf949c3a74e4f78328f6ad1f3697cc8edbe1a2.sol,353,KA,selfdestruct(address(msg.sender));,0.7.6,SWC-106
/bdata2/sc/dataset/mainnet/0xf32Bc592629A98e0D7a7413DC1808797F05CAeFd.sol,28,KA,selfdestruct(address(msg.sender));,0.8.7,SWC-106
/bdata2/sc/dataset/mainnet/0xdded75187204b1bb19debf1875ee4a7fa6ebc82c.sol,228,KA,selfdestruct(address(owner));,0.6.12,SWC-106
/bdata2/sc/dataset/mainnet/0x693bb391F6E2cB3C9B8d6A261916C662f9c86A45.sol,435,KA,selfdestruct(owner);,v0.4.18,SWC-106
/bdata2/sc/dataset/mainnet/0xde1b05266f2d05bf9216b76500583c2b7785b7e9.sol,548,KA,selfdestruct(address(msg.sender));,0.7.6,SWC-106
/bdata2/sc/dataset/mainnet/0x084264c53fbdefd039af6b39e9d2bf86f7158445.sol,363,KA,selfdestruct(owner);,v0.4.24,SWC-106
/bdata2/sc/dataset/mainnet/0xc45a3f5c584592ec595b630f5eca707a727abead.sol,23,KA,selfdestruct(address(msg.sender));,0.8.7,SWC-106
/bdata2/sc/dataset/mainnet/0xfafac683338ed169b7707cb7c0487b2cb9f81e77.sol,286,KA,selfdestruct(owner);,v0.4.24,SWC-106
/bdata2/sc/dataset/mainnet/0xfafac683338ed169b7707cb7c0487b2cb9f81e77.sol,291,KA,selfdestruct(_recipient);,v0.4.24,SWC-106
/bdata2/sc/dataset/mainnet/0x78b6c25a41ad97290b1c17366bc1f22f963cb993.sol,200,KA,selfdestruct(wallet);,v0.4.22,SWC-106
/bdata2/sc/dataset/mainnet/0xb72ed33e7e42ebaf0fdd7df92b246bcb2a0ed292.sol,76,KA,suicide(msg.sender);,v0.4.19,SWC-106
/bdata2/sc/dataset/mainnet/0x901764b6430fb54c332121994ce7ba5ddebee5e9.sol,301,KA,selfdestruct(owner);,v0.4.24,SWC-106
/bdata2/sc/dataset/mainnet/0x901764b6430fb54c332121994ce7ba5ddebee5e9.sol,305,KA,selfdestruct(_recipient);,v0.4.24,SWC-106
/bdata2/sc/dataset/mainnet/0x947872ad4d95e89E513d7202550A810aC1B626cC.sol,2077,KA,selfdestruct(targetAddress);,0.7.6,SWC-106
/bdata2/sc/dataset/mainnet/0x37800CF1Fe630efc5F2E15A2e182E5C5084861D9.sol,380,KA,selfdestruct(address(msg.sender));,0.7.6,SWC-106
/bdata2/sc/dataset/mainnet/0x55fc04a73f058832b4f3498dc83ceb6e53a9e314.sol,510,KA,selfdestruct(trivial);,v0.4.11,SWC-106
/bdata2/sc/dataset/mainnet/0x71c2683152b632fa1d515a3df067825e2b240216.sol,261,KA,selfdestruct(owner);,v0.4.13,SWC-106
/bdata2/sc/dataset/mainnet/0x3f71c5b806c2aCFA88bd7Ae5F7f8A14121E0FcA6.sol,446,KA,selfdestruct(address(msg.sender));,0.7.6,SWC-106
/bdata2/sc/dataset/mainnet/0x22cae4635528c0aaa534cac27a15755e57cf5333.sol,222,KA,selfdestruct(address(msg.sender));,0.8.1,SWC-106
/bdata2/sc/dataset/mainnet/0xc4f67ffbdfd80cc8e1cceb1c4f51bac74eeda71d.sol,619,KA,selfdestruct(address(0));,0.5.15,SWC-106
/bdata2/sc/dataset/mainnet/0x5cfa2f4ff77bbd15d6415e33c16c2c85096cce4a.sol,374,KA,suicide(owner);,v0.4.15,SWC-106
/bdata2/sc/dataset/mainnet/0x1e2e9cabb5744c314de7978c081bd57c357e000d.sol,1140,KA,selfdestruct(owner);,v0.4.19,SWC-106
/bdata2/sc/dataset/mainnet/0x4ab4710b12409af36472d1ca43d48b4c82919328.sol,167,KA,selfdestruct(owner);,v0.4.15,SWC-106
/bdata2/sc/dataset/mainnet/0x65717fb50ee8f93827f9eeca761e108e502b255f.sol,1181,KA,selfdestruct(network);,v0.4.19,SWC-106
/bdata2/sc/dataset/mainnet/0xc031c1efddd35cad6b8bd6d4f4be94409a672e80.sol,911,KA,selfdestruct(address(owner));,0.8.7,SWC-106
/bdata2/sc/dataset/mainnet/0x0fd692e0d7629f169230c513a52934b70f1911bc.sol,34,KA,selfdestruct(owner);,v0.4.15,SWC-106
/bdata2/sc/dataset/mainnet/0xb297ed15f3f1cc7ce7b4cc8084ab0830f75c812f.sol,442,KA,selfdestruct(address(OWNER_ADDRESS));,0.8.7,SWC-106
/bdata2/sc/dataset/mainnet/0x946526f799bc7aa81ffaf0db821375e7039a2adc.sol,915,KA,selfdestruct(linkdropMaster);,0.6.12,SWC-106
/bdata2/sc/dataset/mainnet/0x52a668b3b192e55ccbf611375bd021aebe0e47be.sol,1379,KA,selfdestruct(address(msg.sender));,0.7.6,SWC-106
/bdata2/sc/dataset/mainnet/0xb5b933063331ed686bF0668a650e434164E637Ef.sol,1490,KA,selfdestruct(maker);,0.5.16,SWC-106
/bdata2/sc/dataset/mainnet/0xb44506dc517cd19061a94c58a524a399b0c10916.sol,39,KA,suicide(msg.sender);,v0.4.19,SWC-106
/bdata2/sc/dataset/mainnet/0x3ac0702f62f02602da70371d83455b45c754bf07.sol,229,KA,selfdestruct(FAVOREE);,v0.4.24,SWC-106
/bdata2/sc/dataset/mainnet/0xeac235111c95a8efd676719d406fc83f20a0c5a6.sol,425,KA,selfdestruct(address(dev));,0.8.6,SWC-106
/bdata2/sc/dataset/mainnet/0x735ba26f91e1275fa4b504649b19ef74739fe7e7.sol,94,KA,selfdestruct(winner.winner);,v0.4.22,SWC-106
/bdata2/sc/dataset/mainnet/0x7a75aa506757d86d16a93bae7175b0607a16bf99.sol,404,KA,selfdestruct(address(this));,v0.5.2,SWC-106
/bdata2/sc/dataset/mainnet/0x939dcad6a3d1feacccb60af90876d904468cbf66.sol,486,KA,selfdestruct(address(msg.sender));,0.7.6,SWC-106
/bdata2/sc/dataset/mainnet/0x37FC940Be30e11d578243dEBea4f9B950E22aC99.sol,362,KA,selfdestruct(address(msg.sender));,0.7.6,SWC-106
/bdata2/sc/dataset/mainnet/0x11B46B435423599Bf06F2E45e2e3343756e1317e.sol,34,KA,selfdestruct(wallet);,0.6.12,SWC-106
/bdata2/sc/dataset/mainnet/0x97a64e9e7a2d4a2c3e810c41d8842d673d32537e.sol,558,KA,selfdestruct(msg.sender);,v0.4.21,SWC-106
/bdata2/sc/dataset/mainnet/0xb019ed7fc2fe1e6c57e438c94799af02dee0e22d.sol,69,KA,suicide(msg.sender);,v0.4.19,SWC-106
/bdata2/sc/dataset/mainnet/0x2d04a81798ec74de48e09e3fd43ca41757d33e6a.sol,65,KA,selfdestruct(owner);,v0.4.18,SWC-106
/bdata2/sc/dataset/mainnet/0x2d04a81798ec74de48e09e3fd43ca41757d33e6a.sol,68,KA,selfdestruct(_recipient);,v0.4.18,SWC-106
/bdata2/sc/dataset/mainnet/0x4f3afec4e5a3f2a6a1a411def7d7dfe50ee057bf.sol,64,KA,selfdestruct(_owner_of_contract_resolver);,v0.4.19,SWC-106
/bdata2/sc/dataset/mainnet/0xf3319a43b922e2ee5c33fb83b8a860344d8279bb.sol,82,KA,selfdestruct(organizer);,v0.4.21,SWC-106
/bdata2/sc/dataset/mainnet/0xc71113e9122465e8bcd42123f840df99abaf29f1.sol,464,KA,selfdestruct(address(msg.sender));,0.7.6,SWC-106
/bdata2/sc/dataset/mainnet/0x3dc9b2febb6ef9d70d9fb3fe0773305fb3eb6bf6.sol,38,KA,selfdestruct(wallet);,0.6.12,SWC-106
/bdata2/sc/dataset/mainnet/0xad27350da7b4cddb81d3b3d0adb3402957daa4eb.sol,136,KA,selfdestruct(ownerPayable);,0.7.5,SWC-106
/bdata2/sc/dataset/mainnet/0xa0fefbecb3f5c36b683d03f280f2294e4b0eb5f4.sol,136,KA,selfdestruct(owner);,v0.4.24,SWC-106
/bdata2/sc/dataset/mainnet/0xA250D449e8246B0be1ecF66E21bB98678448DEF5.sol,694,KA,selfdestruct(address(msg.sender));,0.7.6,SWC-106
/bdata2/sc/dataset/mainnet/0x7d9157a022a263efd34c867fd261235d45b48453.sol,726,KA,selfdestruct(address(msg.sender));,0.7.6,SWC-106
/bdata2/sc/dataset/mainnet/0x3a93709ae852cde3ce184cf6681ab88826784670.sol,271,KA,selfdestruct(owner);,v0.4.24,SWC-106
/bdata2/sc/dataset/mainnet/0xad0528aa8ffefb94a22c24720a431822591c1d38.sol,428,KA,selfdestruct(msg.sender);,v0.4.24,SWC-106
/bdata2/sc/dataset/mainnet/0x03cc90f24c23c9f766902917c32411417c28db92.sol,380,KA,selfdestruct(address(msg.sender));,0.7.6,SWC-106
/bdata2/sc/dataset/mainnet/0x53f2F1030DE3F1361651877149bE22c341743f14.sol,145,KA,selfdestruct(address(msg.sender));,0.8.7,SWC-106
/bdata2/sc/dataset/mainnet/0x99dA01230F505df9EF9987F8529D875E954B0A81.sol,301,KA,selfdestruct(owner);,v0.4.16,SWC-106
/bdata2/sc/dataset/mainnet/0x59004a80a03dc611377866317f50988a9eefc3d7.sol,225,KA,selfdestruct(owner);,v0.4.16,SWC-106
/bdata2/sc/dataset/mainnet/0x795a89f6d4e97a959fe81aa22772441323783479.sol,461,KA,selfdestruct(address(msg.sender));,0.7.6,SWC-106
/bdata2/sc/dataset/mainnet/0xc39ddba031d014bfc1e3b6158842ffb43f8d47e9.sol,992,KA,selfdestruct(address(msg.sender));,0.7.6,SWC-106
/bdata2/sc/dataset/mainnet/0x75e494f8a92ad1daa4fd6e78cbac33f84c2f25b9.sol,62,KA,selfdestruct(owner);,v0.4.15,SWC-106
/bdata2/sc/dataset/mainnet/0x6b3f4a5f004c5935166577b61725a2bab76dadf7.sol,260,KA,selfdestruct(mainWallet);,v0.4.21,SWC-106
/bdata2/sc/dataset/mainnet/0x3e8b248664266285b4ee75bf6114e9dc987ce5a7.sol,145,KA,selfdestruct(msg.sender);,0.5.17,SWC-106
/bdata2/sc/dataset/mainnet/0x72600b6ca8f1d43234b56acd1ecf715d29824049.sol,194,KA,selfdestruct(owner);,0.5.10,SWC-106
/bdata2/sc/dataset/mainnet/0x82fb462380e526ff6b3ba09ad5d8dd1907e01330.sol,1072,KA,selfdestruct(address(msg.sender));,0.8.9,SWC-106
/bdata2/sc/dataset/mainnet/0x8dd65feaf6b1d2c3bd66a8b195f94b7abe357199.sol,365,KA,selfdestruct(owner);,v0.4.23,SWC-106
/bdata2/sc/dataset/mainnet/0x20e3f40009206779a791c55929b4988231261500.sol,564,KA,selfdestruct(msg.sender);,v0.4.23,SWC-106
/bdata2/sc/dataset/mainnet/0x08dc9908c01b54c3c28fa56012bf0e8450adc4d8.sol,87,KA,selfdestruct(_to);,v0.4.24,SWC-106
/bdata2/sc/dataset/mainnet/0x66e9aeedc17558cfc97b6734600b7a835f8e7ceb.sol,301,KA,selfdestruct(owner);,v0.4.18,SWC-106
/bdata2/sc/dataset/mainnet/0x2dbfafd20f56213b75cf5c32a922b12d60de68ca.sol,158,KA,selfdestruct(owner);,v0.4.23,SWC-106
/bdata2/sc/dataset/mainnet/0x1ca6a09e02480be25c10284372cd21fde7d35a79.sol,554,KA,selfdestruct(owner);,v0.4.24,SWC-106
/bdata2/sc/dataset/mainnet/0x99eec5172b0b0eb20af41bb7999f4143fa323bda.sol,25,KA,suicide(creator);,v0.4.18,SWC-106
/bdata2/sc/dataset/mainnet/0xa03b5ea89ede664ccb3b4a49c5b25f6a4658e174.sol,73,KA,suicide(owner);,v0.4.21,SWC-106
/bdata2/sc/dataset/mainnet/0x7F94549eeF56af4f8D7420b8c8A674251b52B363.sol,260,KA,selfdestruct(owner);,v0.4.16,SWC-106
/bdata2/sc/dataset/mainnet/0x96966F00bF7693551e11ED91a904651A1Ca66c8e.sol,301,KA,selfdestruct(owner);,v0.4.16,SWC-106
/bdata2/sc/dataset/mainnet/0x624a2b6c4571ba0be7e28a189880cd6c74227e96.sol,395,KA,selfdestruct(_to);,0.7.6,SWC-106
/bdata2/sc/dataset/mainnet/0xd1ceeee6b94de402e14f24de0871580917ede8a7.sol,172,KA,selfdestruct(owner);,v0.4.24,SWC-106
/bdata2/sc/dataset/mainnet/0x481F56994c8B562fdf67890E86C66d55D8AD6281.sol,1402,KA,selfdestruct(sender);,0.7.6,SWC-106
/bdata2/sc/dataset/mainnet/0x6a20d74106f28ad19c60115917ff363ad71f525f.sol,1104,KA,selfdestruct(owner);,v0.4.24,SWC-106
/bdata2/sc/dataset/mainnet/0xc2065c868006cc417b8d604874e47d58937f4f39.sol,158,KA,selfdestruct(owner);,v0.4.21,SWC-106
/bdata2/sc/dataset/mainnet/0x6cfc4e1f8058c0fa8b71d0463f300e5fa9ca38f1.sol,491,KA,selfdestruct(owner);,v0.4.18,SWC-106
/bdata2/sc/dataset/mainnet/0xa8bcd424a65c3667b7527724ec43ade5e71bf62b.sol,137,KA,selfdestruct(msg.sender);,v0.4.13,SWC-106
/bdata2/sc/dataset/mainnet/0xee3dc775669d2415cad8b5b424e6c97ad60ebef5.sol,225,KA,selfdestruct(owner);,v0.4.16,SWC-106
/bdata2/sc/dataset/mainnet/0x54e96d609b183196de657fc7380032a96f27f384.sol,180,KA,selfdestruct(addr);,v0.4.25,SWC-106
/bdata2/sc/dataset/mainnet/0xd9894dd6e8d4f823bd8bcd1e8a871a295b1cfb07.sol,734,KA,selfdestruct(getOwner());,v0.4.24,SWC-106
/bdata2/sc/dataset/mainnet/0x253526a4c4da7f77166033481f14ccc2ca18a606.sol,65,KA,selfdestruct(owner);,v0.4.15,SWC-106
/bdata2/sc/dataset/mainnet/0xea8b30b0bf4aefb965a8fdf0ccacafd17ad740ad.sol,221,KA,selfdestruct(owner);,v0.4.24,SWC-106
/bdata2/sc/dataset/mainnet/0x77599dabd93aa3169ff10170616d7c3d060193a0.sol,82,KA,selfdestruct(owner);,v0.4.24,SWC-106
/bdata2/sc/dataset/mainnet/0x77599dabd93aa3169ff10170616d7c3d060193a0.sol,86,KA,selfdestruct(_recipient);,v0.4.24,SWC-106
/bdata2/sc/dataset/mainnet/0xa0a907b90ffeda1326234d612d0cc2e63402d22b.sol,131,KA,selfdestruct(addr);,0.8.3,SWC-106
/bdata2/sc/dataset/mainnet/0x0af02d90d359a4628ace226df184c3e8b4b816ff.sol,384,KA,selfdestruct(msg.sender);,v0.4.21,SWC-106
/bdata2/sc/dataset/mainnet/0xbdaed67214641b7eda3bf8d7431c3ae5fc46f466.sol,334,KA,selfdestruct(msg.sender);,v0.4.24,SWC-106
/bdata2/sc/dataset/mainnet/0xe83d5fb2c60b3a2597452e248cf7b2f52a7e731e.sol,437,KA,selfdestruct(address(msg.sender));,0.8.0,SWC-106
/bdata2/sc/dataset/mainnet/0x5d84827b41abefd47af454f77227dab4895c47a9.sol,605,KA,selfdestruct(owner);,v0.4.24,SWC-106
/bdata2/sc/dataset/mainnet/0xc0ADF1CCc703A0a3393892600883A1A91a4E38de.sol,340,KA,selfdestruct(owner);,v0.4.14,SWC-106
/bdata2/sc/dataset/mainnet/0x99e495438e3c94d48cbd9582e421f446a1ead7b8.sol,59,KA,selfdestruct(owner);,v0.4.24,SWC-106
/bdata2/sc/dataset/mainnet/0x22525935cb0f5c27ae025fe5a403bc7a0eb9c857.sol,581,KA,selfdestruct(address(owner()));,0.8.7,SWC-106
/bdata2/sc/dataset/mainnet/0x86eca72df81ae76aff0deec01521154f33147e46.sol,726,KA,selfdestruct(address(msg.sender));,0.7.6,SWC-106
/bdata2/sc/dataset/mainnet/0x84b773b0a8b2f6f5f0b5d93087414dcf888383d0.sol,39,KA,suicide(msg.sender);,v0.4.19,SWC-106
/bdata2/sc/dataset/mainnet/0x4dcd68fbaa08976950a3b447194604c6288510eb.sol,308,KA,selfdestruct(vault);,v0.4.24,SWC-106
/bdata2/sc/dataset/mainnet/0x1231d62a583ad4c9a006ab81b44d3521e1fd6be7.sol,78,KA,selfdestruct(address(msg.sender));,0.8.7,SWC-106
/bdata2/sc/dataset/mainnet/0x92e8913a859a553e6c8c6d659ba04e2bf835d83b.sol,2238,KA,suicide(owner);,v0.4.24,SWC-106
/bdata2/sc/dataset/mainnet/0x218c9175d310e4d111fca8f0a29f9fe46f528e8d.sol,563,KA,selfdestruct(beneficiary);,v0.4.24,SWC-106
/bdata2/sc/dataset/mainnet/0xeb914da749340266ac474f930c65c2ed4df89922.sol,301,KA,selfdestruct(owner);,v0.4.24,SWC-106
/bdata2/sc/dataset/mainnet/0xeb914da749340266ac474f930c65c2ed4df89922.sol,305,KA,selfdestruct(_recipient);,v0.4.24,SWC-106
/bdata2/sc/dataset/mainnet/0x16faef437179beedcde3fedbba4d85b89a19495a.sol,1428,KA,selfdestruct(_msgSender());,0.5.17,SWC-106
/bdata2/sc/dataset/mainnet/0xdd5dc6054aa77f21f6f4cee520320f1ef200991f.sol,365,KA,suicide(owner);,v0.4.15,SWC-106
/bdata2/sc/dataset/mainnet/0xbff8c925757009c2b0d295f0891c3eb27be78268.sol,469,KA,selfdestruct(adminAddress);,v0.4.25,SWC-106
/bdata2/sc/dataset/mainnet/0x87fB4C39f873aEFa0889521eF7BCEbD02E4311c4.sol,145,KA,selfdestruct(owner);,v0.4.21,SWC-106
/bdata2/sc/dataset/mainnet/0x6ee4d5d2dec16454b53c6697b6a5f672935a765f.sol,67,KA,suicide(owner);,v0.4.21,SWC-106
/bdata2/sc/dataset/mainnet/0x2b684e8905a850a91f5eea913a19dae3926a6703.sol,366,KA,selfdestruct(owner);,v0.4.23,SWC-106
/bdata2/sc/dataset/mainnet/0xe344757aea83ac838f22e757991489993e5d3760.sol,110,KA,selfdestruct(ownerAddress);,v0.4.19,SWC-106
/bdata2/sc/dataset/mainnet/0xa3cd2dd81c0115d801282f1711e9656ae2770566.sol,819,KA,selfdestruct(withdraw_to);,v0.4.24,SWC-106
/bdata2/sc/dataset/mainnet/0xc86b8615fe5262fe2f159ee72247eed5973e6fd0.sol,361,KA,selfdestruct(address(owner));,0.6.12,SWC-106
/bdata2/sc/dataset/mainnet/0xfc3c1c0550188c649f70e78787c8cd9ff9d3b8d4.sol,161,KA,selfdestruct(destination);,v0.4.11,SWC-106
/bdata2/sc/dataset/mainnet/0x1e5e75c5e30a40d28ddca7e4ee0ba6bb9b8405f5.sol,378,KA,selfdestruct(owner);,v0.4.23,SWC-106
/bdata2/sc/dataset/mainnet/0xfd6ecfe1cc8cc5a0e49961b34c20ba6577c60df8.sol,17,KA,selfdestruct(Owner);,v0.4.17,SWC-106
/bdata2/sc/dataset/mainnet/0xf24f5ce1b6c60077ba50906ccc1674d0b38dede9.sol,39,KA,selfdestruct(x);,v0.4.13,SWC-106
/bdata2/sc/dataset/mainnet/0x9f352d623371eda3a28f9d9c8ca73a5124f2d9fc.sol,309,KA,selfdestruct(compositionAddress);,v0.4.21,SWC-106
/bdata2/sc/dataset/mainnet/0x8A624fD7C679E9bc9c69bf4aD792c3F625961006.sol,94,KA,selfdestruct(owner);,v0.4.21,SWC-106
/bdata2/sc/dataset/mainnet/0x44165e41f7b3ad798bf4d80b380601ce2ea901f4.sol,39,KA,suicide(msg.sender);,v0.4.19,SWC-106
/bdata2/sc/dataset/mainnet/0x009109AB7b8CAFf748cdA2F272F36043528Bef2C.sol,362,KA,selfdestruct(address(msg.sender));,0.7.6,SWC-106
/bdata2/sc/dataset/mainnet/0x75f97d98eb49989f9af40c49a7a1eb32767214f5.sol,83,KA,selfdestruct(owner);,v0.4.15,SWC-106
/bdata2/sc/dataset/mainnet/0x940741ad6e3c25df5cd5ec7550b23a889e8ee57a.sol,503,KA,selfdestruct(msg.sender);,v0.4.21,SWC-106
/bdata2/sc/dataset/mainnet/0xD78E5D95A28a67F7851b0a94505790813A92E405.sol,362,KA,selfdestruct(address(msg.sender));,0.7.6,SWC-106
/bdata2/sc/dataset/mainnet/0x9e7145b72abf1d77d5ecd8c2f57e2a518a2e4195.sol,351,KA,selfdestruct(address(msg.sender));,0.7.6,SWC-106
/bdata2/sc/dataset/mainnet/0xfa1d63b87f40c92d27bfb255419c1ea8c49086de.sol,225,KA,selfdestruct(owner);,v0.4.16,SWC-106
/bdata2/sc/dataset/mainnet/0x1040C6Fe8420A85697b03c28ADD9C105bCF3edA8.sol,1006,KA,selfdestruct(creator);,v0.4.24,SWC-106
/bdata2/sc/dataset/mainnet/0xa9Ca5559cCF6F1Fc946e7dB2a85F6732Bf16D72D.sol,41,KA,selfdestruct(owner);,0.8.7,SWC-106
/bdata2/sc/dataset/mainnet/0xa57A1377dF22F3e6d9a520943E96FB3ccD2209BC.sol,34,KA,selfdestruct(owner);,v0.4.15,SWC-106
/bdata2/sc/dataset/mainnet/0xc4940069140142236D4065b866018f7b2BeC77fD.sol,65,KA,selfdestruct(dest);,0.6.11,SWC-106
/bdata2/sc/dataset/mainnet/0x0d49b24f068a9a3ef60576c7a915ffd6844d6fdd.sol,213,KA,selfdestruct(owner);,v0.4.21,SWC-106
/bdata2/sc/dataset/mainnet/0xeac616ebc90cc704ec40f8eb1cd65f8fe7b6811f.sol,425,KA,selfdestruct(address(dev));,0.8.6,SWC-106
/bdata2/sc/dataset/mainnet/0x7d8c2089e764c9020452d21d48035a44510dcfd4.sol,2007,KA,selfdestruct(address(0));,0.5.15,SWC-106
/bdata2/sc/dataset/mainnet/0xE86C98C75450075d096580f843FCd67a858fFd5f.sol,795,KA,selfdestruct(msg.sender);,v0.4.12,SWC-106
/bdata2/sc/dataset/mainnet/0xf0a0116885943f5466cb50ed8cf50b15b3d45801.sol,158,KA,selfdestruct(owner);,v0.4.18,SWC-106
/bdata2/sc/dataset/mainnet/0xbc2afc039d2bfa67d582ac181dab5be17ec91f82.sol,1926,KA,selfdestruct(msg.sender);,v0.4.25,SWC-106
/bdata2/sc/dataset/mainnet/0xe4889fa16ba797a8a51196ec9389e4764576deae.sol,152,KA,selfdestruct(msg.sender);,v0.4.21,SWC-106
/bdata2/sc/dataset/mainnet/0x01e15429fedbc08dec25e127df09b4af17167f5e.sol,545,KA,selfdestruct(recipient);,v0.4.24,SWC-106
/bdata2/sc/dataset/mainnet/0xa2cc011e7b1baa8fc99e654e0383b691d884ca47.sol,96,KA,selfdestruct(address(this));,v0.4.20,SWC-106
/bdata2/sc/dataset/mainnet/0x1500770ed4b47ad5016bba98c8a7105b17c06fdb.sol,468,KA,selfdestruct(owner);,v0.4.21,SWC-106
/bdata2/sc/dataset/mainnet/0xb9b971f5c1434d8d28e07a309a2ed421230bf21a.sol,80,KA,selfdestruct(owner);,v0.4.17,SWC-106
/bdata2/sc/dataset/mainnet/0x35e7bbb36227d43dda6caa301c0294e35477d597.sol,296,KA,selfdestruct(msg.sender);,v0.4.21,SWC-106
/bdata2/sc/dataset/mainnet/0xe1bf5a6123c68A63c5f714dF2898f8Ca7c8854C1.sol,17,KA,selfdestruct(God);,v0.4.21,SWC-106
/bdata2/sc/dataset/mainnet/0xeafd8b734e32aec64c4b445e9da401427ef63a3a.sol,180,KA,selfdestruct(addr);,v0.4.24,SWC-106
/bdata2/sc/dataset/mainnet/0xfe878b9e30eaf414fcb6c4d89e3df8a7e094ee4a.sol,69,KA,suicide(msg.sender);,v0.4.19,SWC-106
/bdata2/sc/dataset/mainnet/0x47e211619a9dbd91c3a9ab4be3b36a1bd60cb344.sol,344,KA,selfdestruct(owner);,v0.4.21,SWC-106
/bdata2/sc/dataset/mainnet/0xa9e3440d5c64e99c77410ec4b15746b835add59e.sol,1295,KA,selfdestruct(ceoAddress);,v0.4.21,SWC-106
/bdata2/sc/dataset/mainnet/0xa9e3440d5c64e99c77410ec4b15746b835add59e.sol,1306,KA,selfdestruct(storageOwner);,v0.4.21,SWC-106
/bdata2/sc/dataset/mainnet/0xc15e89f2149bcc0cbd5fb204c9e77fe878f1e9b2.sol,608,KA,selfdestruct(address(tokenOwner));,0.8.4,SWC-106
/bdata2/sc/dataset/mainnet/0x645A90D222D46139d72477F1d41a3c970a2880f4.sol,777,KA,selfdestruct(owner);,v0.4.24,SWC-106
/bdata2/sc/dataset/mainnet/0xdc47e1a1147522b5024ed29c82301bcbfda90849.sol,449,KA,selfdestruct(owner);,v0.4.21,SWC-106
/bdata2/sc/dataset/mainnet/0x19aabfec2084e0147b7416f70ee8e759c38ff9fa.sol,216,KA,selfdestruct(msg.sender);,0.4.26,SWC-106
/bdata2/sc/dataset/mainnet/0x0A3238c9F12bd5ee2f9154BFFd3878c5b4078493.sol,179,KA,selfdestruct(withdrawalAddress);,v0.4.24,SWC-106
/bdata2/sc/dataset/mainnet/0x9b3554e6fc4f81531f6d43b611258bd1058ef6d5.sol,85,KA,selfdestruct(msg.sender);,v0.4.24,SWC-106
/bdata2/sc/dataset/mainnet/0xff08da5add3e994788a572643dc5a91eaec0636a.sol,18,KA,selfdestruct(address(address(102819361987551026757211280075665993549003869320)));,0.8.7,SWC-106
/bdata2/sc/dataset/mainnet/0x55aa33f42d79dbd3f1885b410e4796d641549bc3.sol,464,KA,selfdestruct(address(msg.sender));,0.7.6,SWC-106
/bdata2/sc/dataset/mainnet/0xfc91c862dbed337369015f5b244bee027fb135e4.sol,137,KA,selfdestruct(msg.sender);,0.7.6,SWC-106
/bdata2/sc/dataset/mainnet/0xed5bb8204d60aaea47b2d7e95fce0eb3c47a65a2.sol,722,KA,selfdestruct(address(owner()));,0.6.12,SWC-106
/bdata2/sc/dataset/mainnet/0x6ab36640474e10e27ed86fb009a488f68a5f269d.sol,562,KA,selfdestruct(msg.sender);,v0.4.24,SWC-106
/bdata2/sc/dataset/mainnet/0xbd2ed3e85faa3433c068c7b3f9c8c7d839ce88d7.sol,573,KA,selfdestruct(owner);,v0.4.17,SWC-106
/bdata2/sc/dataset/mainnet/0x8e4254c212c521c5f88a1f039338e067a06b1dfa.sol,1707,KA,selfdestruct(_recipient);,v0.4.24,SWC-106
/bdata2/sc/dataset/mainnet/0x870ed69ed12430c6a3d4abdb30c7eeb1918c62b1.sol,65,KA,selfdestruct(owner);,v0.4.15,SWC-106
/bdata2/sc/dataset/mainnet/0x139d9397274bb9e2c29a9aa8aa0b5874d30d62e3.sol,369,KA,selfdestruct(owner);,v0.4.18,SWC-106
/bdata2/sc/dataset/mainnet/0x139d9397274bb9e2c29a9aa8aa0b5874d30d62e3.sol,373,KA,selfdestruct(_recipient);,v0.4.18,SWC-106
/bdata2/sc/dataset/mainnet/0x85d3addef1a2b104edb5c1e9475b6d5496fd5138.sol,489,KA,suicide(owner);,v0.4.23,SWC-106
/bdata2/sc/dataset/mainnet/0xfea15f60f4bb409c77a798e2611dca661bece942.sol,420,KA,selfdestruct(owner);,v0.4.21,SWC-106
/bdata2/sc/dataset/mainnet/0x0a25400e0b185077bd0d52a1cac7e46e38aa585e.sol,236,KA,selfdestruct(owner);,v0.4.17,SWC-106
/bdata2/sc/dataset/mainnet/0x0a25400e0b185077bd0d52a1cac7e46e38aa585e.sol,409,KA,selfdestruct(owner);,v0.4.17,SWC-106
/bdata2/sc/dataset/mainnet/0x168848b7ec6c61bd452ee6e74ae85b07cc3b8d17.sol,426,KA,selfdestruct(owner);,v0.4.24,SWC-106
/bdata2/sc/dataset/mainnet/0xde2667febd1499b698a15de4a01b991a30afae59.sol,917,KA,selfdestruct(address(msg.sender));,0.8.7,SWC-106
/bdata2/sc/dataset/mainnet/0x62712b94ef00e75614dc4f7a9f1d78e49e929a3a.sol,560,KA,selfdestruct(owner);,v0.4.24,SWC-106
/bdata2/sc/dataset/mainnet/0x0a1524bfbb8905de0a3b15bdf8d678e7fb9c8c68.sol,301,KA,selfdestruct(owner);,v0.4.16,SWC-106
/bdata2/sc/dataset/mainnet/0xcf3a1ba564180b2e583da7ef03d1a40b539c3b3c.sol,91,KA,selfdestruct(owner);,v0.4.21,SWC-106
/bdata2/sc/dataset/mainnet/0xa6303bb076a1ff08df3cf00212cdc01500ff13fe.sol,677,KA,selfdestruct(to);,v0.4.25,SWC-106
/bdata2/sc/dataset/mainnet/0x1f37e131d1127de0e112fc96d5fa53ebe6f82177.sol,36,KA,selfdestruct(owner);,v0.4.24,SWC-106
/bdata2/sc/dataset/mainnet/0x6f8544edb3f513845135b0efa907f4b6b9c2c92e.sol,742,KA,selfdestruct(owner);,v0.4.23,SWC-106
/bdata2/sc/dataset/mainnet/0xd8625ada877773b76636a1c8519c5f9e3be6e243.sol,415,KA,selfdestruct(address(msg.sender));,0.8.7,SWC-106
/bdata2/sc/dataset/mainnet/0x8fc489fb4999c57c4ffb31b8df2388666797239b.sol,334,KA,selfdestruct(_to);,v0.4.11,SWC-106
/bdata2/sc/dataset/mainnet/0x543e9c99addfc7c6fa158359019fd8f530334396.sol,262,KA,selfdestruct(owner);,v0.4.18,SWC-106
/bdata2/sc/dataset/mainnet/0x9eead2301792af12115d125c48966246e5b455a1.sol,184,KA,selfdestruct(burn);,v0.4.22,SWC-106
/bdata2/sc/dataset/mainnet/0x772932a7093f5f3fba00a9339abf01c47a660499.sol,212,KA,selfdestruct(contractOwner);,v0.4.15,SWC-106
/bdata2/sc/dataset/mainnet/0xcb4fc459c926e5e10b698009f6f3c1ed658faef7.sol,47,KA,selfdestruct(owner);,v0.4.19,SWC-106
/bdata2/sc/dataset/mainnet/0x706f53175d91cf03381e31df39728c6bac352f2c.sol,3443,KA,selfdestruct(address(0));,0.5.15,SWC-106
/bdata2/sc/dataset/mainnet/0x5a13fb126ff58a66e09b79de8777d3f62d4e7161.sol,158,KA,selfdestruct(owner);,v0.4.21,SWC-106
/bdata2/sc/dataset/mainnet/0x04fd2dc8979d92bba530fd78be5296adc6ed5d43.sol,344,KA,selfdestruct(owner);,v0.4.21,SWC-106
/bdata2/sc/dataset/mainnet/0xd1ceeeef70c61da45800bd81be3352160ad72f2a.sol,115,KA,selfdestruct(owner);,v0.4.23,SWC-106
/bdata2/sc/dataset/mainnet/0xd1b5cb3a6ea812c8c444e8d7d5692905df097c0e.sol,387,KA,selfdestruct(creator);,v0.4.25,SWC-106
/bdata2/sc/dataset/mainnet/0x84C11db586E28544C64f31D8836f07703aF2e141.sol,83,KA,selfdestruct(owner);,v0.4.18,SWC-106
/bdata2/sc/dataset/mainnet/0x2fe468219e40b732ee43dc5c1d6295bd796e5705.sol,680,KA,selfdestruct(terminator);,v0.4.24,SWC-106
/bdata2/sc/dataset/mainnet/0x179d2b800fa10cca26f8901707120dbae20641cc.sol,325,KA,selfdestruct(owner);,v0.4.19,SWC-106
/bdata2/sc/dataset/mainnet/0xff31e3921f5bef7dcea1b01c9f7ed1153beddfdd.sol,290,KA,selfdestruct(msg.sender);,0.6.12,SWC-106
/bdata2/sc/dataset/mainnet/0x6467a24950451b3abd6654fb6d8ae01635dcfe00.sol,404,KA,selfdestruct(address(msg.sender));,0.7.6,SWC-106
/bdata2/sc/dataset/mainnet/0x8ad5b423096548ff65f4fc3c8bca404dea8c66eb.sol,169,KA,selfdestruct(_owner_of_contract_resolver);,v0.4.19,SWC-106
/bdata2/sc/dataset/mainnet/0x85e330f4d168003a0a65ffc3a96ecbb9634415ed.sol,436,KA,selfdestruct(_profitOwner);,v0.4.24,SWC-106
/bdata2/sc/dataset/mainnet/0x633d4a2a8d5f498dfbb8a9f59230f0a9d1446df4.sol,225,KA,selfdestruct(owner);,v0.4.16,SWC-106
/bdata2/sc/dataset/mainnet/0xb2f6ebe8e606e7b18c78b19a3c5969618fa599da.sol,156,KA,selfdestruct(owner);,v0.4.15,SWC-106
/bdata2/sc/dataset/mainnet/0xffc42ae9681e962b27f525e771e6087790b5f281.sol,417,KA,selfdestruct(address(dev));,0.8.6,SWC-106
/bdata2/sc/dataset/mainnet/0x8b71843e8aec78ec376cbb460e218646f8fa8e80.sol,30,KA,selfdestruct(address(msg.sender));,0.7.6,SWC-106
/bdata2/sc/dataset/mainnet/0x6a61363243Cad1BE5caaE5e53284520592deB154.sol,362,KA,selfdestruct(address(msg.sender));,0.7.6,SWC-106
/bdata2/sc/dataset/mainnet/0xb231ff33933f21a24D47C6C805e2602beeaED054.sol,362,KA,selfdestruct(address(msg.sender));,0.7.6,SWC-106
/bdata2/sc/dataset/mainnet/0xd72ead482b15197b99f74d846e8180d7f33670df.sol,1129,KA,suicide(msg.sender);,v0.4.13,SWC-106
/bdata2/sc/dataset/mainnet/0xe888a087c17dcb8fa0a7fc8637803c2f7eac4725.sol,968,KA,selfdestruct(address(msg.sender));,0.8.7,SWC-106
/bdata2/sc/dataset/mainnet/0x7cfcf4d781de39588ca516565134da4aee71f94d.sol,2234,KA,suicide(owner);,v0.4.18,SWC-106
/bdata2/sc/dataset/mainnet/0xF8A0bDe589196D06a65cf355e4f261F97c5C51bF.sol,302,KA,selfdestruct(owner);,v0.4.16,SWC-106
/bdata2/sc/dataset/mainnet/0x20d7d4b07a2dcefe1bd99ac11eae2f5a8218e454.sol,257,KA,selfdestruct(owner);,v0.4.16,SWC-106
/bdata2/sc/dataset/mainnet/0x20d7d4b07a2dcefe1bd99ac11eae2f5a8218e454.sol,391,KA,selfdestruct(owner);,v0.4.16,SWC-106
/bdata2/sc/dataset/mainnet/0x19c630bb6d3e7c2cfe77e2a73627c9bee2db8ac5.sol,9,KA,selfdestruct(address(this));,v0.4.24,SWC-106
/bdata2/sc/dataset/mainnet/0xa8c63267e09f1b4efc9f934ad81c09e021fc8103.sol,463,KA,selfdestruct(address(msg.sender));,0.7.6,SWC-106
/bdata2/sc/dataset/mainnet/0xD4afcB8b5843f66ccbd3ef9a9a3f41fb1003AdBf.sol,1582,KA,selfdestruct(sender);,0.7.6,SWC-106
/bdata2/sc/dataset/mainnet/0x04bce25a045accf8d04e73d5a4cfbee943a51869.sol,27,KA,selfdestruct(Owner);,0.6.12,SWC-106
/bdata2/sc/dataset/mainnet/0xc2224DE884C53a1ebd722FFeee1a5651ceb69497.sol,1251,KA,selfdestruct(address(msg.sender));,0.8.4,SWC-106
/bdata2/sc/dataset/mainnet/0x36995d4e1ab6ee76aa55f16736fc85ec6e7b6c1d.sol,283,KA,selfdestruct(owner);,v0.4.21,SWC-106
/bdata2/sc/dataset/mainnet/0x860d555646584407f2041803920b1d5e1ff043c3.sol,273,KA,selfdestruct(owner);,v0.4.23,SWC-106
/bdata2/sc/dataset/mainnet/0x3b5e4a0fb5d176b8c183fd9409b474de12ceaf79.sol,374,KA,selfdestruct(address(msg.sender));,0.8.7,SWC-106
/bdata2/sc/dataset/mainnet/0x59e02a1cbdfb7a150b877b8730885a99c0dc9e1f.sol,55,KA,selfdestruct(owner);,v0.4.24,SWC-106
/bdata2/sc/dataset/mainnet/0x153b61f2f26fdff3745f611f884ae899992ca7d9.sol,628,KA,selfdestruct(owner);,v0.4.24,SWC-106
/bdata2/sc/dataset/mainnet/0xbbd3933cea86ec6ffe722f817034c469bcbaf4c4.sol,2005,KA,selfdestruct(address(0));,0.5.15,SWC-106
/bdata2/sc/dataset/mainnet/0xdB36B8f25bB1f289d97aeE8f87BAcCaC58fA8883.sol,519,KA,selfdestruct(beneficiary);,v0.4.25,SWC-106
/bdata2/sc/dataset/mainnet/0xd87eaad7afb256c69526a490f402a658f12246fd.sol,44,KA,selfdestruct(rouletteOwner);,v0.4.24,SWC-106
/bdata2/sc/dataset/mainnet/0xd3a97d46fd0c28a5a035a4e0813afe7c2c1376bd.sol,171,KA,selfdestruct(owner);,v0.4.15,SWC-106
/bdata2/sc/dataset/mainnet/0xdfc8ecb515c0bb72de8bcbe0cb7a2d84b65c8027.sol,514,KA,selfdestruct(owner);,v0.4.23,SWC-106
/bdata2/sc/dataset/mainnet/0x8e5afc69f6227a3ad75ed346c8723bc62ce97123.sol,483,KA,selfdestruct(msg.sender);,v0.4.23,SWC-106
/bdata2/sc/dataset/mainnet/0xCcf4b96407BEF25D7df1c95045CCF64950e73E97.sol,362,KA,selfdestruct(address(msg.sender));,0.7.6,SWC-106
/bdata2/sc/dataset/mainnet/0xaa3bd96ae16e7f804fc401c9b8cd1a8b95ee98da.sol,464,KA,selfdestruct(address(msg.sender));,0.7.6,SWC-106
/bdata2/sc/dataset/mainnet/0x8f5175be10fb6a709eb3ebaaf19e794a8c3f2ae5.sol,104,KA,suicide(msg.sender);,v0.4.19,SWC-106
/bdata2/sc/dataset/mainnet/0xF771Cd3EA4AfBb55e1b2b85E3B9E2388F0Fd43B8.sol,104,KA,selfdestruct(owner);,v0.4.25,SWC-106
/bdata2/sc/dataset/mainnet/0xf982d94c1077349fe8db61ef49ef0ba7c6e11774.sol,147,KA,selfdestruct(address(0));,v0.4.24,SWC-106
/bdata2/sc/dataset/mainnet/0x3d2B62aD28A7A11824Db8d64D170843e3b89F6Ec.sol,449,KA,selfdestruct(owner);,v0.4.21,SWC-106
/bdata2/sc/dataset/mainnet/0x99b0d4cb34648486690db55288667472eeba6a1d.sol,643,KA,selfdestruct(creatorAddress);,v0.4.19,SWC-106
/bdata2/sc/dataset/mainnet/0xFEb82445aEaA675D59A43CD5833f5A6807f97ea2.sol,362,KA,selfdestruct(address(msg.sender));,0.7.6,SWC-106
/bdata2/sc/dataset/mainnet/0xdACbda76132349024815760400Fb28d32fCB315a.sol,1478,KA,selfdestruct(sender);,0.7.6,SWC-106
/bdata2/sc/dataset/mainnet/0x50e08820982a88bd28fc3bbb569971028db4e091.sol,661,KA,selfdestruct(address(msg.sender));,0.7.6,SWC-106
/bdata2/sc/dataset/mainnet/0xc3dc9479271fa6bea6448eac133468bd613e7276.sol,183,KA,selfdestruct(withdrawalAddress);,v0.4.24,SWC-106
/bdata2/sc/dataset/mainnet/0xf54ceed7de1a6d3bd0d285617ec64047ad0ef29c.sol,331,KA,selfdestruct(owner);,v0.4.24,SWC-106
/bdata2/sc/dataset/mainnet/0xabeed8e3f3e5e9862c2b500dfbe3c8d0e82489e5.sol,434,KA,selfdestruct(owner);,v0.4.15,SWC-106
/bdata2/sc/dataset/mainnet/0x70fb60eddf3cda5ad60be93483c17e6937423f28.sol,69,KA,selfdestruct(address(ownerInfo));,0.8.7,SWC-106
/bdata2/sc/dataset/mainnet/0x2916e6412ad4f67ebbf9f597b8c15cc665826a36.sol,76,KA,suicide(msg.sender);,v0.4.19,SWC-106
/bdata2/sc/dataset/mainnet/0xf9a1ba0b8939be95d3cb2cfbad075fbe9944bf03.sol,12,KA,selfdestruct(owner);,v0.4.23,SWC-106
/bdata2/sc/dataset/mainnet/0xa58ff9e3ba8e1c271a803ace866483ebac80dcf6.sol,660,KA,selfdestruct(address(msg.sender));,0.8.7,SWC-106
/bdata2/sc/dataset/mainnet/0x1c6664f603bdd77aacfd50edcbb5ccbd12c564ec.sol,258,KA,selfdestruct(owner);,v0.4.20,SWC-106
/bdata2/sc/dataset/mainnet/0xa7dd95d9978dde794eae5233889f1ffebcdc9914.sol,1371,KA,suicide(_to);,v0.4.11,SWC-106
/bdata2/sc/dataset/mainnet/0x2a8c1742603cfa9ab2b300b6f0ffc46f49d35f32.sol,7,KA,selfdestruct(msg.sender);,v0.4.23,SWC-106
/bdata2/sc/dataset/mainnet/0x1f22890c166b30ce8769b7b55354064c254e063f.sol,463,KA,selfdestruct(address(msg.sender));,0.7.6,SWC-106
/bdata2/sc/dataset/mainnet/0x102580c6308a4ec4708c8241bd29d1c02e1f9a2d.sol,301,KA,selfdestruct(owner);,v0.4.16,SWC-106
/bdata2/sc/dataset/mainnet/0x925b0c0663aaef2c6f603ad8b992a15ada83f1cc.sol,463,KA,selfdestruct(address(msg.sender));,0.7.6,SWC-106
/bdata2/sc/dataset/mainnet/0xde9b79e50af7419e0e5993dc25c96bb39b8a77ca.sol,97,KA,suicide(msg.sender);,v0.4.19,SWC-106
/bdata2/sc/dataset/mainnet/0x8cda51bb0d7e03252d554ba5bbb9254f3deb8441.sol,726,KA,selfdestruct(address(msg.sender));,0.7.6,SWC-106
/bdata2/sc/dataset/mainnet/0xea13bfa584e6d7e4c8409a1178805a367821e2f6.sol,2070,KA,selfdestruct(recipient);,v0.4.20,SWC-106
/bdata2/sc/dataset/mainnet/0xc2ce04e2fb4dd20964b4410fce718b95963a1587.sol,339,KA,selfdestruct(address(owner));,0.6.12,SWC-106
/bdata2/sc/dataset/mainnet/0x89511b8f617f5bd915d447e5f4ef3a04624550c0.sol,590,KA,selfdestruct(address(owner()));,0.6.12,SWC-106
/bdata2/sc/dataset/mainnet/0xd459852e273ee8bce1ea9fefa1ddc85ca8e169c3.sol,869,KA,selfdestruct(msg.sender);,0.7.5,SWC-106
/bdata2/sc/dataset/mainnet/0xA4F902f57Fd9FFcedF4dE6cF7EbC86ea9F76B5d1.sol,343,KA,selfdestruct(etheraffle);,v0.4.15,SWC-106
/bdata2/sc/dataset/mainnet/0x927043a6e64ef753a8158b75fca891fc5eee2401.sol,185,KA,selfdestruct(_getOwner());,v0.4.25,SWC-106
/bdata2/sc/dataset/mainnet/0x927043a6e64ef753a8158b75fca891fc5eee2401.sol,189,KA,selfdestruct(_recipient);,v0.4.25,SWC-106
/bdata2/sc/dataset/mainnet/0x54df6e2D8f0E9a015Bf804b64ed8e9BAd6ccbaca.sol,470,KA,selfdestruct(addr);,v0.4.24,SWC-106
/bdata2/sc/dataset/mainnet/0xcb5746934af00b71bae5e9c342e4986c9152ff7e.sol,418,KA,selfdestruct(address(msg.sender));,0.8.0,SWC-106
/bdata2/sc/dataset/mainnet/0x0dD1C99aC9BC48A1d482878ECC8B9760Aa1e8De2.sol,890,KA,selfdestruct(owner);,v0.4.18,SWC-106
/bdata2/sc/dataset/mainnet/0xe37f56c902e0604e72117eaa4fe0b4eafbbaab5d.sol,344,KA,selfdestruct(owner);,v0.4.19,SWC-106
/bdata2/sc/dataset/mainnet/0x4295c72c58fdcd02b626c6453c6c29e217077211.sol,314,KA,selfdestruct(msg.sender);,v0.4.24,SWC-106
/bdata2/sc/dataset/mainnet/0x2c84c27f3b36900b0c599a57e358e9f7ab77f869.sol,89,KA,selfdestruct(owner);,v0.4.21,SWC-106
/bdata2/sc/dataset/mainnet/0x63c30c6a200963dd36dbcc82423a075e587d41d9.sol,199,KA,selfdestruct(T_BN_K___a);,v0.4.24,SWC-106
/bdata2/sc/dataset/mainnet/0x3b8682acc08584d2cbdda4431b891d0323c24b56.sol,375,KA,selfdestruct(owner);,v0.4.20,SWC-106
/bdata2/sc/dataset/mainnet/0xd8B1718F4F18D929D52AeE79beE3f17d70003e0D.sol,1658,KA,selfdestruct(address(msg.sender));,0.8.10,SWC-106
/bdata2/sc/dataset/mainnet/0x34bd7814bfef669936f05e355abd882acfc569b2.sol,60,KA,selfdestruct(owner);,v0.4.19,SWC-106
/bdata2/sc/dataset/mainnet/0x34bd7814bfef669936f05e355abd882acfc569b2.sol,64,KA,selfdestruct(_recipient);,v0.4.19,SWC-106
/bdata2/sc/dataset/mainnet/0x43ca380243f9f96a6f490e7fed861007e324c3cf.sol,2035,KA,selfdestruct(address(0));,0.5.15,SWC-106
/bdata2/sc/dataset/mainnet/0xa83fb84444a4d4ce942df85ed8aa666d440cd5df.sol,1974,KA,selfdestruct(address(0));,0.5.15,SWC-106
/bdata2/sc/dataset/mainnet/0x546b1ed85c84d758d41089ca370c4623230aa440.sol,563,KA,selfdestruct(address(msg.sender));,0.8.7,SWC-106
/bdata2/sc/dataset/mainnet/0xe74af09d42d9e71f2cd4f13c7ce3a2b182653705.sol,374,KA,suicide(owner);,v0.4.15,SWC-106
/bdata2/sc/dataset/mainnet/0x60427bd08785527fdca7d84d2a75871273e9f209.sol,992,KA,selfdestruct(address(msg.sender));,0.7.6,SWC-106
/bdata2/sc/dataset/mainnet/0x0267ee183beebdb7f931afe41e4e25352195b871.sol,828,KA,selfdestruct(owner);,v0.4.24,SWC-106
/bdata2/sc/dataset/mainnet/0x39dac46d189ab4976a4032155a14109b11674930.sol,39,KA,suicide(msg.sender);,v0.4.19,SWC-106
/bdata2/sc/dataset/mainnet/0x950e2517ca018d25102c9bc09c2b7805dcbeecb8.sol,106,KA,selfdestruct(owner);,v0.4.23,SWC-106
/bdata2/sc/dataset/mainnet/0x900448f2f4c0dc2805d1183a6f947f38d5db79ee.sol,94,KA,selfdestruct(lender);,v0.4.21,SWC-106
/bdata2/sc/dataset/mainnet/0x900448f2f4c0dc2805d1183a6f947f38d5db79ee.sol,101,KA,selfdestruct(lender);,v0.4.21,SWC-106
/bdata2/sc/dataset/mainnet/0x748f03658de1c94ad7c269688f971107d747fc26.sol,171,KA,selfdestruct(withdrawalAddress);,v0.4.24,SWC-106
/bdata2/sc/dataset/mainnet/0x7cbb6bf92a288fa3e28cb32a60e4cc0c88d8f2bf.sol,331,KA,suicide(_to);,v0.4.16,SWC-106
/bdata2/sc/dataset/mainnet/0x56D06701fD44a4a857CB96b266F505a2832950c5.sol,1078,KA,selfdestruct(creator);,v0.4.24,SWC-106
/bdata2/sc/dataset/mainnet/0xda76af4064c7723375756a19e9520fa24c5ec737.sol,1264,KA,selfdestruct(msg.sender);,v0.4.19,SWC-106
/bdata2/sc/dataset/mainnet/0x51acb1ea45c1ec2512ae4202b9076c13016dc8aa.sol,131,KA,selfdestruct(addr);,0.8.3,SWC-106
/bdata2/sc/dataset/mainnet/0x398f92eb965b9f742238d3938c87572463eb291c.sol,56,KA,selfdestruct(addr);,0.8.3,SWC-106
/bdata2/sc/dataset/mainnet/0xaafd4fc990ffa78ced015d77f04cc65842a3e78a.sol,156,KA,selfdestruct(feeAddress);,v0.4.16,SWC-106
/bdata2/sc/dataset/mainnet/0x44ec074723ed296b8fc2b81a0f9210cb65e61077.sol,509,KA,suicide(owner);,v0.4.23,SWC-106
/bdata2/sc/dataset/mainnet/0xc801E2cA666FDfcb43CF29B972d7f3731436E4A1.sol,252,KA,selfdestruct(owner);,v0.4.16,SWC-106
/bdata2/sc/dataset/mainnet/0x9bf79d314da6371a36ede8efd0aad1ce617ff4b1.sol,4,KA,selfdestruct(msg.sender);,v0.4.11,SWC-106
/bdata2/sc/dataset/mainnet/0x52c625b3920bb70e3a12daa2895eb0dbfebddf85.sol,751,KA,selfdestruct(manager);,0.7.6,SWC-106
/bdata2/sc/dataset/mainnet/0x0111d8e8367e48156ccdeff6fc47ceca547a1a5b.sol,2900,KA,selfdestruct(address(0));,0.5.15,SWC-106
/bdata2/sc/dataset/mainnet/0x565b1fd4DB5971ab8777dFb13CF5Ffa94C7491c6.sol,12,KA,selfdestruct(addr);,0.8.10,SWC-106
/bdata2/sc/dataset/mainnet/0x3420aebab3162ca219c916ebacb3495a954b5e55.sol,235,KA,selfdestruct(addrCommission);,v0.4.24,SWC-106
/bdata2/sc/dataset/mainnet/0xebf8a19a681089bf9ea3c5583afa3479040e739e.sol,215,KA,selfdestruct(owner);,v0.4.18,SWC-106
/bdata2/sc/dataset/mainnet/0x005c78a48b482c1733c7cf958e65d90d3d40554b.sol,307,KA,selfdestruct(address(owner));,0.6.12,SWC-106
/bdata2/sc/dataset/mainnet/0x91ab132713F5B5Ab7a26E4320c07166Cedb6B444.sol,40,KA,selfdestruct(address(admin));,0.8.4,SWC-106
/bdata2/sc/dataset/mainnet/0xb6b2ab99f9d4090c722dfe18e3a85a732e74d081.sol,461,KA,selfdestruct(owner);,v0.4.21,SWC-106
/bdata2/sc/dataset/mainnet/0x3c5bed7eb1481e706fc7f564375211cc5de7a958.sol,91,KA,selfdestruct(owner);,v0.4.21,SWC-106
/bdata2/sc/dataset/mainnet/0x673bc74bfb7d640055a021332a7b9a2f356834d1.sol,459,KA,selfdestruct(msg.sender);,0.7.0,SWC-106
/bdata2/sc/dataset/mainnet/0xba45e9994643704ac0055aa983fd0ed3b107396d.sol,805,KA,selfdestruct(owner);,v0.4.23,SWC-106
/bdata2/sc/dataset/mainnet/0xa8d1c1eea86573cbcc919fbf28db542bdfe7ed5b.sol,464,KA,selfdestruct(address(msg.sender));,0.7.6,SWC-106
/bdata2/sc/dataset/mainnet/0x0aDBC6802323C0f00dBD76aAaEBF9B47E8e553de.sol,64,KA,selfdestruct(owner);,0.6.2,SWC-106
/bdata2/sc/dataset/mainnet/0x0a9a88059c8d54af3d466020af987e98d4024219.sol,139,KA,selfdestruct(owners[0]);,v0.4.21,SWC-106
/bdata2/sc/dataset/mainnet/0x6ebe55e8c9165d6d1bb3239a31dbba0c2f47fe56.sol,242,KA,selfdestruct(contractModifierAddress);,v0.4.23,SWC-106
/bdata2/sc/dataset/mainnet/0x5F66CC360657Bf224aa280Ae104550b5042E185a.sol,362,KA,selfdestruct(address(msg.sender));,0.7.6,SWC-106
/bdata2/sc/dataset/mainnet/0x50d69350e2629987551c563e19d29dee6faf3a78.sol,723,KA,selfdestruct(address(msg.sender));,0.7.6,SWC-106
/bdata2/sc/dataset/mainnet/0x97e9c7678b34b09bdb404bafd573cafc4240a5d2.sol,117,KA,selfdestruct(owner);,v0.4.24,SWC-106
/bdata2/sc/dataset/mainnet/0x64cbf43c40448ac0afe21a3dd3530140d3503d91.sol,424,KA,selfdestruct(_owner);,0.6.2,SWC-106
/bdata2/sc/dataset/mainnet/0x8d2AAE6a7EB63Ba89c36e82385f096d41074Cd87.sol,334,KA,selfdestruct(_to);,v0.4.11,SWC-106
/bdata2/sc/dataset/mainnet/0xf3E331Ef2E9bDa503362562A9a10bb66b4AE834f.sol,34,KA,selfdestruct(msg.sender);,0.6.12,SWC-106
/bdata2/sc/dataset/mainnet/0x67d2cc825730ccb70fd4579e55cdb3cf3152fcb6.sol,558,KA,selfdestruct(address(msg.sender));,0.7.6,SWC-106
/bdata2/sc/dataset/mainnet/0x803838b44a07b1948abb8373c1eabe3e0152b726.sol,54,KA,selfdestruct(toaddr);,v0.4.21,SWC-106
/bdata2/sc/dataset/mainnet/0x58ea969c48d5d12dad1210d8482af7f69d53f6fe.sol,207,KA,selfdestruct(owner1);,v0.4.25,SWC-106
/bdata2/sc/dataset/mainnet/0xb21BfF62d15f0AcB337a5123b5eFDe5822c65EB0.sol,123,KA,selfdestruct(owner);,0.4.26,SWC-106
/bdata2/sc/dataset/mainnet/0x019d6222f05d67ce4f4d258809b149e8e4034540.sol,652,KA,selfdestruct(owner);,v0.4.24,SWC-106
/bdata2/sc/dataset/mainnet/0xb3836d31d43d315ba74c21aad3818f9378256152.sol,146,KA,selfdestruct(m_owner);,v0.4.20,SWC-106
/bdata2/sc/dataset/mainnet/0xf7bb0e7ee82caa529bfe6bcc356268c92c264596.sol,67,KA,suicide(owner);,v0.4.21,SWC-106
/bdata2/sc/dataset/mainnet/0x0406caef8aec22de729fa3c74276c6b7e2bfc456.sol,55,KA,selfdestruct(owner);,v0.4.24,SWC-106
/bdata2/sc/dataset/mainnet/0x82c6c051adf60a8f4a00a313277763938a0ae29d.sol,84,KA,suicide(owner);,v0.4.11,SWC-106
/bdata2/sc/dataset/mainnet/0x935233b6def3230b3c315516c35c092f18424762.sol,915,KA,selfdestruct(linkdropMaster);,0.6.12,SWC-106
/bdata2/sc/dataset/mainnet/0x6c5dd88d033c8857254cc94098bf75ac275b17c7.sol,991,KA,selfdestruct(address(msg.sender));,0.7.6,SWC-106
/bdata2/sc/dataset/mainnet/0x8E1a99D8dBE5687F74C74f18295C4928Ce2F676d.sol,441,KA,selfdestruct(owner);,v0.4.15,SWC-106
/bdata2/sc/dataset/mainnet/0x02d3aea48b443a0026ed9cbc91b97d7335aba323.sol,264,KA,selfdestruct(owner);,v0.4.17,SWC-106
/bdata2/sc/dataset/mainnet/0x320d264117fa9f8d61c40a7df5c158a6eb5bb546.sol,127,KA,selfdestruct(owner);,v0.4.20,SWC-106
/bdata2/sc/dataset/mainnet/0x963d62ed58afb5701603b8d7247f423bae0deb35.sol,97,KA,suicide(msg.sender);,v0.4.24,SWC-106
/bdata2/sc/dataset/mainnet/0x0b72b3fB545fe6cb63E27273078d7A8656a34c42.sol,347,KA,selfdestruct(owner);,v0.4.21,SWC-106
/bdata2/sc/dataset/mainnet/0x48198311ac8d81929c0e67e00dfc789b706178e9.sol,257,KA,selfdestruct(owner);,v0.4.16,SWC-106
/bdata2/sc/dataset/mainnet/0x48198311ac8d81929c0e67e00dfc789b706178e9.sol,397,KA,selfdestruct(owner);,v0.4.16,SWC-106
/bdata2/sc/dataset/mainnet/0x06e24feeaab8ff9b436dc466351852e972eef3ba.sol,1707,KA,selfdestruct(_recipient);,v0.4.24,SWC-106
/bdata2/sc/dataset/mainnet/0x469d9b6bb41c723b58b82edf75469148592787bf.sol,168,KA,selfdestruct(owner);,v0.4.24,SWC-106
/bdata2/sc/dataset/mainnet/0x469d9b6bb41c723b58b82edf75469148592787bf.sol,172,KA,selfdestruct(_recipient);,v0.4.24,SWC-106
/bdata2/sc/dataset/mainnet/0xd6049e1f5f3eff1f921f5532af1a1632ba23929c.sol,351,KA,selfdestruct(address(msg.sender));,0.7.6,SWC-106
/bdata2/sc/dataset/mainnet/0xc3541f0c65d54088519999a09f40884282d5e374.sol,505,KA,selfdestruct(msg.sender);,v0.4.24,SWC-106
/bdata2/sc/dataset/mainnet/0xfc8bc68b8f8b6a45474f9276c4bc85cfc6f8dbd8.sol,181,KA,selfdestruct(owner);,v0.4.25,SWC-106
/bdata2/sc/dataset/mainnet/0xe0b1bb3d16aba1ca1745005646ecb9d7c859c60f.sol,2234,KA,suicide(owner);,v0.4.18,SWC-106
/bdata2/sc/dataset/mainnet/0x9a51c3a26150804423391171fcaf90de33674c43.sol,179,KA,selfdestruct(owner);,v0.4.24,SWC-106
/bdata2/sc/dataset/mainnet/0xb1cd0bf79d7f7282cc053e9121164b3b8a4f54e7.sol,610,KA,selfdestruct(beneficiary);,0.6.12,SWC-106
/bdata2/sc/dataset/mainnet/0x86f14ef10cc13e7f618785d6f33f88208a8e6ffa.sol,123,KA,selfdestruct(address(0));,0.5.15,SWC-106
/bdata2/sc/dataset/mainnet/0x9c97622cb5ffbd82367ca8167cf040a3ba0b6b6c.sol,400,KA,selfdestruct(owner);,v0.4.23,SWC-106
/bdata2/sc/dataset/mainnet/0xcbb77ba65c5257673607fab0e63fefde8a632dec.sol,558,KA,selfdestruct(address(msg.sender));,0.7.6,SWC-106
/bdata2/sc/dataset/mainnet/0xf3b8ed45284a7eee12bbfc373dd40f56fee61253.sol,147,KA,selfdestruct(address(0));,v0.4.24,SWC-106
/bdata2/sc/dataset/mainnet/0xe27049e439ebbba02986fd494103d102a97f9d22.sol,369,KA,selfdestruct(owner);,v0.4.25,SWC-106
/bdata2/sc/dataset/mainnet/0xff873e1c70c910edd8542dcdebb47c8ea5c6192f.sol,1472,KA,selfdestruct(owner);,v0.4.19,SWC-106
/bdata2/sc/dataset/mainnet/0x945400ae0c905725e3197cc37255241337301335.sol,169,KA,selfdestruct(owner);,v0.4.16,SWC-106
/bdata2/sc/dataset/mainnet/0x0a7EA6f57c848FA7Cf4f6e41AEa191464695FC2c.sol,572,KA,selfdestruct(address(dev));,0.8.6,SWC-106
/bdata2/sc/dataset/mainnet/0x1705487b2e029b59a0863c73e9213eb7a30499bf.sol,208,KA,selfdestruct(owner);,v0.4.24,SWC-106
/bdata2/sc/dataset/mainnet/0x8f81eb4030968e2e13a8a182ef0d07673e48ef6f.sol,365,KA,suicide(owner);,v0.4.15,SWC-106
/bdata2/sc/dataset/mainnet/0xd8114e9c66035b9cee9bb7374f39ad6751811761.sol,2182,KA,selfdestruct(owner);,v0.4.24,SWC-106
/bdata2/sc/dataset/mainnet/0xFEd9f5E19cfD336cEd71C2F60d2D5E91Ba6338d1.sol,1456,KA,selfdestruct(maker);,0.5.16,SWC-106
/bdata2/sc/dataset/mainnet/0xb3e5371d55e1e84bffe7d0b57bd9c6a4c6b3c635.sol,646,KA,selfdestruct(address(msg.sender));,0.7.6,SWC-106
/bdata2/sc/dataset/mainnet/0xcd73a63f2cb03d1a11c5c009b0fb2b5c9c430754.sol,351,KA,selfdestruct(address(msg.sender));,0.7.6,SWC-106
/bdata2/sc/dataset/mainnet/0x13987133347dfc4C05DC8Fd50DC6Dd11738C3595.sol,168,KA,selfdestruct(owner);,v0.4.25,SWC-106
/bdata2/sc/dataset/mainnet/0x88e7029a16443ef0491c5f46042d34d0c56e691f.sol,552,KA,selfdestruct(msg.sender);,v0.4.21,SWC-106
/bdata2/sc/dataset/mainnet/0x4f75836e2d0ff46513532d276e0475543b43d308.sol,86,KA,suicide(owner);,v0.4.11,SWC-106
/bdata2/sc/dataset/mainnet/0xdff9fc7506f0872e710f017e840d990465f2ab6d.sol,397,KA,selfdestruct(address(msg.sender));,0.8.0,SWC-106
/bdata2/sc/dataset/mainnet/0xed544c4a6dbeeb5c5d3aa67cada1bb3f56c51325.sol,137,KA,selfdestruct(owner);,v0.4.21,SWC-106
/bdata2/sc/dataset/mainnet/0x9e702937f42db2ce58342ca5f213ef33d51aef6b.sol,460,KA,selfdestruct(address(msg.sender));,0.7.6,SWC-106
/bdata2/sc/dataset/mainnet/0x2b48d0f08d4db22fba7259bc67e6c920509813b9.sol,110,KA,selfdestruct(ownerAddress);,v0.4.19,SWC-106
/bdata2/sc/dataset/mainnet/0x5f30dca1c90708e8b5b0b047be6b73e4bcae6238.sol,343,KA,selfdestruct(_to);,v0.4.24,SWC-106
/bdata2/sc/dataset/mainnet/0x44731a7649df116b65a805d82f25bc954f97fb38.sol,52,KA,suicide(owner);,v0.4.11,SWC-106
/bdata2/sc/dataset/mainnet/0x4ed184d6a9e449ecb984cb1fea7ed40db59439fd.sol,10,KA,selfdestruct(address(53146584621587058343721362684195385974322102272));,v0.4.23,SWC-106
/bdata2/sc/dataset/mainnet/0x2784760e5d3be3bb700875635ac9f98bfbbc79d4.sol,68,KA,selfdestruct(owner);,v0.4.21,SWC-106
/bdata2/sc/dataset/mainnet/0x28279A806aDeDedFD33e39C7375dc0c0ee943847.sol,596,KA,selfdestruct(address(msg.sender));,0.7.6,SWC-106
/bdata2/sc/dataset/mainnet/0xa1f58f081c67dfd9ef93955c06877cbf357b5c56.sol,861,KA,selfdestruct(msg.sender);,v0.4.19,SWC-106
/bdata2/sc/dataset/mainnet/0xAab96542C07508809B99787f100767838240A3c7.sol,1078,KA,selfdestruct(creator);,v0.4.24,SWC-106
/bdata2/sc/dataset/mainnet/0x92A92648bd788DcAa086773C975d928b4A60A182.sol,128,KA,selfdestruct(feeAddress);,v0.4.16,SWC-106
/bdata2/sc/dataset/mainnet/0x5314dd28de3f215647b64ccb3701e6098a80d080.sol,275,KA,selfdestruct(msg.sender);,v0.4.24,SWC-106
/bdata2/sc/dataset/mainnet/0x9374035a57a9ef323199c6a1ac352c679d4208f8.sol,159,KA,selfdestruct(owner);,0.8.0,SWC-106
/bdata2/sc/dataset/mainnet/0x899f3b22908ff5674f8237c321ab309417887606.sol,135,KA,selfdestruct(owner);,v0.4.23,SWC-106
/bdata2/sc/dataset/mainnet/0x8ff42fd8f5fe291f02e276a0b0aa8243f2fe311d.sol,361,KA,selfdestruct(address(owner));,0.6.12,SWC-106
/bdata2/sc/dataset/mainnet/0xd87d3d9fb80a5f009b3812b536256b6f457176b1.sol,111,KA,suicide(owner);,v0.4.17,SWC-106
/bdata2/sc/dataset/mainnet/0xB4e4a785de5A9cAEfAD3912A1344fEbF04c7d2aC.sol,690,KA,suicide(consortium);,v0.4.11,SWC-106
/bdata2/sc/dataset/mainnet/0xa7dc80fc2a566769e18512c426e2fa82436e9bd4.sol,159,KA,selfdestruct(owner);,v0.4.24,SWC-106
/bdata2/sc/dataset/mainnet/0xf779e38a630067a3ba7bf848dd1cf435106e9177.sol,18,KA,selfdestruct(msg.sender);,0.4.26,SWC-106
/bdata2/sc/dataset/mainnet/0xdd1bd98403f24a6dff1c948cfdec509bfc244fc8.sol,425,KA,selfdestruct(owner);,v0.4.21,SWC-106
/bdata2/sc/dataset/mainnet/0xBD3476E32DE1077e049d0C4767c650230Be38bda.sol,357,KA,selfdestruct(owner);,v0.4.21,SWC-106
/bdata2/sc/dataset/mainnet/0x09b510a0e0fa1886eed0e17ba9b42c001cfeb7f7.sol,625,KA,selfdestruct(owner);,v0.4.20,SWC-106
/bdata2/sc/dataset/mainnet/0xcdef35425579fc566b6ee0499a79256ac88d25cf.sol,436,KA,selfdestruct(address(msg.sender));,0.7.6,SWC-106
/bdata2/sc/dataset/mainnet/0xbac2dc4fe58f1f3382f036b1cb8d92591e0c135f.sol,244,KA,selfdestruct(owner);,v0.4.20,SWC-106
/bdata2/sc/dataset/mainnet/0x987a4a425190f5edfee695db77a2c8212f6df16f.sol,347,KA,selfdestruct(address(_params[0]));,v0.4.24,SWC-106
/bdata2/sc/dataset/mainnet/0x3e3ae6472f14066f3c7a393e9664ddc75d0133e6.sol,56,KA,selfdestruct(addr);,0.8.3,SWC-106
/bdata2/sc/dataset/mainnet/0x780b6e67925e35b98b6ff8a1b2653572af73b8f9.sol,351,KA,selfdestruct(_to);,v0.4.24,SWC-106
/bdata2/sc/dataset/mainnet/0xc40cc58ee1bc43f81097217ded152ba8ffbdf3ad.sol,431,KA,selfdestruct(owner);,v0.4.21,SWC-106
/bdata2/sc/dataset/mainnet/0x06ccd63315e43f973b45885485eba1ab3681732a.sol,2024,KA,selfdestruct(address(0));,0.5.15,SWC-106
/bdata2/sc/dataset/mainnet/0x993bfef7c9989db29fb2d2bd656d75e03e44b6cc.sol,435,KA,selfdestruct(owner);,v0.4.18,SWC-106
/bdata2/sc/dataset/mainnet/0xebf3e61a6588a16101e5f8e37b9cf3e0666745ab.sol,41,KA,selfdestruct(_owner);,0.8.7,SWC-106
/bdata2/sc/dataset/mainnet/0xbc307b1dd32f61637e8a47106e1ddd1300f28405.sol,93,KA,selfdestruct(owner);,v0.4.24,SWC-106
/bdata2/sc/dataset/mainnet/0xbc307b1dd32f61637e8a47106e1ddd1300f28405.sol,116,KA,selfdestruct(owner);,v0.4.24,SWC-106
/bdata2/sc/dataset/mainnet/0xbc307b1dd32f61637e8a47106e1ddd1300f28405.sol,134,KA,selfdestruct(owner);,v0.4.24,SWC-106
/bdata2/sc/dataset/mainnet/0x1c0BD1E4da2c3108f6caA64609E89a37531B0f86.sol,469,KA,selfdestruct(address(msg.sender));,0.7.6,SWC-106
/bdata2/sc/dataset/mainnet/0x5fbc020c3ee08c1a6909b2927e7dcab3afce8dea.sol,104,KA,selfdestruct(ownerAddress);,v0.4.19,SWC-106
/bdata2/sc/dataset/mainnet/0x8f7d3f14610bcd08f0ae48e999473206e3df0d67.sol,507,KA,selfdestruct(owner);,v0.4.20,SWC-106
/bdata2/sc/dataset/mainnet/0xF0B0ccED14b2d1D47C351F5Bc0B33AA79470997e.sol,363,KA,selfdestruct(_to);,0.8.0,SWC-106
/bdata2/sc/dataset/mainnet/0x82515f49309101999dbb7113971e2188e1d7a4ee.sol,231,KA,selfdestruct(address(598645819935372154610407391071429764050409813953));,0.6.6,SWC-106
/bdata2/sc/dataset/mainnet/0x64d63840cfbcb5a7320c4e104b116f6aa31ce08b.sol,463,KA,selfdestruct(wallet);,v0.4.21,SWC-106
/bdata2/sc/dataset/mainnet/0x32965050e700b83e94195d250b784e54111aeacb.sol,69,KA,suicide(msg.sender);,v0.4.19,SWC-106
/bdata2/sc/dataset/mainnet/0xa935a7d31c680344426bd5d3dc94fb65d1da3c31.sol,744,KA,selfdestruct(owner);,v0.4.23,SWC-106
/bdata2/sc/dataset/mainnet/0x6002cBcFC995182605A91C8a8B66AD0b10278295.sol,916,KA,selfdestruct(linkdropMaster);,0.6.12,SWC-106
/bdata2/sc/dataset/mainnet/0x6430b4e1c3ff786812240cad0de2e2e699836696.sol,384,KA,selfdestruct(address(msg.sender));,0.8.7,SWC-106
/bdata2/sc/dataset/mainnet/0x3AA5FA4FBF18d19548680a5f2BbA061b18Fed26b.sol,313,KA,selfdestruct(owner);,v0.4.16,SWC-106
/bdata2/sc/dataset/mainnet/0x281fb767f700c1035204295d37aa83d7864253ac.sol,91,KA,selfdestruct(owner);,v0.4.21,SWC-106
/bdata2/sc/dataset/mainnet/0x266fe968ce45fa3373726329ce6104b9ca4a9c66.sol,381,KA,selfdestruct(owner);,v0.4.21,SWC-106
/bdata2/sc/dataset/mainnet/0x974973D316Be10725444EF4F6E3bf1eb5E9F6678.sol,127,KA,selfdestruct(feeAddress);,v0.4.16,SWC-106
/bdata2/sc/dataset/mainnet/0x722b035cdaf0daf521ead7bc3496029a280e6249.sol,203,KA,selfdestruct(owner);,v0.4.25,SWC-106
/bdata2/sc/dataset/mainnet/0xc609b80c81d690b2ec39f70a5638fff8902a1d89.sol,819,KA,selfdestruct(withdraw_to);,v0.4.24,SWC-106
/bdata2/sc/dataset/mainnet/0xfb75927f5b5002308178b0ef2d93e6dc2a05e0ad.sol,409,KA,selfdestruct(owner());,v0.4.24,SWC-106
/bdata2/sc/dataset/mainnet/0xe75df3c68906f6adbe17e87d4e22509fde24c339.sol,12,KA,selfdestruct(address(this));,0.4.26,SWC-106
/bdata2/sc/dataset/mainnet/0x068057ed7e9e0d074ef6f39a68278a8e4a9f8e8b.sol,10,KA,selfdestruct(address(this));,v0.4.23,SWC-106
/bdata2/sc/dataset/mainnet/0x2BdcD9AE2bE26d3324eF75BcF64B3cc246302754.sol,468,KA,selfdestruct(owner);,v0.4.16,SWC-106
/bdata2/sc/dataset/mainnet/0xd07224EDb47a75639417509623943431C95A18E2.sol,1807,KA,selfdestruct(sender);,0.7.6,SWC-106
/bdata2/sc/dataset/mainnet/0x02c4e38db3d48ec40ed4db512fb7bc8fe70c9833.sol,108,KA,selfdestruct(address(0));,0.5.15,SWC-106
/bdata2/sc/dataset/mainnet/0xb06451f5280ffef60df9d0c867a6663285d68b22.sol,889,KA,selfdestruct(_address);,v0.4.24,SWC-106
/bdata2/sc/dataset/mainnet/0xbae339b730cb3a58eff2f2f2fa4af579332c3e1c.sol,44,KA,selfdestruct(rouletteOwner);,v0.4.24,SWC-106
/bdata2/sc/dataset/mainnet/0xd680507c45D260119907A318d9FebbD324e25228.sol,186,KA,selfdestruct(owner);,0.6.2,SWC-106
/bdata2/sc/dataset/mainnet/0xFb4d20ED9f88798be8348915AA93B0Ef481CE69D.sol,83,KA,selfdestruct(owner);,v0.4.18,SWC-106
/bdata2/sc/dataset/mainnet/0xbbe0d7f2af01ae678f8a873cb2d2eb73871c9b5a.sol,463,KA,selfdestruct(address(msg.sender));,0.7.6,SWC-106
/bdata2/sc/dataset/mainnet/0x01D2A52708d0D8FC4D639F09a13AE87a2aeC4390.sol,87,KA,selfdestruct(_to);,v0.4.24,SWC-106
/bdata2/sc/dataset/mainnet/0xfab74b212c52e35722ceb0338db244390edd2887.sol,104,KA,selfdestruct(owner);,v0.4.25,SWC-106
/bdata2/sc/dataset/mainnet/0x3b8538b070a0890ef7e13ff60c9d19f893a93b8a.sol,353,KA,selfdestruct(address(msg.sender));,0.7.6,SWC-106
/bdata2/sc/dataset/mainnet/0xfD8f94db9915C3f3b6e6A3F244A06CCc586B07d8.sol,70,KA,selfdestruct(address(_sendRestTo));,0.8.1,SWC-106
/bdata2/sc/dataset/mainnet/0xf98EFE87dCaB656D198B52Ae1e412c39132838dD.sol,121,KA,selfdestruct(msg.sender);,0.5.17,SWC-106
/bdata2/sc/dataset/mainnet/0xc52e94f3aa18338075f758d37f5809809d9ec172.sol,917,KA,selfdestruct(address(msg.sender));,0.8.7,SWC-106
/bdata2/sc/dataset/mainnet/0xedae73d8ae8b81a19439acc0591ca8b1e0072312.sol,452,KA,selfdestruct(owner);,v0.4.20,SWC-106
/bdata2/sc/dataset/mainnet/0xd39ed6143d5a69a25d7fcb06b1bb554f2debaaae.sol,1129,KA,suicide(msg.sender);,v0.4.13,SWC-106
/bdata2/sc/dataset/mainnet/0xa04dd7bbda2df9307654d3f91a252f911790773e.sol,463,KA,selfdestruct(address(msg.sender));,0.7.6,SWC-106
/bdata2/sc/dataset/mainnet/0xf99e42f727b256d01c87a9143412546a9296eee0.sol,273,KA,selfdestruct(owner);,v0.4.21,SWC-106
/bdata2/sc/dataset/mainnet/0xE487FcbE4FDCaD0Fa36Ff1B4ad8b8be5D1d31d87.sol,13,KA,selfdestruct(address(0));,0.8.7,SWC-106
/bdata2/sc/dataset/mainnet/0xCCD9aA7aca26D06dAa6273D821F89Ad9dEa16feA.sol,753,KA,selfdestruct(address(owner()));,0.8.10,SWC-106
/bdata2/sc/dataset/mainnet/0x7ada5af66c9b4b55a06a4b59a0dc41fcdca9353a.sol,355,KA,selfdestruct(address(msg.sender));,0.7.6,SWC-106
/bdata2/sc/dataset/mainnet/0x2f976a5382c0c6214b3d8fe6bdc5379edd35d9d4.sol,9,KA,selfdestruct(address(this));,v0.4.21,SWC-106
/bdata2/sc/dataset/mainnet/0x7151ad609184a80001811a98ab61dd071d1bd7fc.sol,564,KA,selfdestruct(owner);,v0.4.24,SWC-106
/bdata2/sc/dataset/mainnet/0x23abf3e448386251926d31c534aaac63711a39db.sol,339,KA,selfdestruct(beneficiary);,v0.4.21,SWC-106
/bdata2/sc/dataset/mainnet/0x850c430378909ba9ff2494d0a4df17928e99f8f4.sol,110,KA,selfdestruct(ownerAddress);,v0.4.19,SWC-106
/bdata2/sc/dataset/mainnet/0xe06fc1cbd78eb0799d5b0ca62d51b065886e08fc.sol,463,KA,selfdestruct(address(msg.sender));,0.7.6,SWC-106
/bdata2/sc/dataset/mainnet/0xb1a787a25f614f0c643a27877a0e8f7c363c255a.sol,564,KA,selfdestruct(address(0));,0.5.15,SWC-106
/bdata2/sc/dataset/mainnet/0xB1a379f31374e80EEbF701d6a96dF5B716E2C246.sol,329,KA,selfdestruct(address(msg.sender));,0.7.6,SWC-106
/bdata2/sc/dataset/mainnet/0x31818678bCa9c98c3FfB7c8D32524923B95f7c2c.sol,701,KA,selfdestruct(address(owner()));,0.6.12,SWC-106
/bdata2/sc/dataset/mainnet/0xfc8a3dfdde7c6d0408c6e4e0af1193a681a9c5fb.sol,260,KA,selfdestruct(owner);,v0.4.21,SWC-106
/bdata2/sc/dataset/mainnet/0x0769ab44969d29bbc79ae0f57af5477496419ceb.sol,1330,KA,selfdestruct(msg.sender);,v0.4.24,SWC-106
/bdata2/sc/dataset/mainnet/0x0769ab44969d29bbc79ae0f57af5477496419ceb.sol,1336,KA,selfdestruct(msg.sender);,v0.4.24,SWC-106
/bdata2/sc/dataset/mainnet/0x8be9b5456079737f3aa97fbe7b0d77a5ee74822f.sol,33,KA,selfdestruct(avatar);,0.7.0,SWC-106
/bdata2/sc/dataset/mainnet/0x31072fA5554814990f44c98BCe088ab934110Eb9.sol,1006,KA,selfdestruct(creator);,v0.4.24,SWC-106
/bdata2/sc/dataset/mainnet/0x7b8aa1c792784d51abf11530102b0c8a3b661aab.sol,97,KA,suicide(msg.sender);,v0.4.19,SWC-106
/bdata2/sc/dataset/mainnet/0x4eb6e5c7fbf7b6850912f893b85bb87109e86a1f.sol,726,KA,selfdestruct(address(msg.sender));,0.7.6,SWC-106
/bdata2/sc/dataset/mainnet/0x7d237902cc9aea19b1fa33f76f3c7fc5a12cd0af.sol,991,KA,selfdestruct(address(msg.sender));,0.7.6,SWC-106
/bdata2/sc/dataset/mainnet/0xeed4d7316a04ee59de3d301a384262ffbdbd589a.sol,414,KA,selfdestruct(address(msg.sender));,0.8.0,SWC-106
/bdata2/sc/dataset/mainnet/0xd1ceeeefa68a6af0a5f6046132d986066c7f9426.sol,172,KA,selfdestruct(owner);,v0.4.24,SWC-106
/bdata2/sc/dataset/mainnet/0x9ceb936c8146a58d2c18a62f363824547604ce5a.sol,91,KA,selfdestruct(owner);,v0.4.24,SWC-106
/bdata2/sc/dataset/mainnet/0xa9958ed59bafcfe2e156748222ca325b75388881.sol,165,KA,selfdestruct(owner);,v0.4.21,SWC-106
/bdata2/sc/dataset/mainnet/0x220b544e43900ce1be26a09d0ea97a47fb7df380.sol,409,KA,selfdestruct(owner());,v0.4.24,SWC-106
/bdata2/sc/dataset/mainnet/0x6a6a507549a51e4b5124f3e78e2adc5fb777db62.sol,90,KA,selfdestruct(owner);,v0.4.24,SWC-106
/bdata2/sc/dataset/mainnet/0x22a0a8ebe16cdec6edcc7e55f1787e7aee99fb85.sol,243,KA,selfdestruct(admin);,v0.4.25,SWC-106
/bdata2/sc/dataset/mainnet/0xa329263fFac25F86E03481Ec39307bbf5DbeDD83.sol,380,KA,selfdestruct(address(msg.sender));,0.7.6,SWC-106
/bdata2/sc/dataset/mainnet/0xaf531dc0b3b1151af48f3d638eeb6fe6acdfd59f.sol,44,KA,selfdestruct(rouletteOwner);,v0.4.24,SWC-106
/bdata2/sc/dataset/mainnet/0x58bf4d7869517fb67fdc4fac0897e7829d19f47e.sol,64,KA,selfdestruct(owner);,v0.4.21,SWC-106
/bdata2/sc/dataset/mainnet/0xc876b7545c2b6bfac4cd82db1ebd33f70d738277.sol,186,KA,selfdestruct(owner);,v0.4.15,SWC-106
/bdata2/sc/dataset/mainnet/0xd1ae80dd185ea4600206113e4c18ce86e6da7419.sol,437,KA,selfdestruct(address(dev));,0.8.6,SWC-106
/bdata2/sc/dataset/mainnet/0xf37aa5f945688488056f32112267570517bbc303.sol,428,KA,selfdestruct(msg.sender);,v0.4.24,SWC-106
/bdata2/sc/dataset/mainnet/0xa975bbf3ce255ad7081c2f8a6c9b97c49475e334.sol,340,KA,selfdestruct(beneficiary);,v0.4.18,SWC-106
/bdata2/sc/dataset/mainnet/0xb23fecec4202b868c228ac0a59cc12a9f93bd605.sol,284,KA,selfdestruct(owner);,v0.4.11,SWC-106
/bdata2/sc/dataset/mainnet/0xb23fecec4202b868c228ac0a59cc12a9f93bd605.sol,334,KA,selfdestruct(owner);,v0.4.11,SWC-106
/bdata2/sc/dataset/mainnet/0xb23fecec4202b868c228ac0a59cc12a9f93bd605.sol,514,KA,selfdestruct(owner);,v0.4.11,SWC-106
/bdata2/sc/dataset/mainnet/0x08758503e70b08d3da300ac0a1105fb01489728c.sol,304,KA,selfdestruct(owner);,v0.4.25,SWC-106
/bdata2/sc/dataset/mainnet/0x13586160e4F890D0631c3C08D989f5b7AFe202b0.sol,523,KA,selfdestruct(beneficiary);,0.4.25,SWC-106
/bdata2/sc/dataset/mainnet/0xe2d87b601e2e295fc23b7575cd5d58df2fe37d41.sol,437,KA,selfdestruct(address(dev));,0.8.6,SWC-106
/bdata2/sc/dataset/mainnet/0x0a24864596C54D79C825e64b281645249C14590C.sol,523,KA,selfdestruct(beneficiary);,0.4.25,SWC-106
/bdata2/sc/dataset/mainnet/0x71d44c05b94438fe09a4a7f4db75fb421dec1067.sol,355,KA,selfdestruct(address(msg.sender));,0.7.6,SWC-106
/bdata2/sc/dataset/mainnet/0x69c68eaf0a942097e3cf59999b9121e7f99cad44.sol,841,KA,selfdestruct(owner);,v0.4.24,SWC-106
/bdata2/sc/dataset/mainnet/0xd6ad91e5626e76b4d4f8a3b2019294b29df58167.sol,287,KA,selfdestruct(owner);,v0.4.23,SWC-106
/bdata2/sc/dataset/mainnet/0xa7f469590eefa4d30b4cc71f9016bee84f86057f.sol,228,KA,selfdestruct(address(owner));,0.6.12,SWC-106
/bdata2/sc/dataset/mainnet/0x5c8546a7b86ba30202c09a84f5a72644a2a4f7ba.sol,53,KA,selfdestruct(msg.sender);,v0.4.24,SWC-106
/bdata2/sc/dataset/mainnet/0x0bB3B818A83cFd8c1c86082a4ce191188EBD8f12.sol,889,KA,suicide(network);,v0.4.13,SWC-106
/bdata2/sc/dataset/mainnet/0x2566dc9a064f0877016534c1b862646bc3c9b46a.sol,397,KA,selfdestruct(address(this));,v0.5.2,SWC-106
/bdata2/sc/dataset/mainnet/0x8cb08d6379e79aa4b84a809bcf55ba5a00407e93.sol,73,KA,selfdestruct(owner);,v0.4.18,SWC-106
/bdata2/sc/dataset/mainnet/0x8cb08d6379e79aa4b84a809bcf55ba5a00407e93.sol,76,KA,selfdestruct(_recipient);,v0.4.18,SWC-106
/bdata2/sc/dataset/mainnet/0x5a95d990d7c3bd406781c3888c953c13971326ad.sol,128,KA,selfdestruct(owner);,v0.4.24,SWC-106
/bdata2/sc/dataset/mainnet/0x5a95d990d7c3bd406781c3888c953c13971326ad.sol,132,KA,selfdestruct(_recipient);,v0.4.24,SWC-106
/bdata2/sc/dataset/mainnet/0x472e536c60DFfa345513E80A1e09A8F95CDF79f3.sol,453,KA,selfdestruct(owner);,0.5.17,SWC-106
/bdata2/sc/dataset/mainnet/0x9a1f53a3d0ea54a60918a9c79c8d8b5d955d65ed.sol,33,KA,suicide(msg.sender);,v0.4.14,SWC-106
/bdata2/sc/dataset/mainnet/0x1d9489f8c87ec8f3a20e7aca4bb2f489a3b25282.sol,281,KA,selfdestruct(msg.sender);,0.4.24,SWC-106
/bdata2/sc/dataset/mainnet/0xd69a8934a8a6231b7233a1fbca6e90d70d7bce91.sol,361,KA,selfdestruct(address(owner));,0.6.12,SWC-106
/bdata2/sc/dataset/mainnet/0x34afa7ff9a8eb4d8e61145ca81e2d0dab7b03662.sol,9,KA,selfdestruct(address(this));,v0.4.18,SWC-106
/bdata2/sc/dataset/mainnet/0x0304ca88ec05853c4fd1adf44c6f354fad927a83.sol,424,KA,selfdestruct(controller);,v0.4.18,SWC-106
/bdata2/sc/dataset/mainnet/0x024cb480c6bf81eea0067c2682a706e5da5c6024.sol,39,KA,suicide(msg.sender);,v0.4.16,SWC-106
/bdata2/sc/dataset/mainnet/0x7909d3c14e5fb93a508582d04d11093585ebc084.sol,204,KA,selfdestruct(owner);,v0.4.24,SWC-106
/bdata2/sc/dataset/mainnet/0x30410fab6d367e11839c00ad93eb357e3066ada8.sol,328,KA,selfdestruct(address(state.owner));,0.8.7,SWC-106
/bdata2/sc/dataset/mainnet/0x3750213586fb53d5ebbe67f05e0d8b4d700a26bc.sol,91,KA,selfdestruct(owner);,v0.4.21,SWC-106
/bdata2/sc/dataset/mainnet/0xB71Cd8f21D5C21edcd113CA2807189ddcAf9DD44.sol,129,KA,selfdestruct(feeAddress);,v0.4.16,SWC-106
/bdata2/sc/dataset/mainnet/0xca3d09be2b8daa0579d8872c647d8cf693da7fda.sol,344,KA,selfdestruct(_to);,v0.4.24,SWC-106
/bdata2/sc/dataset/mainnet/0xf0eeb04b00a9c5bc026d22433c1d94315b7219db.sol,21,KA,selfdestruct(owner);,v0.4.21,SWC-106
/bdata2/sc/dataset/mainnet/0x2a37f3c4ce5ee6b1dbcdb593b21eee1c418ad403.sol,424,KA,selfdestruct(controller);,v0.4.18,SWC-106
/bdata2/sc/dataset/mainnet/0x133688c77a47163377f77c183102f6fe316a00e1.sol,309,KA,selfdestruct(msg.sender);,0.5.9,SWC-106
/bdata2/sc/dataset/mainnet/0x158a96da5dcd1ade84ac11ac952683c0ee3516ab.sol,436,KA,selfdestruct(trivial);,v0.4.11,SWC-106
/bdata2/sc/dataset/mainnet/0xd48E165b0027E8055B3B7016A35078b23527a95d.sol,327,KA,selfdestruct(owner);,v0.4.16,SWC-106
/bdata2/sc/dataset/mainnet/0x4Ba70c8c32Cfac4967B7a6561758d2F4a6Ac3D3F.sol,20,KA,selfdestruct(msg.sender);,0.7.6,SWC-106
/bdata2/sc/dataset/mainnet/0xb24e9e3dc822daa8ace9af9c9b2ff8ab8348bc93.sol,337,KA,suicide(_to);,v0.4.13,SWC-106
/bdata2/sc/dataset/mainnet/0x15E22A8160F0bDb619C6846C982F8D208A5670D2.sol,362,KA,selfdestruct(address(msg.sender));,0.7.6,SWC-106
/bdata2/sc/dataset/mainnet/0x5B647BE2C566C5b1B045070CE07fF96e67a9e5cc.sol,1959,KA,selfdestruct(to);,0.5.12,SWC-106
/bdata2/sc/dataset/mainnet/0x197803b104641fbf6e206a425d9dc35dadc4f62f.sol,44,KA,selfdestruct(rouletteOwner);,v0.4.24,SWC-106
/bdata2/sc/dataset/mainnet/0x23279920c2e84c337058c3aebc49e907481cc61f.sol,257,KA,selfdestruct(owner);,v0.4.16,SWC-106
/bdata2/sc/dataset/mainnet/0x23279920c2e84c337058c3aebc49e907481cc61f.sol,417,KA,selfdestruct(owner);,v0.4.16,SWC-106
/bdata2/sc/dataset/mainnet/0x4817c1756deedc8a6bf1c5cde402c6d0eb69d26b.sol,246,KA,selfdestruct(owner);,v0.4.25,SWC-106
/bdata2/sc/dataset/mainnet/0x347e451298778e02d2b0f0985c07aff677ff7b05.sol,91,KA,selfdestruct(owner);,v0.4.24,SWC-106
/bdata2/sc/dataset/mainnet/0x37dED4C7d503db85F2E1Bc62FA3e2bff4caB284A.sol,1648,KA,selfdestruct(address(owner()));,0.8.7,SWC-106
/bdata2/sc/dataset/mainnet/0x4c36158d4f46469b0a2fd852340e3115443e7e09.sol,56,KA,selfdestruct(addr);,0.8.3,SWC-106
/bdata2/sc/dataset/mainnet/0x105d97ef2e723f1cfb24519bc6ff15a6d091a3f1.sol,481,KA,selfdestruct(msg.sender);,v0.4.18,SWC-106
/bdata2/sc/dataset/mainnet/0x841e177e2523cb1385723d99cc1920fb28b12eb5.sol,153,KA,selfdestruct(address(_params[0]));,v0.4.21,SWC-106
/bdata2/sc/dataset/mainnet/0x80283ce9f88585ed571d72aa105b8aa56da96821.sol,841,KA,selfdestruct(owner);,v0.4.24,SWC-106
/bdata2/sc/dataset/mainnet/0xae3a92186a5d23e1c74c1c149786c58cf11ca564.sol,258,KA,selfdestruct(owner);,v0.4.20,SWC-106
/bdata2/sc/dataset/mainnet/0x4d49fb2cc0df856b936cca1816a9e6dd0adfa232.sol,434,KA,selfdestruct(address(msg.sender));,0.7.6,SWC-106
/bdata2/sc/dataset/mainnet/0x27d77c80A88665342C98Ea31B687A5fc8ca9a445.sol,469,KA,selfdestruct(address(msg.sender));,0.7.6,SWC-106
/bdata2/sc/dataset/mainnet/0x968d4f63631c73df0461513924298b102b4709e8.sol,685,KA,selfdestruct(address(msg.sender));,0.7.6,SWC-106
/bdata2/sc/dataset/mainnet/0x939c0304e9033761e4b510a93386ba3bebc983ba.sol,39,KA,suicide(msg.sender);,v0.4.15,SWC-106
/bdata2/sc/dataset/mainnet/0x26fe405b92f3d2e4f07a8fa87f74474bb097504b.sol,362,KA,selfdestruct(address(owner));,0.6.12,SWC-106
/bdata2/sc/dataset/mainnet/0x000000000dc4b3941fd69074b4140fec156477d6.sol,255,KA,selfdestruct(address(OWNER_ADDRESS));,0.8.7,SWC-106
/bdata2/sc/dataset/mainnet/0xaaF8F4ABC7AC6519c9fb06DA0c08c4aa62F36f4D.sol,617,KA,selfdestruct(address(_owner_));,0.8.7,SWC-106
/bdata2/sc/dataset/mainnet/0x2d3b62a8b756103e417d161c20e97e76ed5ef0c2.sol,193,KA,selfdestruct(owner);,v0.4.16,SWC-106
/bdata2/sc/dataset/mainnet/0x5a2e638de65323c55f1245f920b84db4603002ee.sol,991,KA,selfdestruct(address(msg.sender));,0.7.6,SWC-106
/bdata2/sc/dataset/mainnet/0x0821f459bfbe966bb93ad220ece6e1bdfcadeab3.sol,187,KA,selfdestruct(owner);,v0.4.16,SWC-106
/bdata2/sc/dataset/mainnet/0x0aaf8865a6cbf417e7ad51fe71fe60f1a0c192f8.sol,2315,KA,suicide(owner);,v0.4.15,SWC-106
/bdata2/sc/dataset/mainnet/0x24b68cf0c67a54d6f67c469d2b9455f6953c3199.sol,104,KA,selfdestruct(owner);,v0.4.25,SWC-106
/bdata2/sc/dataset/mainnet/0x64a23f4e8b9262e3f2f012edd21c1b44a8d3d5be.sol,102,KA,selfdestruct(ownerPayable);,0.7.5,SWC-106
/bdata2/sc/dataset/mainnet/0xff7a1d565ff66406639bd45482e0a7d0a82845df.sol,366,KA,suicide(_to);,v0.4.21,SWC-106
/bdata2/sc/dataset/mainnet/0xcf174affbb7be200afa37dfc4cd067ae3cb91054.sol,353,KA,selfdestruct(address(msg.sender));,0.7.6,SWC-106
/bdata2/sc/dataset/mainnet/0x92610183c05372672bc86c3d9a7c94e2a6d00453.sol,527,KA,selfdestruct(msg.sender);,v0.4.21,SWC-106
/bdata2/sc/dataset/mainnet/0x57db9d1890eb580a5ba18926a7c76f7abaa1831d.sol,103,KA,selfdestruct(ownerAddress);,v0.4.19,SWC-106
/bdata2/sc/dataset/mainnet/0x29eC21157f19F7822432e87ef504D366c24E1D8B.sol,492,KA,selfdestruct(FundAddress);,v0.4.21,SWC-106
/bdata2/sc/dataset/mainnet/0x5f78a0bb08c7679729ba1816ba1a050e3907b348.sol,503,KA,selfdestruct(msg.sender);,v0.4.19,SWC-106
/bdata2/sc/dataset/mainnet/0x74b2c233a2b148f21d370bc05598f57debfc3bc6.sol,847,KA,selfdestruct(address(msg.sender));,0.8.8,SWC-106
/bdata2/sc/dataset/mainnet/0xd4ace0ab7cc226955767a7a9f5c133642a247aa8.sol,201,KA,selfdestruct(FAVOREE);,v0.4.25,SWC-106
/bdata2/sc/dataset/mainnet/0x5936d34a49aaa7bbaeffba2cf7f7c191bd96477d.sol,2315,KA,suicide(owner);,v0.4.13,SWC-106
/bdata2/sc/dataset/mainnet/0x5bd5b4e1a2c9b12812795e7217201b78c8c10b78.sol,103,KA,selfdestruct(owner);,v0.5.2,SWC-106
/bdata2/sc/dataset/mainnet/0x97ea173b19aa2d1bb34cdc12be39388e6f65bdc7.sol,353,KA,selfdestruct(address(msg.sender));,0.7.6,SWC-106
/bdata2/sc/dataset/mainnet/0xB1977127Ad3B1bEB4343aF09B1dd9C6d8EE100ea.sol,913,KA,selfdestruct(sender);,0.7.6,SWC-106
/bdata2/sc/dataset/mainnet/0x9048A059c4beF8775ecF6E24197Fd987B387edc1.sol,444,KA,selfdestruct(addr);,v0.4.18,SWC-106
/bdata2/sc/dataset/mainnet/0xbd0df049391e2419c8146f222907967b46e8b034.sol,413,KA,selfdestruct(owner);,v0.4.21,SWC-106
/bdata2/sc/dataset/mainnet/0xd3D70313d1E2ab6ae47674C88390Fd9865806201.sol,380,KA,selfdestruct(address(msg.sender));,0.7.6,SWC-106
/bdata2/sc/dataset/mainnet/0x40fe225c13e8af516a09afa6f3755722188ddab7.sol,301,KA,selfdestruct(owner);,v0.4.21,SWC-106
/bdata2/sc/dataset/mainnet/0x7199C3fBc0832e8798d2514eEAa88f0CE597698D.sol,170,KA,selfdestruct(_to);,v0.4.11,SWC-106
/bdata2/sc/dataset/mainnet/0x85cef9f957c644e91c081eef2e5da318458778b1.sol,387,KA,selfdestruct(owner);,v0.4.21,SWC-106
/bdata2/sc/dataset/mainnet/0x7682fbf6e6bdc8d53a76604b169765037ed6d757.sol,48,KA,selfdestruct(targetUser);,v0.4.14,SWC-106
/bdata2/sc/dataset/mainnet/0x7682fbf6e6bdc8d53a76604b169765037ed6d757.sol,108,KA,selfdestruct(targetUser);,v0.4.14,SWC-106
/bdata2/sc/dataset/mainnet/0x7602ecd2f8ec584c23fc882f1ab572df828445a9.sol,169,KA,selfdestruct(_owner_of_contract_resolver);,v0.4.19,SWC-106
/bdata2/sc/dataset/mainnet/0xE4dd587070929B192e14C73B820038F7e296c35C.sol,433,KA,selfdestruct(address(dev));,0.8.6,SWC-106
/bdata2/sc/dataset/mainnet/0x58f08db7ce5b8dccbc675d75f86b997fae88a296.sol,476,KA,selfdestruct(owner);,v0.4.21,SWC-106
/bdata2/sc/dataset/mainnet/0xdbf2da30cdb8b03d46752d320ed1415a56b83abb.sol,70,KA,suicide(msg.sender);,v0.4.19,SWC-106
/bdata2/sc/dataset/mainnet/0x58357ff93c32be8d2d03c1a27b686387e38d5c7d.sol,874,KA,selfdestruct(address(msg.sender));,0.8.9,SWC-106
/bdata2/sc/dataset/mainnet/0xa83f82b3628a9f0d4c9dcd228796a64dac998589.sol,115,KA,selfdestruct(owner);,v0.4.24,SWC-106
